account_id,customer_id,account_type,open_date,status,balance
1,2820,Savings,2025-01-28,Active,111563.53
2,679,Investment,2023-02-28,Closed,137449.33
3,4379,Checking,2025-04-23,Active,50058.9
4,2373,Credit Card,2023-06-23,Active,66868.71
5,969,Credit Card,2024-06-13,Active,29773.85
6,856,Investment,2021-06-14,Closed,64472.28
7,3447,Investment,2024-12-28,Active,9232.79
8,1449,Investment,2024-09-11,Closed,10501.02
9,218,Savings,2025-05-25,Active,123294.35
10,2631,Checking,2023-09-04,Closed,99496.04
11,491,Savings,2021-11-16,Active,10852.5
12,933,Investment,2023-03-12,Closed,4094.04
13,3915,Investment,2024-07-19,Active,50627.3
14,1110,Savings,2021-11-06,Closed,18904.08
15,2915,Savings,2024-04-14,Active,130416.2
16,3102,Credit Card,2025-08-04,Active,62405.72
17,4080,Checking,2021-06-21,Active,126947.56
18,4967,Savings,2022-10-01,Active,6486.34
19,2006,Credit Card,2023-07-18,Active,85684.74
20,4407,Savings,2024-03-02,Active,105604.33
21,600,Savings,2022-03-01,Active,65884.39
22,4911,Investment,2024-09-11,Closed,92084.57
23,1039,Credit Card,2023-09-08,Active,73887.87
24,4537,Investment,2022-02-18,Closed,51703.53
25,587,Savings,2022-11-30,Active,6666.0
26,806,Credit Card,2025-05-15,Active,122271.5
27,2893,Investment,2021-12-02,Closed,44279.15
28,3532,Savings,2023-07-01,Active,10010.24
29,1184,Savings,2023-09-27,Active,47730.44
30,2830,Savings,2022-03-28,Closed,142552.25
31,2994,Investment,2024-10-09,Active,139587.67
32,3162,Investment,2024-06-10,Closed,39396.57
33,3616,Credit Card,2023-11-14,Closed,24381.54
34,2283,Credit Card,2025-07-26,Active,124653.92
35,178,Investment,2022-09-21,Active,47577.76
36,3386,Savings,2024-03-30,Closed,49385.16
37,4374,Checking,2022-11-15,Active,122854.3
38,445,Investment,2025-11-10,Active,112728.73
39,3424,Investment,2024-12-27,Active,89792.92
40,1896,Credit Card,2025-02-23,Active,92276.4
41,4787,Savings,2025-05-12,Active,102879.82
42,2207,Savings,2025-11-10,Active,20083.07
43,904,Investment,2022-09-09,Active,135204.63
44,1525,Savings,2021-10-29,Active,134000.45
45,3781,Checking,2024-02-01,Active,136650.82
46,4037,Investment,2025-01-20,Active,56350.26
47,4258,Checking,2022-08-20,Closed,4121.99
48,1886,Savings,2024-08-23,Active,44244.44
49,4551,Savings,2024-10-25,Active,29363.65
50,1279,Checking,2024-11-21,Active,47840.09
51,3234,Investment,2023-09-27,Closed,2256.73
52,1615,Savings,2023-04-14,Active,127381.0
53,4262,Savings,2023-05-24,Active,17367.15
54,1134,Savings,2025-06-14,Active,123345.06
55,402,Credit Card,2025-01-14,Active,19411.78
56,2074,Savings,2025-05-03,Active,148931.26
57,1741,Investment,2023-05-17,Closed,3929.67
58,4174,Investment,2021-12-07,Closed,108705.36
59,703,Savings,2024-11-29,Closed,1804.7
60,2749,Credit Card,2024-08-03,Active,133652.55
61,4911,Checking,2021-09-30,Active,137625.42
62,2294,Checking,2024-03-09,Active,130129.5
63,1193,Credit Card,2022-06-20,Active,136260.47
64,1763,Checking,2023-02-06,Active,12078.07
65,2719,Investment,2022-08-21,Active,71541.42
66,4347,Checking,2025-01-05,Active,32902.2
67,4292,Checking,2025-02-11,Active,38664.49
68,559,Credit Card,2021-05-06,Active,41154.92
69,524,Investment,2022-12-15,Closed,134096.91
70,2785,Savings,2021-06-05,Active,29044.36
71,845,Savings,2022-07-17,Closed,46889.0
72,2620,Checking,2022-12-23,Active,6788.39
73,99,Investment,2021-07-31,Active,57524.26
74,3665,Investment,2021-08-14,Closed,82562.77
75,296,Checking,2021-07-06,Active,133342.3
76,842,Savings,2023-04-10,Closed,105408.15
77,3572,Checking,2021-07-11,Active,77635.56
78,3189,Investment,2023-05-19,Active,13235.52
79,4680,Investment,2023-08-21,Closed,53759.05
80,4271,Savings,2022-02-18,Active,62366.57
81,3904,Checking,2025-11-17,Active,129793.21
82,2727,Savings,2024-01-04,Active,28843.9
83,2921,Checking,2024-08-11,Active,63586.31
84,3603,Savings,2024-12-16,Active,37413.6
85,1962,Savings,2022-05-22,Active,24303.74
86,3279,Savings,2024-09-12,Active,70484.62
87,3949,Checking,2022-11-18,Active,102357.26
88,4419,Credit Card,2025-07-26,Closed,64449.67
89,3973,Savings,2024-05-23,Active,122310.69
90,1659,Savings,2021-01-14,Active,31074.03
91,3785,Investment,2022-01-02,Closed,64784.63
92,4589,Savings,2025-07-20,Active,47840.04
93,3040,Checking,2025-07-19,Active,48330.31
94,4243,Credit Card,2023-01-30,Closed,16421.05
95,1955,Investment,2021-01-10,Active,141235.84
96,63,Investment,2024-01-02,Active,132957.16
97,66,Investment,2024-08-01,Active,83557.7
98,1368,Investment,2023-09-18,Closed,68654.14
99,950,Credit Card,2021-09-05,Active,48196.39
100,3939,Investment,2024-08-29,Active,663.96
101,4937,Checking,2021-05-06,Closed,136156.3
102,1200,Checking,2021-05-30,Active,107591.03
103,2283,Savings,2021-10-16,Active,101432.78
104,4005,Checking,2022-03-20,Active,110959.48
105,3961,Investment,2025-10-05,Closed,14543.38
106,3500,Investment,2021-09-04,Active,56741.63
107,4997,Credit Card,2023-06-09,Closed,60694.06
108,3730,Credit Card,2023-04-13,Active,91284.72
109,3094,Savings,2023-12-10,Active,43492.02
110,2180,Checking,2021-02-02,Active,23274.7
111,2307,Investment,2021-10-11,Active,29843.36
112,3760,Savings,2024-07-02,Active,19514.03
113,723,Checking,2024-04-01,Active,36959.65
114,109,Checking,2023-07-29,Active,104145.28
115,3918,Savings,2024-10-07,Closed,7985.29
116,935,Investment,2022-11-17,Active,12851.1
117,2694,Checking,2021-03-18,Active,10851.8
118,1241,Checking,2023-05-09,Active,75835.94
119,1103,Credit Card,2023-04-02,Active,100578.98
120,3840,Investment,2022-11-20,Active,33488.23
121,2368,Savings,2023-11-06,Active,74053.49
122,732,Savings,2024-05-14,Active,42911.36
123,3301,Checking,2023-08-25,Active,57968.38
124,4140,Investment,2023-04-27,Active,101977.41
125,1967,Savings,2025-07-22,Active,131551.16
126,751,Savings,2023-10-11,Closed,63780.75
127,1199,Savings,2025-05-14,Active,59230.39
128,2729,Savings,2022-06-25,Closed,100636.68
129,2377,Checking,2021-01-06,Active,103536.31
130,1158,Investment,2021-02-12,Active,13410.92
131,3089,Checking,2025-06-06,Active,13359.46
132,198,Credit Card,2024-02-20,Active,31666.49
133,1174,Checking,2023-10-12,Closed,143176.59
134,1663,Checking,2025-02-03,Active,148258.62
135,2624,Savings,2023-05-12,Closed,89941.77
136,1645,Checking,2025-07-21,Active,136107.64
137,466,Checking,2025-01-19,Active,79185.34
138,4876,Savings,2024-04-20,Active,83180.13
139,4269,Checking,2021-08-22,Active,128114.38
140,4356,Savings,2021-04-02,Active,50720.39
141,2283,Credit Card,2021-05-13,Active,93936.5
142,415,Savings,2024-06-27,Active,138557.63
143,1808,Investment,2024-07-21,Closed,63992.28
144,1987,Investment,2025-04-27,Closed,25973.86
145,203,Checking,2023-11-15,Active,147764.27
146,3516,Checking,2023-12-01,Active,128030.9
147,4687,Investment,2022-09-13,Active,115480.98
148,31,Credit Card,2025-11-21,Active,11510.7
149,724,Credit Card,2021-03-16,Active,101314.31
150,2004,Investment,2021-01-18,Closed,139515.35
151,4954,Credit Card,2023-07-07,Active,14652.34
152,4789,Credit Card,2021-09-13,Active,100256.26
153,4968,Investment,2022-04-22,Closed,110150.26
154,2917,Checking,2024-08-19,Active,61127.64
155,3980,Investment,2023-05-25,Active,76608.52
156,3922,Savings,2023-03-27,Active,61670.47
157,1935,Credit Card,2023-06-05,Active,13623.35
158,3249,Savings,2025-12-06,Closed,138685.6
159,1409,Savings,2024-04-27,Active,64054.58
160,3564,Checking,2023-06-29,Active,67408.17
161,3253,Investment,2021-06-25,Active,25766.71
162,4509,Checking,2024-08-05,Closed,44069.37
163,4782,Credit Card,2022-05-11,Active,20769.07
164,2797,Investment,2024-06-28,Closed,69995.55
165,3554,Investment,2022-10-23,Closed,44809.68
166,4498,Savings,2025-09-14,Active,143959.0
167,4360,Credit Card,2021-02-20,Active,138679.51
168,2384,Investment,2021-09-13,Active,133845.27
169,3175,Investment,2022-11-07,Active,85962.75
170,1140,Credit Card,2024-04-23,Closed,52962.37
171,761,Investment,2023-12-31,Active,97418.93
172,2527,Investment,2023-12-13,Active,8884.33
173,2958,Checking,2025-05-04,Active,107900.7
174,1505,Credit Card,2022-06-21,Active,78666.52
175,3664,Investment,2024-02-24,Active,96098.07
176,408,Savings,2024-07-06,Active,116204.24
177,4831,Checking,2022-02-06,Active,15700.47
178,1229,Checking,2022-11-28,Active,96740.03
179,3207,Checking,2025-09-08,Closed,41647.94
180,4683,Checking,2025-03-25,Closed,99404.36
181,4922,Savings,2022-12-07,Active,24726.62
182,1549,Savings,2023-04-16,Active,95281.19
183,129,Savings,2023-02-27,Active,2539.19
184,4084,Savings,2024-08-01,Active,141092.81
185,2144,Savings,2025-05-28,Closed,97855.64
186,3470,Credit Card,2021-10-12,Closed,54840.27
187,3847,Credit Card,2025-06-12,Active,104744.28
188,2676,Checking,2023-10-11,Active,46108.79
189,4896,Investment,2023-01-23,Closed,38728.97
190,3117,Investment,2024-01-17,Active,54602.11
191,2490,Credit Card,2022-06-03,Active,38530.7
192,538,Investment,2022-07-29,Closed,134500.36
193,4395,Investment,2024-09-19,Active,139158.03
194,4212,Credit Card,2022-02-11,Active,118089.06
195,4601,Savings,2025-02-27,Active,98409.66
196,3515,Savings,2024-07-14,Closed,124902.69
197,1769,Investment,2023-06-09,Active,77878.99
198,1969,Checking,2021-11-12,Closed,71177.96
199,4297,Checking,2023-08-23,Active,36933.63
200,3347,Savings,2025-04-29,Active,45464.52
201,3528,Credit Card,2024-05-07,Active,53726.64
202,2504,Checking,2022-10-16,Active,149181.65
203,262,Savings,2024-05-05,Active,60433.51
204,1354,Checking,2025-02-09,Active,68953.9
205,2297,Savings,2021-12-19,Active,104692.98
206,3661,Investment,2022-04-11,Active,126758.18
207,4836,Credit Card,2022-10-07,Active,100209.67
208,40,Checking,2022-05-10,Active,63545.66
209,2745,Credit Card,2024-02-20,Active,53474.93
210,1087,Checking,2024-11-12,Active,148872.35
211,190,Savings,2024-09-09,Active,47091.96
212,2814,Checking,2022-04-10,Active,136373.93
213,4888,Savings,2022-06-27,Active,112714.22
214,2709,Checking,2022-01-21,Active,17195.46
215,1958,Credit Card,2024-09-07,Active,41578.3
216,1367,Credit Card,2023-04-02,Active,132795.43
217,2165,Investment,2021-11-02,Closed,135963.55
218,2818,Checking,2021-08-16,Active,74638.57
219,4330,Credit Card,2022-01-30,Active,44237.06
220,658,Investment,2022-06-16,Active,119828.86
221,663,Savings,2024-04-12,Active,14518.16
222,3905,Credit Card,2024-09-25,Active,124405.2
223,2562,Savings,2025-03-28,Closed,104931.38
224,3424,Investment,2021-10-05,Active,81800.53
225,882,Investment,2023-05-02,Active,37493.88
226,2050,Checking,2023-03-01,Active,126955.48
227,2601,Investment,2025-08-28,Active,144516.74
228,1367,Investment,2025-04-08,Active,132504.04
229,1424,Investment,2025-03-23,Active,77297.47
230,4307,Investment,2021-08-31,Closed,24387.67
231,4827,Checking,2024-06-26,Closed,85867.48
232,687,Investment,2024-05-20,Active,3516.55
233,1925,Credit Card,2024-06-20,Active,65656.08
234,4048,Credit Card,2021-05-02,Active,5356.67
235,2703,Savings,2025-01-16,Active,137199.74
236,3431,Savings,2023-06-22,Active,142172.6
237,1764,Savings,2022-07-29,Active,46632.18
238,2820,Checking,2025-10-08,Active,97706.83
239,469,Credit Card,2021-10-25,Active,60410.31
240,3001,Savings,2021-04-05,Active,117922.28
241,1946,Savings,2021-08-08,Active,20310.94
242,2964,Credit Card,2025-04-21,Closed,57100.21
243,1514,Checking,2024-05-26,Active,107891.16
244,2399,Checking,2024-04-24,Active,94492.26
245,1590,Savings,2021-06-24,Active,37685.37
246,3052,Checking,2022-04-06,Active,103008.56
247,1285,Investment,2024-09-22,Closed,18246.0
248,879,Checking,2022-10-19,Closed,22488.07
249,4789,Investment,2021-08-23,Active,58779.11
250,2784,Checking,2025-07-15,Closed,32437.61
251,1325,Checking,2023-11-09,Closed,21617.56
252,684,Checking,2025-03-03,Closed,34673.91
253,1275,Checking,2021-11-17,Active,59862.0
254,619,Credit Card,2025-05-31,Closed,33065.76
255,3773,Investment,2023-06-11,Active,116044.97
256,2941,Investment,2021-10-08,Closed,646.33
257,2393,Checking,2022-12-11,Active,129576.62
258,463,Credit Card,2022-06-05,Active,8142.21
259,1455,Savings,2021-01-13,Closed,111488.99
260,4266,Investment,2022-05-15,Active,133114.63
261,2537,Credit Card,2024-07-30,Active,25930.1
262,2591,Investment,2023-10-28,Closed,114304.25
263,387,Checking,2022-05-02,Active,1772.07
264,1686,Investment,2022-07-14,Closed,102073.29
265,2438,Checking,2024-07-04,Active,36393.99
266,3474,Checking,2024-01-15,Active,11789.79
267,1996,Savings,2025-08-28,Closed,26292.21
268,398,Credit Card,2025-11-20,Active,36930.81
269,2301,Checking,2023-02-08,Active,82051.06
270,1309,Checking,2021-11-01,Active,35635.7
271,4481,Credit Card,2021-12-13,Active,26484.99
272,4508,Savings,2025-02-24,Active,132281.83
273,3169,Checking,2023-12-08,Closed,33728.41
274,75,Checking,2022-05-02,Closed,148558.39
275,3117,Checking,2024-05-14,Closed,112488.38
276,4854,Credit Card,2024-12-17,Closed,64547.4
277,1509,Checking,2021-04-05,Active,53361.43
278,662,Checking,2022-06-11,Active,144995.28
279,73,Checking,2023-07-25,Closed,36595.91
280,4593,Checking,2023-01-18,Active,16077.83
281,1776,Checking,2023-07-29,Active,12598.58
282,903,Checking,2025-05-19,Active,119882.86
283,2490,Credit Card,2023-01-11,Active,63337.2
284,3872,Investment,2021-10-18,Active,51095.51
285,942,Savings,2024-05-13,Closed,64454.02
286,642,Investment,2022-04-29,Closed,110287.05
287,953,Investment,2024-11-10,Active,127045.37
288,1971,Credit Card,2024-04-12,Closed,16429.49
289,3291,Investment,2025-04-16,Closed,81813.47
290,207,Credit Card,2023-02-02,Closed,31517.25
291,807,Investment,2022-02-05,Active,123563.06
292,382,Savings,2021-12-06,Active,103264.89
293,2365,Investment,2024-09-28,Active,45637.92
294,3203,Savings,2023-02-20,Closed,63927.31
295,1790,Credit Card,2021-01-02,Active,11206.95
296,3745,Checking,2023-05-03,Active,26530.31
297,838,Savings,2023-02-07,Active,76948.12
298,924,Investment,2024-05-15,Closed,31477.74
299,3406,Investment,2022-06-21,Active,126336.98
300,3181,Investment,2022-10-04,Closed,89176.71
301,3958,Savings,2021-02-14,Closed,82905.37
302,1896,Checking,2021-01-07,Active,81421.91
303,3985,Savings,2024-10-30,Closed,109476.01
304,646,Credit Card,2025-04-17,Active,112149.59
305,1188,Checking,2025-05-16,Active,72641.86
306,473,Credit Card,2023-02-25,Active,42383.85
307,358,Checking,2022-06-26,Closed,111552.61
308,1190,Checking,2024-03-31,Active,81710.81
309,1396,Savings,2021-09-20,Active,72232.23
310,4249,Checking,2022-01-30,Active,80702.8
311,3657,Investment,2024-11-27,Active,127273.36
312,3936,Investment,2022-11-17,Active,124978.3
313,3909,Investment,2022-08-07,Active,47700.71
314,1105,Investment,2021-08-07,Active,17001.64
315,4476,Investment,2025-10-15,Active,148182.79
316,2916,Checking,2023-11-25,Active,149237.68
317,78,Checking,2023-06-06,Closed,32083.27
318,2568,Savings,2023-04-13,Active,148976.44
319,1640,Checking,2025-08-25,Active,89658.46
320,3003,Credit Card,2025-09-02,Closed,122787.43
321,3395,Investment,2021-07-31,Active,91515.96
322,1786,Checking,2023-09-27,Active,86306.83
323,1731,Checking,2023-12-13,Closed,79794.99
324,1366,Checking,2024-11-29,Active,114659.67
325,107,Checking,2023-10-21,Closed,148670.67
326,2852,Savings,2022-01-22,Active,58658.11
327,1594,Checking,2023-05-14,Active,11993.82
328,4317,Credit Card,2022-11-06,Active,113269.79
329,372,Checking,2022-09-28,Active,71695.13
330,1339,Credit Card,2024-05-16,Active,56049.94
331,2728,Savings,2023-10-29,Active,104379.27
332,1921,Checking,2024-10-24,Active,72533.45
333,2282,Savings,2025-02-09,Active,22252.24
334,2640,Credit Card,2025-05-11,Active,65972.83
335,2231,Savings,2021-05-23,Active,83868.89
336,547,Credit Card,2024-07-12,Closed,130213.12
337,1471,Savings,2021-08-06,Active,61169.5
338,306,Investment,2021-09-06,Active,85931.52
339,2140,Credit Card,2023-01-04,Active,123809.78
340,4546,Credit Card,2022-05-31,Active,14525.5
341,3192,Checking,2022-03-22,Active,1797.21
342,3853,Investment,2024-05-09,Active,116387.93
343,378,Investment,2024-08-25,Active,54673.19
344,4746,Investment,2024-01-08,Active,94630.84
345,264,Savings,2024-02-26,Active,69404.89
346,1542,Checking,2022-11-05,Closed,60368.78
347,528,Savings,2021-05-17,Active,144467.17
348,3855,Investment,2022-01-29,Closed,4803.04
349,1115,Investment,2021-09-05,Active,106138.56
350,92,Savings,2024-12-17,Active,20324.32
351,1407,Savings,2024-08-16,Active,14561.61
352,4303,Savings,2025-06-10,Active,62063.31
353,2013,Savings,2022-01-14,Closed,47244.35
354,119,Checking,2021-07-12,Active,43883.3
355,1378,Credit Card,2022-08-31,Active,100575.61
356,253,Credit Card,2021-11-19,Active,121372.22
357,3014,Credit Card,2021-01-15,Closed,61997.23
358,745,Investment,2021-08-30,Active,146991.27
359,3413,Checking,2022-07-16,Active,15906.0
360,4055,Savings,2022-12-21,Active,134639.6
361,3830,Credit Card,2021-03-21,Active,124707.29
362,1100,Credit Card,2022-09-07,Active,102814.39
363,458,Savings,2023-11-08,Closed,129081.65
364,579,Savings,2021-02-25,Active,57807.96
365,2189,Savings,2022-01-07,Active,95308.91
366,1430,Investment,2022-05-11,Closed,106813.19
367,3546,Investment,2024-04-09,Active,116417.48
368,4669,Savings,2022-12-12,Active,80820.29
369,765,Credit Card,2024-03-10,Active,125297.27
370,4439,Savings,2025-05-22,Active,125448.31
371,1889,Credit Card,2025-05-24,Active,42426.18
372,1219,Checking,2022-08-26,Closed,63983.66
373,1456,Savings,2023-11-16,Active,61811.67
374,1652,Credit Card,2025-07-09,Active,142864.66
375,2109,Investment,2022-03-04,Active,15827.88
376,4316,Investment,2023-02-20,Active,109882.38
377,4160,Credit Card,2023-06-10,Active,26771.32
378,2041,Savings,2025-01-29,Closed,141594.6
379,1095,Credit Card,2024-02-10,Active,3613.12
380,2204,Credit Card,2022-02-23,Active,86853.85
381,2846,Credit Card,2021-12-01,Active,131931.12
382,3929,Checking,2025-09-24,Active,85613.07
383,4957,Investment,2025-11-25,Active,49350.49
384,2644,Checking,2024-05-15,Closed,61026.21
385,368,Investment,2022-06-14,Active,120483.88
386,4285,Checking,2022-02-17,Active,114422.31
387,4823,Credit Card,2022-11-28,Active,82796.57
388,3731,Credit Card,2022-03-11,Active,111066.0
389,3293,Investment,2024-09-27,Closed,64740.07
390,4826,Credit Card,2024-01-09,Closed,2951.97
391,873,Checking,2023-07-27,Closed,87844.19
392,697,Credit Card,2025-09-30,Closed,136273.66
393,662,Savings,2021-02-23,Active,119519.6
394,3671,Credit Card,2021-07-30,Closed,72324.95
395,2937,Investment,2023-05-08,Active,507.7
396,2775,Investment,2021-06-06,Active,103090.63
397,3149,Credit Card,2023-10-04,Active,84664.78
398,1481,Credit Card,2022-02-23,Active,145463.68
399,3015,Investment,2024-06-04,Active,3287.66
400,2280,Checking,2022-10-26,Active,117340.21
401,3347,Savings,2025-10-21,Closed,51801.77
402,374,Credit Card,2021-10-05,Active,119413.02
403,3561,Investment,2021-05-28,Active,134976.55
404,3652,Credit Card,2021-09-12,Active,126750.43
405,2707,Savings,2021-04-25,Active,130758.35
406,4019,Savings,2023-05-27,Closed,131244.38
407,2465,Checking,2023-11-20,Closed,114208.38
408,2043,Credit Card,2023-11-26,Active,113931.77
409,3336,Checking,2025-10-27,Closed,29781.42
410,4196,Savings,2022-12-20,Active,108153.52
411,693,Checking,2021-02-14,Active,66171.6
412,4736,Credit Card,2023-02-12,Active,145042.28
413,1708,Credit Card,2021-01-04,Active,22540.75
414,4012,Credit Card,2023-07-31,Closed,113968.51
415,400,Investment,2022-03-19,Active,62535.61
416,423,Investment,2022-02-02,Active,38432.55
417,2305,Credit Card,2022-03-09,Closed,76546.17
418,4897,Savings,2023-02-13,Active,16190.26
419,590,Savings,2024-10-12,Active,33741.37
420,3603,Investment,2024-10-23,Active,71778.28
421,392,Savings,2023-07-08,Active,132943.37
422,2470,Credit Card,2022-07-28,Closed,69501.85
423,3507,Investment,2021-12-21,Active,58524.56
424,3215,Credit Card,2023-06-30,Active,76661.32
425,4541,Investment,2024-05-24,Closed,40112.43
426,4062,Credit Card,2025-05-03,Active,102778.68
427,1962,Credit Card,2022-08-08,Active,88321.26
428,1559,Investment,2023-07-03,Active,131787.55
429,226,Savings,2025-03-23,Closed,58699.36
430,3440,Investment,2024-02-16,Active,4240.82
431,1232,Investment,2021-02-16,Closed,70353.26
432,660,Investment,2022-09-24,Active,30358.33
433,724,Credit Card,2021-06-05,Closed,115096.34
434,1704,Checking,2021-05-02,Active,96680.78
435,382,Credit Card,2024-03-15,Active,119548.16
436,3053,Credit Card,2023-03-27,Active,36704.14
437,2380,Credit Card,2025-01-19,Active,37002.84
438,2733,Investment,2024-09-02,Active,37277.27
439,1477,Savings,2022-02-15,Closed,64760.68
440,262,Checking,2024-07-16,Active,39404.15
441,237,Checking,2025-10-18,Active,9459.54
442,2012,Credit Card,2025-07-27,Active,123758.54
443,638,Investment,2021-06-11,Active,149045.96
444,711,Checking,2024-01-27,Active,75606.17
445,3669,Credit Card,2025-06-01,Closed,64244.59
446,2556,Credit Card,2025-02-04,Closed,67577.26
447,762,Investment,2023-11-12,Closed,100504.97
448,2300,Investment,2025-01-15,Closed,60284.35
449,3141,Savings,2024-01-27,Active,111185.93
450,1091,Investment,2023-01-26,Active,146703.64
451,4802,Checking,2023-02-07,Active,41795.84
452,1345,Savings,2024-12-07,Active,1039.53
453,1479,Savings,2024-03-22,Closed,63710.55
454,2342,Checking,2025-10-18,Active,42096.8
455,3942,Savings,2024-10-25,Closed,26622.91
456,1275,Credit Card,2021-05-18,Active,53505.72
457,1772,Checking,2025-11-29,Closed,56726.42
458,2526,Credit Card,2023-09-20,Closed,130208.42
459,1747,Checking,2024-02-05,Active,68340.55
460,4099,Savings,2022-11-27,Active,68553.47
461,2478,Savings,2025-08-22,Active,28602.65
462,4962,Credit Card,2022-06-22,Active,2994.71
463,1364,Savings,2025-01-18,Closed,96948.39
464,2928,Investment,2021-06-18,Closed,46859.02
465,4071,Credit Card,2023-09-09,Active,30966.15
466,1668,Checking,2023-01-21,Active,1795.07
467,2911,Credit Card,2023-11-19,Active,40496.59
468,3428,Credit Card,2025-05-01,Active,52714.64
469,4320,Credit Card,2025-05-08,Active,104218.09
470,4006,Credit Card,2024-02-02,Active,131585.24
471,475,Credit Card,2025-07-15,Active,137542.72
472,4539,Credit Card,2023-02-08,Active,121243.83
473,907,Investment,2023-02-11,Active,113805.81
474,1457,Savings,2022-03-17,Active,88345.7
475,2549,Checking,2023-12-27,Active,109984.77
476,1607,Checking,2023-12-28,Active,129989.22
477,1549,Savings,2022-06-15,Active,47107.63
478,1287,Credit Card,2021-07-30,Closed,111812.14
479,1984,Checking,2025-04-12,Active,26421.64
480,4219,Savings,2022-10-06,Closed,135738.1
481,2419,Checking,2021-07-05,Active,108697.5
482,722,Savings,2022-02-07,Active,50184.85
483,2920,Savings,2023-01-13,Active,142864.35
484,2628,Checking,2022-04-03,Active,9303.47
485,2518,Checking,2022-08-31,Closed,66422.19
486,721,Checking,2024-10-07,Active,92687.52
487,3337,Credit Card,2023-01-09,Active,48305.12
488,3333,Investment,2025-02-27,Active,112522.2
489,2503,Credit Card,2022-10-29,Active,117571.28
490,1506,Checking,2024-05-08,Active,61288.14
491,4899,Credit Card,2022-07-01,Active,8733.92
492,2514,Checking,2024-11-02,Active,3924.72
493,858,Investment,2024-11-23,Closed,103658.25
494,765,Checking,2021-02-05,Active,24425.58
495,2049,Checking,2021-10-02,Closed,80564.31
496,3420,Savings,2025-08-16,Active,103208.61
497,4090,Investment,2022-12-30,Active,97732.33
498,3122,Investment,2025-09-08,Active,5056.31
499,1586,Credit Card,2024-07-17,Closed,86153.81
500,708,Checking,2025-03-08,Active,52116.77
501,1888,Credit Card,2021-10-12,Closed,19861.18
502,1087,Investment,2024-02-03,Active,105667.15
503,1294,Checking,2021-10-26,Active,144044.38
504,3796,Credit Card,2025-09-28,Active,92544.85
505,1056,Savings,2022-06-05,Closed,140921.7
506,1186,Credit Card,2024-06-03,Active,44638.62
507,1526,Checking,2025-01-08,Active,101695.27
508,4193,Checking,2025-07-03,Active,137072.36
509,4228,Checking,2023-03-30,Closed,7065.71
510,4526,Savings,2021-02-28,Active,39691.04
511,3429,Credit Card,2025-05-23,Active,133018.13
512,2159,Investment,2023-07-13,Active,6727.88
513,4748,Credit Card,2021-02-17,Active,95367.37
514,4788,Credit Card,2023-11-01,Closed,59125.31
515,2127,Checking,2022-02-23,Active,135136.72
516,2698,Credit Card,2024-07-08,Closed,120886.24
517,1807,Investment,2023-11-21,Closed,109336.78
518,3121,Investment,2022-12-13,Active,11573.3
519,3190,Checking,2024-09-11,Closed,97249.57
520,1131,Checking,2025-09-24,Active,148847.38
521,1586,Investment,2024-02-13,Active,138354.68
522,3949,Credit Card,2025-08-29,Closed,135431.34
523,653,Checking,2025-03-24,Active,76586.49
524,1699,Checking,2022-11-06,Active,128597.26
525,4269,Credit Card,2024-04-16,Active,84237.86
526,4666,Credit Card,2022-08-17,Active,88573.64
527,1000,Investment,2022-06-16,Active,143576.46
528,1912,Investment,2022-09-23,Active,84338.74
529,4822,Checking,2023-01-05,Closed,71397.7
530,462,Credit Card,2025-08-07,Active,19351.14
531,3227,Checking,2023-10-08,Active,129747.45
532,4236,Investment,2023-04-08,Active,57309.68
533,1223,Savings,2024-04-29,Active,116257.61
534,4382,Savings,2024-09-20,Active,79067.8
535,1350,Checking,2025-01-08,Active,79277.88
536,1264,Credit Card,2022-05-18,Active,6739.3
537,4178,Credit Card,2023-11-20,Closed,80509.09
538,2442,Investment,2024-10-27,Closed,136043.86
539,4057,Checking,2023-10-26,Closed,42142.01
540,4520,Investment,2022-03-25,Active,110242.87
541,4707,Investment,2022-10-29,Active,22410.62
542,1893,Savings,2023-01-02,Active,140675.43
543,2641,Credit Card,2022-12-07,Active,138602.98
544,4003,Investment,2022-07-17,Active,13504.35
545,528,Credit Card,2024-12-16,Closed,102743.68
546,1282,Investment,2023-05-28,Active,114211.64
547,966,Investment,2025-06-06,Closed,38947.2
548,1836,Investment,2022-07-04,Active,118175.99
549,590,Credit Card,2025-04-21,Closed,46946.74
550,915,Investment,2024-06-06,Closed,79643.57
551,3497,Checking,2022-05-02,Active,85075.82
552,1693,Savings,2022-12-20,Active,125343.0
553,3245,Savings,2025-05-26,Active,13336.29
554,2682,Investment,2024-03-24,Active,26296.52
555,2301,Savings,2021-10-24,Active,114019.02
556,1762,Savings,2022-09-18,Closed,57544.78
557,4533,Credit Card,2021-04-10,Closed,98408.57
558,404,Checking,2021-06-19,Active,1711.95
559,1672,Credit Card,2022-02-07,Active,11262.43
560,2734,Savings,2025-11-18,Closed,112288.78
561,3070,Investment,2025-06-16,Closed,148021.3
562,3982,Credit Card,2021-08-02,Active,39551.6
563,3415,Credit Card,2021-02-02,Active,88072.7
564,3220,Investment,2021-03-25,Closed,128440.91
565,3301,Savings,2024-07-20,Closed,20836.94
566,2726,Savings,2025-03-15,Closed,138814.23
567,2449,Checking,2024-07-02,Active,90095.47
568,1255,Credit Card,2024-12-26,Closed,66944.9
569,1258,Credit Card,2025-07-03,Active,26021.52
570,701,Credit Card,2023-01-02,Active,83783.88
571,161,Investment,2024-10-11,Closed,51357.52
572,2622,Savings,2024-01-30,Active,137170.78
573,3165,Investment,2022-01-09,Active,33022.85
574,4976,Investment,2023-01-30,Closed,96381.49
575,2188,Investment,2022-08-14,Active,67148.75
576,4994,Checking,2025-05-10,Closed,124605.33
577,674,Checking,2024-09-26,Active,68684.68
578,3070,Checking,2023-01-29,Active,86101.7
579,2272,Checking,2022-09-05,Active,90800.29
580,1354,Savings,2022-11-26,Active,64701.88
581,2258,Savings,2024-06-23,Active,77843.71
582,2756,Investment,2024-09-19,Active,66276.23
583,3559,Investment,2022-12-19,Active,87561.16
584,301,Checking,2023-09-13,Active,49258.47
585,2158,Savings,2024-08-21,Active,33786.94
586,3539,Investment,2024-01-05,Closed,15726.36
587,3364,Savings,2025-06-28,Active,109025.64
588,4770,Checking,2022-06-29,Closed,61034.84
589,1975,Checking,2022-09-04,Active,31971.1
590,4864,Investment,2023-08-08,Active,149119.35
591,392,Checking,2021-08-13,Active,96695.63
592,3788,Savings,2023-07-21,Active,92376.95
593,2154,Checking,2022-05-08,Active,104288.04
594,3963,Savings,2021-10-01,Active,141416.35
595,3837,Credit Card,2023-10-22,Closed,38557.07
596,1829,Credit Card,2022-12-03,Closed,46698.58
597,3224,Credit Card,2023-12-30,Active,70405.15
598,2573,Savings,2021-11-07,Active,80692.8
599,3055,Checking,2022-12-17,Active,73154.67
600,4898,Investment,2022-09-10,Active,139230.92
601,801,Investment,2024-08-31,Closed,7124.54
602,4350,Credit Card,2025-05-03,Active,116615.85
603,3364,Savings,2021-12-10,Active,111378.7
604,2474,Checking,2023-06-29,Active,3227.31
605,834,Investment,2022-05-31,Closed,95222.98
606,787,Investment,2022-06-06,Closed,108194.46
607,2012,Checking,2022-08-19,Active,107189.84
608,4686,Checking,2022-11-28,Active,75147.4
609,2322,Investment,2023-02-03,Active,18837.85
610,209,Investment,2022-01-27,Active,3384.6
611,3770,Checking,2022-12-14,Active,113817.78
612,3591,Checking,2025-03-16,Closed,69271.78
613,2210,Checking,2024-03-22,Closed,81677.91
614,4894,Credit Card,2021-12-31,Active,102145.66
615,3260,Savings,2024-12-12,Active,112514.54
616,2992,Savings,2024-03-30,Closed,67052.86
617,2048,Savings,2022-12-24,Closed,73277.65
618,1968,Credit Card,2023-01-24,Closed,7298.58
619,474,Savings,2023-07-20,Active,80329.78
620,1757,Checking,2022-07-08,Active,34957.35
621,2830,Checking,2025-08-07,Active,92007.72
622,610,Savings,2022-07-12,Active,90738.35
623,2539,Investment,2021-12-04,Active,146349.31
624,1858,Investment,2023-06-05,Active,47390.41
625,4652,Investment,2023-04-28,Active,142628.76
626,2196,Checking,2023-12-02,Active,105687.25
627,91,Checking,2024-09-22,Closed,101194.89
628,1871,Credit Card,2025-07-06,Closed,126600.39
629,4594,Savings,2025-07-25,Closed,123742.13
630,4208,Credit Card,2021-12-23,Active,142313.24
631,3401,Investment,2022-05-01,Active,106277.53
632,560,Investment,2021-10-17,Closed,140876.66
633,850,Savings,2021-07-01,Active,143558.65
634,1362,Credit Card,2021-06-04,Active,48679.56
635,1304,Investment,2025-07-07,Active,138529.3
636,4798,Savings,2023-09-29,Active,121596.79
637,2508,Credit Card,2023-03-19,Closed,144582.27
638,2236,Credit Card,2023-02-13,Active,27539.09
639,2598,Credit Card,2022-07-28,Active,16851.63
640,800,Credit Card,2025-06-21,Active,32467.46
641,3688,Checking,2022-01-20,Active,22085.48
642,1689,Checking,2024-02-06,Active,66961.59
643,3514,Credit Card,2023-11-17,Active,80790.15
644,2290,Investment,2025-11-01,Active,39395.53
645,1103,Checking,2021-12-06,Active,39524.8
646,4279,Savings,2022-05-15,Active,48884.66
647,489,Checking,2021-07-19,Active,66715.93
648,4438,Investment,2022-03-01,Active,29741.46
649,4163,Investment,2023-09-14,Active,70572.57
650,3956,Checking,2021-04-05,Closed,99379.34
651,3959,Checking,2023-06-11,Active,116434.2
652,3091,Credit Card,2021-10-23,Active,72735.84
653,3955,Checking,2024-11-12,Closed,28238.5
654,769,Savings,2023-10-19,Active,42649.87
655,4289,Investment,2025-09-28,Active,98687.22
656,844,Investment,2023-10-24,Active,7185.06
657,1326,Credit Card,2023-03-04,Active,119478.87
658,2103,Investment,2024-06-13,Closed,45127.34
659,4824,Checking,2024-06-09,Closed,6032.24
660,1890,Checking,2024-06-01,Closed,117801.8
661,2050,Checking,2025-06-19,Closed,96953.35
662,1880,Savings,2022-09-04,Active,122245.43
663,938,Investment,2024-12-15,Active,18945.73
664,567,Credit Card,2025-02-19,Active,28580.32
665,4464,Investment,2021-10-19,Closed,143195.46
666,3788,Savings,2022-07-22,Active,144128.47
667,2021,Savings,2021-05-18,Closed,109429.51
668,2793,Investment,2021-12-18,Active,21519.05
669,927,Checking,2023-05-18,Closed,55342.34
670,2264,Checking,2023-11-20,Active,129793.5
671,4944,Savings,2022-04-20,Active,82012.84
672,4125,Credit Card,2025-08-22,Active,102525.22
673,678,Investment,2021-01-09,Active,67570.86
674,2673,Checking,2025-10-10,Closed,47069.01
675,2079,Savings,2023-02-12,Active,18756.6
676,1335,Checking,2025-02-13,Active,7539.19
677,725,Savings,2021-11-05,Active,13473.69
678,2707,Investment,2023-01-23,Active,139793.92
679,2777,Investment,2025-07-13,Active,74170.9
680,4039,Investment,2021-06-16,Active,29240.71
681,2830,Investment,2023-04-22,Active,134041.13
682,2486,Savings,2021-05-31,Active,136556.38
683,3130,Credit Card,2021-01-10,Active,144494.86
684,2076,Savings,2024-01-13,Active,31720.67
685,3672,Credit Card,2023-02-28,Active,113530.1
686,3716,Investment,2025-04-14,Closed,69985.84
687,3569,Checking,2025-10-23,Active,58472.17
688,1839,Credit Card,2022-09-28,Closed,101610.19
689,1911,Checking,2025-09-22,Closed,114165.48
690,366,Savings,2022-04-12,Active,39997.4
691,3443,Investment,2025-03-13,Active,136905.13
692,4095,Credit Card,2022-06-25,Active,117032.5
693,2476,Credit Card,2024-01-17,Active,88203.98
694,3595,Savings,2025-01-25,Active,81439.49
695,2822,Checking,2023-03-04,Active,126846.26
696,1329,Checking,2023-09-18,Closed,89355.55
697,4782,Credit Card,2023-01-08,Closed,62326.7
698,962,Checking,2021-08-04,Active,72875.46
699,4720,Investment,2023-08-27,Active,132226.37
700,2966,Credit Card,2022-08-17,Closed,51542.36
701,1228,Investment,2023-11-15,Active,25379.7
702,4724,Credit Card,2022-03-07,Active,40620.29
703,203,Savings,2025-04-02,Active,91523.83
704,2113,Investment,2024-11-04,Active,111375.63
705,94,Investment,2025-09-23,Closed,108672.95
706,4895,Investment,2022-01-08,Active,33163.34
707,1084,Investment,2023-04-20,Active,93906.96
708,3628,Investment,2023-06-22,Closed,89623.44
709,3838,Savings,2021-03-25,Closed,22075.11
710,1826,Investment,2023-10-15,Active,131961.59
711,3638,Checking,2021-05-23,Active,141979.7
712,1953,Checking,2023-01-03,Active,83307.85
713,3437,Savings,2021-12-20,Active,61326.56
714,1376,Savings,2022-08-12,Active,35158.33
715,1982,Savings,2021-04-17,Active,92709.0
716,1883,Credit Card,2022-06-01,Closed,3872.37
717,3287,Checking,2025-07-26,Closed,85116.82
718,2119,Savings,2024-12-20,Active,60124.58
719,2817,Savings,2024-09-02,Active,51483.02
720,4405,Credit Card,2023-03-14,Active,90018.46
721,741,Credit Card,2021-10-07,Active,72617.93
722,398,Investment,2021-03-09,Active,38444.36
723,4553,Credit Card,2022-11-20,Closed,117090.92
724,2791,Checking,2022-05-18,Active,144296.06
725,4263,Checking,2025-05-24,Active,25424.43
726,2868,Savings,2022-09-29,Active,48935.53
727,3638,Credit Card,2023-04-21,Active,55091.95
728,245,Investment,2023-09-10,Closed,81881.29
729,225,Savings,2024-10-22,Active,34688.39
730,4835,Savings,2021-09-24,Active,37741.41
731,616,Checking,2023-09-12,Active,93404.1
732,2671,Investment,2024-02-22,Closed,138414.29
733,4849,Savings,2025-05-08,Closed,85096.11
734,3966,Investment,2021-11-23,Active,124041.77
735,625,Savings,2022-05-31,Active,85323.9
736,3349,Checking,2021-12-22,Closed,137399.16
737,4731,Credit Card,2023-03-15,Active,17670.86
738,69,Savings,2022-04-26,Active,81514.35
739,4150,Investment,2021-01-14,Active,3398.23
740,644,Checking,2024-12-07,Active,79297.12
741,2558,Checking,2022-11-25,Active,140880.01
742,1206,Savings,2024-10-26,Active,12799.22
743,4007,Credit Card,2023-01-10,Active,142093.76
744,548,Credit Card,2023-03-27,Closed,93117.34
745,559,Credit Card,2021-04-24,Closed,62550.34
746,3822,Checking,2022-10-17,Active,53649.0
747,3324,Investment,2024-10-26,Active,41728.35
748,417,Investment,2022-04-16,Active,72451.58
749,2799,Savings,2022-08-22,Active,2502.83
750,3052,Investment,2023-11-06,Active,135361.99
751,4550,Investment,2022-03-19,Active,64223.58
752,721,Credit Card,2025-11-06,Active,67092.42
753,4870,Savings,2021-11-11,Active,60499.72
754,619,Credit Card,2022-07-03,Active,93333.64
755,3771,Checking,2021-01-15,Active,7120.58
756,876,Investment,2024-03-04,Closed,91591.01
757,3960,Savings,2024-10-02,Active,92805.06
758,2871,Savings,2021-05-31,Active,18314.13
759,4607,Credit Card,2021-11-13,Active,36122.1
760,1224,Investment,2024-03-03,Active,124785.44
761,4714,Savings,2024-08-18,Closed,88030.84
762,4142,Checking,2021-11-27,Active,80561.17
763,3048,Checking,2022-10-23,Active,64688.77
764,1729,Investment,2025-07-01,Active,42722.15
765,1351,Investment,2021-02-09,Active,124658.25
766,3765,Checking,2022-09-12,Active,137253.67
767,2450,Investment,2024-02-24,Active,87632.17
768,1299,Savings,2023-03-01,Active,90392.87
769,4237,Savings,2024-01-23,Active,27083.68
770,4712,Investment,2025-06-10,Closed,35727.35
771,3558,Investment,2024-12-21,Closed,26191.74
772,2113,Savings,2022-09-01,Active,30034.17
773,2807,Credit Card,2025-10-28,Closed,78074.36
774,1350,Investment,2024-05-21,Active,71744.66
775,2766,Credit Card,2023-04-12,Active,134201.91
776,353,Savings,2025-09-06,Active,114553.43
777,1855,Checking,2022-07-08,Active,19241.48
778,3858,Investment,2024-04-05,Active,94159.39
779,409,Credit Card,2024-03-08,Active,90410.42
780,3433,Credit Card,2024-12-02,Closed,34594.15
781,3402,Credit Card,2021-09-19,Active,61124.88
782,1134,Credit Card,2021-09-15,Active,89287.95
783,271,Investment,2022-03-29,Active,8431.18
784,693,Credit Card,2025-01-10,Active,136899.44
785,2721,Investment,2021-10-31,Active,16755.61
786,932,Investment,2025-03-21,Active,123029.04
787,3245,Checking,2022-09-29,Active,73955.67
788,2690,Checking,2023-05-13,Active,95303.09
789,4274,Savings,2022-06-29,Active,33005.43
790,2704,Credit Card,2024-06-04,Closed,120268.54
791,1341,Savings,2021-11-20,Active,92660.29
792,3404,Investment,2024-11-21,Closed,119688.93
793,676,Savings,2022-12-24,Active,118551.77
794,1362,Savings,2023-06-03,Active,70013.51
795,1936,Credit Card,2023-04-05,Active,6884.56
796,1662,Checking,2021-10-21,Active,105624.07
797,456,Credit Card,2023-06-05,Closed,61283.6
798,2554,Savings,2022-09-09,Closed,75734.1
799,2044,Credit Card,2025-09-21,Active,39341.24
800,431,Credit Card,2025-01-03,Active,96374.0
801,1024,Investment,2023-04-01,Active,108755.7
802,502,Investment,2025-02-13,Closed,142579.51
803,2193,Savings,2024-03-15,Active,46213.66
804,1894,Investment,2024-11-01,Active,41937.9
805,1737,Savings,2025-02-23,Active,26590.36
806,3841,Savings,2024-02-17,Active,68772.7
807,2033,Checking,2025-08-22,Active,37317.86
808,3944,Credit Card,2022-04-22,Active,37658.54
809,1706,Savings,2021-04-14,Active,63753.54
810,832,Savings,2025-09-27,Active,44321.48
811,3897,Checking,2022-06-04,Active,29036.17
812,3758,Checking,2021-11-19,Active,34907.65
813,368,Checking,2022-10-26,Closed,7705.56
814,2037,Savings,2025-08-10,Active,14827.72
815,233,Checking,2023-09-26,Active,142107.88
816,2657,Investment,2023-12-31,Active,120693.79
817,2186,Checking,2024-07-22,Active,23206.88
818,2451,Investment,2022-11-30,Active,11145.36
819,4864,Savings,2024-06-25,Active,122045.33
820,718,Credit Card,2021-09-27,Active,76848.42
821,292,Checking,2023-09-23,Active,126749.84
822,2829,Credit Card,2021-02-13,Active,109519.29
823,2541,Credit Card,2024-06-05,Active,92662.32
824,3854,Credit Card,2021-08-14,Closed,128819.07
825,2573,Investment,2023-01-04,Active,134173.4
826,3214,Savings,2023-06-05,Active,143839.47
827,1077,Investment,2022-07-23,Active,3108.69
828,3528,Investment,2021-09-04,Active,126883.69
829,610,Credit Card,2024-10-06,Closed,35998.26
830,1077,Checking,2021-01-19,Closed,65654.85
831,600,Checking,2022-10-03,Active,23499.49
832,2576,Investment,2024-05-28,Active,100312.87
833,3441,Investment,2024-05-04,Closed,131651.04
834,2508,Savings,2022-01-24,Closed,4084.81
835,4139,Checking,2021-03-28,Active,7097.63
836,2331,Investment,2025-04-17,Active,127512.08
837,1774,Savings,2024-05-13,Closed,124743.17
838,4297,Checking,2023-10-23,Active,6220.6
839,3201,Checking,2024-09-06,Closed,140771.47
840,4546,Checking,2023-12-08,Closed,145049.37
841,3876,Credit Card,2024-12-20,Active,79352.61
842,2894,Checking,2023-05-12,Active,94342.72
843,4844,Credit Card,2023-02-21,Closed,113932.44
844,4394,Savings,2025-04-03,Closed,72055.63
845,4293,Checking,2021-03-12,Closed,142412.34
846,4000,Checking,2021-11-17,Active,101147.82
847,2379,Savings,2023-07-06,Active,68986.16
848,2882,Credit Card,2023-05-11,Active,70183.45
849,1830,Checking,2025-01-29,Active,7932.67
850,3280,Investment,2024-05-21,Active,15934.41
851,2092,Credit Card,2022-12-11,Active,62042.59
852,651,Investment,2022-06-17,Closed,39883.6
853,290,Investment,2023-06-10,Closed,67691.34
854,561,Credit Card,2025-11-14,Closed,134035.71
855,689,Credit Card,2023-05-21,Active,64950.54
856,2877,Credit Card,2024-10-01,Closed,31480.62
857,2488,Checking,2022-05-25,Active,137457.7
858,3596,Savings,2022-03-06,Active,108104.0
859,1104,Credit Card,2022-12-17,Closed,50025.84
860,1753,Investment,2022-05-07,Closed,72575.59
861,1983,Savings,2021-02-07,Active,57089.96
862,4565,Checking,2023-09-13,Active,126027.56
863,883,Credit Card,2023-01-31,Closed,101158.01
864,104,Checking,2025-10-12,Active,39761.87
865,472,Credit Card,2021-10-11,Active,50883.78
866,195,Checking,2024-09-09,Active,44720.22
867,257,Checking,2023-11-05,Active,85420.26
868,4064,Investment,2023-04-03,Active,78304.04
869,3919,Credit Card,2021-10-04,Closed,15060.81
870,1758,Savings,2021-01-28,Active,37685.23
871,1801,Checking,2025-05-01,Active,4971.34
872,652,Savings,2022-08-20,Active,24029.58
873,2517,Savings,2024-06-20,Active,74011.93
874,2278,Investment,2021-08-06,Closed,47456.74
875,2224,Investment,2023-04-27,Active,77041.71
876,4068,Savings,2024-11-20,Active,15416.53
877,4962,Investment,2025-06-24,Active,22218.18
878,1272,Credit Card,2023-07-16,Closed,8825.18
879,1360,Savings,2021-09-18,Active,19881.07
880,2351,Credit Card,2021-03-21,Closed,111661.93
881,3700,Checking,2025-10-14,Active,54234.15
882,3023,Checking,2023-11-29,Active,15792.2
883,4232,Savings,2025-10-09,Active,50853.73
884,3382,Investment,2023-04-05,Active,106590.86
885,941,Savings,2025-10-07,Active,87077.65
886,3997,Credit Card,2023-12-16,Active,73144.17
887,276,Investment,2024-04-10,Active,62734.49
888,2674,Investment,2021-10-15,Closed,91919.09
889,4520,Credit Card,2025-07-18,Active,45788.18
890,122,Savings,2021-10-24,Active,104264.92
891,1223,Investment,2022-05-30,Active,108765.94
892,2002,Investment,2025-11-14,Active,69572.53
893,2460,Checking,2023-01-22,Active,141481.78
894,901,Checking,2023-12-28,Active,57348.73
895,3119,Checking,2024-07-16,Active,118303.95
896,4951,Savings,2025-04-11,Closed,1456.97
897,699,Credit Card,2021-02-20,Closed,139636.57
898,758,Checking,2025-11-24,Active,122280.12
899,1026,Credit Card,2025-02-11,Closed,143483.76
900,4910,Credit Card,2021-10-20,Closed,61676.44
901,4524,Savings,2024-10-02,Active,9976.89
902,371,Credit Card,2022-03-28,Active,42495.1
903,1623,Checking,2025-03-28,Active,17074.22
904,4607,Checking,2024-07-21,Active,1951.27
905,2801,Savings,2021-06-25,Active,47572.0
906,949,Checking,2023-07-01,Active,47116.96
907,316,Credit Card,2023-10-26,Closed,703.85
908,2252,Checking,2025-06-11,Closed,68258.68
909,2425,Investment,2024-09-14,Active,10846.74
910,1622,Credit Card,2021-08-03,Active,114557.66
911,3193,Credit Card,2022-07-11,Closed,19208.92
912,1250,Credit Card,2023-07-27,Closed,90146.7
913,448,Credit Card,2023-07-21,Active,33761.37
914,3685,Credit Card,2022-06-28,Closed,1054.64
915,1882,Checking,2022-05-21,Active,59281.07
916,2367,Savings,2021-07-02,Closed,144539.03
917,581,Investment,2021-01-09,Active,34010.03
918,3495,Investment,2025-04-04,Active,35444.55
919,536,Checking,2024-12-10,Active,73592.11
920,3249,Checking,2022-05-10,Active,12641.52
921,4374,Investment,2024-05-19,Active,44650.74
922,776,Credit Card,2021-12-06,Active,59726.64
923,3183,Checking,2022-08-15,Active,42494.37
924,2381,Investment,2023-12-04,Closed,90117.34
925,4600,Credit Card,2023-02-15,Active,77756.29
926,3829,Savings,2021-01-25,Closed,121314.48
927,208,Investment,2021-04-20,Closed,1087.34
928,589,Investment,2023-06-30,Active,98249.4
929,2566,Credit Card,2024-03-21,Active,121437.24
930,303,Checking,2023-06-29,Active,139770.81
931,606,Checking,2023-06-25,Closed,124906.03
932,300,Checking,2022-07-24,Active,138326.09
933,2196,Credit Card,2022-08-10,Active,141749.57
934,2922,Investment,2022-11-16,Closed,42257.75
935,1904,Credit Card,2022-04-23,Closed,147746.58
936,2806,Savings,2023-02-06,Active,85348.26
937,893,Checking,2023-09-11,Active,109170.46
938,2951,Checking,2022-05-15,Active,47011.95
939,4798,Savings,2024-04-10,Closed,94162.91
940,2851,Investment,2022-03-16,Active,143608.11
941,3913,Investment,2024-08-19,Active,16012.97
942,3723,Credit Card,2022-03-20,Closed,104323.35
943,1268,Investment,2022-07-14,Active,139399.62
944,1607,Credit Card,2025-06-12,Closed,128744.48
945,1996,Savings,2025-09-08,Closed,98998.53
946,3179,Investment,2024-02-08,Active,39485.79
947,641,Credit Card,2022-05-10,Active,118759.12
948,3946,Investment,2024-06-01,Closed,140615.23
949,3527,Credit Card,2021-01-13,Active,84102.65
950,830,Savings,2023-09-06,Active,69644.88
951,1027,Checking,2021-08-31,Closed,20869.0
952,201,Savings,2023-03-17,Active,112642.25
953,3221,Investment,2022-09-12,Active,123031.74
954,4384,Investment,2024-11-22,Active,15692.84
955,2425,Credit Card,2024-09-19,Active,73156.64
956,1891,Savings,2024-05-12,Active,99381.09
957,3895,Checking,2024-11-25,Closed,59931.15
958,4778,Credit Card,2021-11-06,Active,19358.41
959,449,Checking,2022-11-06,Active,58719.81
960,440,Checking,2021-01-15,Active,117673.86
961,911,Checking,2024-09-28,Active,122787.45
962,3475,Investment,2021-06-01,Active,126990.15
963,3766,Credit Card,2022-01-30,Active,145207.46
964,4213,Savings,2021-06-17,Active,128384.65
965,10,Savings,2021-04-07,Active,79862.94
966,2482,Investment,2024-09-25,Active,114742.22
967,4594,Investment,2025-10-13,Closed,19614.58
968,1787,Checking,2021-05-31,Active,99963.92
969,4336,Investment,2021-09-13,Closed,142328.78
970,2008,Investment,2024-07-10,Active,145429.35
971,3433,Savings,2021-05-24,Active,148179.96
972,4345,Savings,2024-01-26,Active,3638.19
973,1748,Checking,2025-03-18,Closed,123381.13
974,996,Investment,2023-09-12,Active,95892.21
975,1830,Checking,2025-08-24,Active,28842.7
976,2145,Checking,2025-04-15,Closed,91328.83
977,3470,Savings,2023-11-04,Active,137002.6
978,4993,Checking,2024-04-25,Closed,127218.7
979,3560,Checking,2022-07-15,Active,22527.62
980,4731,Checking,2024-09-26,Active,98959.09
981,2813,Savings,2021-10-14,Closed,120853.97
982,834,Investment,2021-12-25,Active,69433.76
983,2131,Credit Card,2024-05-24,Active,140474.22
984,2565,Investment,2022-01-14,Active,39091.66
985,4262,Savings,2022-07-25,Closed,115128.22
986,4442,Checking,2023-06-10,Active,11620.63
987,1824,Checking,2022-03-29,Closed,38996.84
988,4957,Checking,2024-12-20,Active,84508.33
989,3924,Credit Card,2021-06-24,Active,105520.84
990,4865,Checking,2024-10-14,Closed,104940.76
991,1368,Investment,2025-05-17,Closed,139396.16
992,428,Credit Card,2021-12-18,Active,103370.27
993,130,Credit Card,2024-12-31,Closed,143080.55
994,3834,Checking,2021-12-11,Closed,27197.34
995,3251,Checking,2023-03-21,Active,22290.25
996,2655,Credit Card,2023-11-08,Active,80510.52
997,55,Credit Card,2021-12-25,Active,98855.14
998,4829,Investment,2024-03-08,Closed,115549.5
999,3731,Savings,2025-06-20,Active,146523.51
1000,4743,Credit Card,2022-10-09,Active,84866.59
1001,1197,Investment,2022-06-06,Active,102487.35
1002,603,Investment,2021-05-12,Active,148152.03
1003,3736,Savings,2021-01-25,Closed,22688.44
1004,2910,Investment,2023-03-16,Closed,16058.91
1005,1314,Credit Card,2023-01-18,Active,31190.3
1006,251,Checking,2025-06-20,Active,54543.32
1007,2042,Savings,2021-03-07,Active,94427.65
1008,4577,Investment,2021-10-13,Active,144251.51
1009,1404,Checking,2025-06-26,Active,133252.42
1010,4274,Savings,2023-12-11,Active,26178.84
1011,3616,Investment,2022-04-16,Active,114493.26
1012,2381,Credit Card,2024-01-21,Active,27991.85
1013,3867,Checking,2021-10-01,Active,92768.82
1014,185,Credit Card,2024-02-02,Active,81943.11
1015,2076,Checking,2025-08-27,Closed,102440.82
1016,1313,Investment,2023-10-01,Active,94569.98
1017,2673,Savings,2021-05-16,Active,53345.63
1018,749,Checking,2024-11-02,Active,143570.76
1019,662,Checking,2021-03-08,Active,103451.02
1020,2097,Savings,2024-12-25,Active,64676.53
1021,1417,Checking,2022-03-02,Active,31865.69
1022,88,Savings,2023-07-15,Active,36473.75
1023,314,Savings,2021-11-11,Active,105955.72
1024,1560,Credit Card,2024-10-03,Active,131634.72
1025,2250,Investment,2022-02-09,Active,121128.35
1026,4705,Investment,2021-08-23,Active,127488.39
1027,4590,Checking,2021-03-03,Closed,106564.9
1028,1812,Investment,2021-09-11,Closed,92026.34
1029,4573,Credit Card,2023-08-24,Active,37685.02
1030,12,Credit Card,2022-06-05,Active,136527.3
1031,527,Investment,2021-02-08,Active,65666.17
1032,2162,Investment,2024-04-03,Active,5078.83
1033,4478,Credit Card,2022-08-12,Active,83071.7
1034,818,Checking,2022-11-06,Closed,61378.91
1035,1170,Investment,2024-04-03,Active,77600.79
1036,4804,Credit Card,2021-09-23,Active,18292.79
1037,50,Checking,2022-10-13,Closed,92483.44
1038,3406,Savings,2021-07-22,Active,49819.48
1039,1331,Credit Card,2024-12-21,Active,24389.69
1040,2004,Savings,2024-11-27,Active,99268.51
1041,4528,Credit Card,2021-04-09,Active,147623.86
1042,3646,Credit Card,2024-07-26,Active,52801.3
1043,2221,Checking,2025-02-24,Active,74793.13
1044,3315,Credit Card,2021-12-24,Active,89574.25
1045,383,Checking,2025-04-30,Active,17813.82
1046,2701,Savings,2025-05-09,Active,48241.52
1047,3567,Savings,2025-09-06,Closed,67075.55
1048,4451,Savings,2024-02-05,Closed,6536.34
1049,676,Credit Card,2023-07-01,Active,145420.8
1050,163,Credit Card,2022-06-06,Active,106151.45
1051,4858,Checking,2023-08-23,Closed,10577.34
1052,2536,Savings,2025-08-21,Active,91568.25
1053,1804,Credit Card,2023-01-24,Active,99282.26
1054,2986,Savings,2024-05-06,Active,49234.75
1055,2889,Investment,2024-02-29,Closed,48515.69
1056,4063,Checking,2024-05-12,Active,102252.6
1057,3680,Savings,2024-04-28,Active,106441.86
1058,2715,Investment,2023-08-16,Active,66601.71
1059,2049,Checking,2022-10-28,Active,149599.39
1060,5,Credit Card,2024-01-31,Closed,136778.77
1061,320,Checking,2025-06-23,Active,99064.98
1062,1376,Checking,2022-01-07,Active,30611.92
1063,4274,Investment,2024-05-03,Active,1660.48
1064,4211,Credit Card,2022-02-05,Closed,65177.13
1065,577,Savings,2021-09-24,Active,103185.44
1066,4062,Investment,2022-07-30,Active,111200.8
1067,2019,Investment,2025-02-05,Active,70248.08
1068,2690,Investment,2024-11-26,Active,136898.62
1069,1805,Investment,2022-03-09,Active,132435.96
1070,1193,Credit Card,2023-11-18,Closed,77123.16
1071,860,Credit Card,2024-01-24,Active,145388.59
1072,3830,Savings,2023-03-22,Active,106908.76
1073,4657,Checking,2021-01-18,Closed,35963.18
1074,4812,Credit Card,2022-08-06,Active,47238.62
1075,2070,Credit Card,2025-11-16,Active,16992.74
1076,355,Investment,2023-07-15,Active,111700.69
1077,1110,Credit Card,2023-03-01,Active,98301.73
1078,2439,Investment,2025-04-24,Active,149030.41
1079,894,Investment,2024-11-12,Active,140534.07
1080,2123,Credit Card,2022-05-26,Active,138174.79
1081,4225,Checking,2022-11-06,Closed,121950.06
1082,4689,Credit Card,2023-05-29,Active,67840.7
1083,1827,Investment,2024-10-08,Active,62787.64
1084,4524,Investment,2021-05-28,Closed,79174.02
1085,1787,Checking,2022-09-20,Closed,126230.74
1086,1725,Investment,2021-04-27,Active,121052.36
1087,3818,Investment,2023-08-12,Active,132084.13
1088,1584,Checking,2022-10-10,Active,74043.47
1089,4380,Investment,2022-03-23,Active,22717.53
1090,1617,Credit Card,2025-01-05,Active,2541.28
1091,1550,Credit Card,2023-04-18,Active,143113.33
1092,2729,Checking,2024-10-28,Active,34019.14
1093,1133,Investment,2025-08-10,Active,29737.33
1094,3757,Credit Card,2022-05-03,Active,121424.87
1095,2333,Investment,2024-06-30,Active,39741.01
1096,440,Savings,2022-01-21,Active,37227.23
1097,3950,Checking,2023-09-25,Active,63870.2
1098,2702,Savings,2021-03-10,Active,47437.52
1099,2824,Investment,2024-11-24,Active,137030.43
1100,1219,Checking,2021-03-17,Closed,17475.15
1101,2061,Savings,2021-05-31,Closed,146169.07
1102,2175,Credit Card,2025-06-12,Active,119998.44
1103,3209,Savings,2021-08-16,Active,82876.34
1104,2043,Checking,2024-09-19,Active,71902.56
1105,117,Investment,2025-09-22,Active,4934.73
1106,3320,Savings,2021-07-31,Active,130460.88
1107,4433,Savings,2024-08-22,Active,55019.32
1108,2426,Investment,2022-08-04,Active,37625.69
1109,36,Credit Card,2022-06-10,Active,48914.38
1110,2787,Credit Card,2024-04-04,Active,19347.35
1111,3342,Credit Card,2022-03-11,Closed,1489.23
1112,4084,Credit Card,2023-09-25,Active,35196.98
1113,1122,Investment,2023-09-27,Active,86695.47
1114,4921,Credit Card,2021-05-07,Closed,5787.16
1115,4257,Savings,2021-12-31,Closed,85051.99
1116,1165,Checking,2023-05-19,Active,142068.43
1117,1506,Checking,2021-11-03,Closed,56491.45
1118,2763,Checking,2024-10-17,Closed,16075.42
1119,4961,Investment,2021-03-18,Closed,4051.67
1120,550,Checking,2022-11-29,Active,6281.59
1121,1698,Savings,2024-04-11,Active,46746.14
1122,272,Investment,2023-07-26,Closed,134159.99
1123,939,Savings,2023-02-23,Active,82909.34
1124,1587,Savings,2024-11-05,Active,88430.85
1125,595,Savings,2025-02-25,Closed,117587.9
1126,4993,Checking,2021-10-28,Active,127590.08
1127,1838,Investment,2021-02-20,Active,24362.5
1128,3424,Checking,2021-03-28,Active,132726.85
1129,4186,Investment,2022-04-23,Closed,112415.35
1130,1490,Checking,2023-07-19,Active,43267.75
1131,4585,Investment,2022-10-26,Closed,118498.25
1132,4486,Checking,2021-10-25,Closed,29430.59
1133,1301,Checking,2024-11-20,Active,147137.18
1134,1372,Checking,2023-05-14,Active,39173.6
1135,3434,Credit Card,2023-01-19,Active,111227.42
1136,2218,Investment,2023-10-03,Active,126774.06
1137,3416,Checking,2025-08-04,Closed,132974.42
1138,2174,Savings,2023-06-21,Active,137563.97
1139,2807,Credit Card,2021-12-29,Closed,33019.08
1140,4507,Credit Card,2023-08-12,Closed,74475.3
1141,4394,Checking,2022-06-19,Closed,1038.73
1142,4965,Investment,2022-07-13,Active,72043.42
1143,3754,Checking,2025-05-08,Closed,13418.39
1144,4211,Investment,2023-10-22,Active,82090.5
1145,1271,Checking,2023-03-28,Active,77141.1
1146,1202,Checking,2023-04-02,Closed,38945.05
1147,3585,Checking,2021-02-24,Active,29783.33
1148,4037,Investment,2021-06-02,Active,50535.99
1149,3259,Checking,2024-01-17,Active,11603.47
1150,3289,Credit Card,2023-02-14,Closed,145427.41
1151,4729,Credit Card,2025-09-13,Active,22079.61
1152,4773,Savings,2023-12-09,Active,132077.53
1153,2151,Credit Card,2021-10-01,Active,147455.75
1154,2213,Investment,2021-06-20,Active,13168.75
1155,4948,Credit Card,2021-06-25,Active,78583.77
1156,23,Checking,2024-12-09,Closed,675.61
1157,4215,Investment,2025-05-16,Closed,130897.28
1158,842,Savings,2023-01-22,Active,72190.99
1159,848,Checking,2025-01-23,Closed,124138.03
1160,477,Savings,2022-08-07,Active,63985.0
1161,4489,Credit Card,2024-03-31,Closed,89766.84
1162,3712,Savings,2024-12-03,Active,62136.44
1163,440,Checking,2022-11-02,Active,5730.67
1164,4675,Checking,2021-01-02,Closed,8123.94
1165,870,Credit Card,2023-10-14,Active,109113.66
1166,97,Checking,2023-02-02,Active,52528.33
1167,2368,Investment,2024-03-03,Active,103068.6
1168,1882,Savings,2024-12-11,Active,12745.3
1169,1411,Investment,2024-06-23,Active,135717.84
1170,4941,Credit Card,2023-08-28,Closed,101328.62
1171,2735,Savings,2024-08-03,Closed,48533.02
1172,3698,Credit Card,2025-03-13,Active,124796.78
1173,1369,Savings,2022-12-11,Closed,99634.44
1174,2113,Savings,2024-10-02,Active,42551.46
1175,3314,Checking,2022-08-06,Active,116894.77
1176,1731,Credit Card,2023-06-22,Active,141203.09
1177,3002,Savings,2021-07-10,Active,69058.6
1178,1883,Investment,2025-11-14,Closed,119535.09
1179,3240,Investment,2025-02-27,Closed,80269.19
1180,3087,Checking,2025-04-21,Active,51854.0
1181,725,Investment,2025-07-14,Active,90007.4
1182,381,Credit Card,2025-06-27,Active,92498.86
1183,3203,Checking,2023-11-24,Active,41294.09
1184,286,Checking,2023-11-22,Active,143422.39
1185,2765,Investment,2023-10-28,Active,42844.6
1186,370,Credit Card,2024-10-12,Closed,38696.02
1187,2710,Investment,2021-02-24,Active,27807.27
1188,3063,Savings,2025-04-16,Active,22230.89
1189,3616,Checking,2025-02-17,Active,135253.65
1190,742,Checking,2024-11-17,Active,120201.79
1191,581,Credit Card,2023-12-31,Closed,101775.49
1192,4192,Credit Card,2024-06-02,Active,122866.71
1193,626,Credit Card,2022-05-13,Closed,18108.78
1194,1718,Investment,2021-04-18,Active,97799.74
1195,4358,Checking,2021-01-18,Active,22595.61
1196,3430,Savings,2022-06-27,Active,92621.85
1197,4058,Savings,2024-09-19,Active,50574.5
1198,2719,Savings,2022-08-31,Closed,138247.58
1199,4490,Checking,2025-11-06,Active,145273.64
1200,2310,Credit Card,2023-08-22,Active,67305.04
1201,3167,Credit Card,2021-01-11,Active,87789.25
1202,3733,Investment,2021-08-01,Active,102487.84
1203,1477,Credit Card,2021-06-15,Closed,12239.14
1204,1501,Credit Card,2023-10-20,Active,121396.49
1205,2820,Savings,2025-06-28,Active,63861.58
1206,3506,Investment,2024-06-23,Closed,141135.89
1207,2709,Credit Card,2022-08-24,Active,77151.8
1208,3703,Credit Card,2025-04-03,Active,35722.22
1209,35,Savings,2021-08-25,Active,62684.35
1210,27,Credit Card,2024-11-16,Closed,27708.26
1211,3717,Checking,2022-11-13,Active,38049.6
1212,2042,Checking,2023-11-23,Active,23402.09
1213,2284,Credit Card,2025-09-20,Active,72038.29
1214,1986,Credit Card,2023-05-15,Closed,18264.85
1215,573,Investment,2023-01-08,Closed,20847.42
1216,1084,Savings,2024-12-07,Active,144930.15
1217,3813,Investment,2021-02-27,Active,92186.72
1218,4248,Credit Card,2021-03-03,Active,15769.65
1219,288,Savings,2021-09-26,Closed,95532.01
1220,2454,Savings,2022-05-10,Active,32370.38
1221,3605,Savings,2024-10-14,Closed,10577.16
1222,3391,Savings,2024-07-25,Active,45088.6
1223,2885,Savings,2023-05-07,Active,120070.21
1224,862,Checking,2021-09-24,Active,81769.15
1225,118,Savings,2023-10-04,Closed,81168.15
1226,390,Investment,2023-03-21,Active,48183.02
1227,2448,Credit Card,2022-12-12,Closed,56817.99
1228,2898,Credit Card,2023-06-06,Active,12445.78
1229,236,Savings,2021-12-05,Active,21356.72
1230,1404,Investment,2024-09-19,Closed,87807.95
1231,2590,Credit Card,2025-09-05,Closed,88605.13
1232,4963,Credit Card,2023-12-14,Active,80760.1
1233,1281,Credit Card,2024-11-19,Closed,132572.54
1234,2690,Checking,2021-11-12,Active,12346.75
1235,1805,Savings,2025-09-16,Closed,14130.04
1236,1373,Savings,2022-03-06,Active,31593.78
1237,3544,Investment,2023-02-21,Active,19453.01
1238,3626,Investment,2025-11-23,Closed,20859.51
1239,4437,Credit Card,2024-12-09,Active,70944.14
1240,4336,Investment,2023-08-06,Active,108495.1
1241,1226,Investment,2021-01-13,Closed,84375.2
1242,2201,Checking,2023-06-16,Active,61301.63
1243,4399,Savings,2022-04-12,Active,95840.15
1244,2843,Credit Card,2025-07-24,Closed,36786.32
1245,3484,Savings,2021-12-22,Active,128887.37
1246,3711,Checking,2023-10-21,Active,38576.09
1247,1745,Credit Card,2022-11-27,Closed,33139.44
1248,1031,Investment,2025-05-09,Active,111946.88
1249,1037,Credit Card,2021-12-15,Closed,138455.74
1250,186,Savings,2022-10-02,Active,6742.94
1251,1249,Credit Card,2022-11-10,Active,43907.89
1252,3364,Savings,2023-12-04,Closed,133909.77
1253,3754,Checking,2024-08-22,Active,16087.05
1254,3405,Checking,2023-09-04,Active,118412.89
1255,3452,Credit Card,2024-07-29,Closed,130482.03
1256,3771,Investment,2022-04-22,Active,57326.99
1257,84,Credit Card,2022-09-01,Active,112046.12
1258,3533,Savings,2023-10-20,Active,28518.14
1259,1461,Checking,2024-07-01,Active,42871.81
1260,4934,Credit Card,2022-11-08,Closed,137743.96
1261,3586,Checking,2021-03-01,Closed,133729.56
1262,1960,Credit Card,2024-10-19,Active,87611.22
1263,4857,Credit Card,2024-10-19,Active,63551.0
1264,261,Investment,2023-09-27,Active,95608.92
1265,4872,Savings,2022-10-24,Active,13228.92
1266,387,Savings,2022-04-07,Active,104224.46
1267,1977,Investment,2025-01-17,Active,130138.2
1268,3080,Savings,2021-10-22,Active,53700.13
1269,4504,Checking,2024-07-03,Active,133718.33
1270,4491,Checking,2025-05-07,Active,81355.3
1271,139,Credit Card,2021-08-28,Active,31402.55
1272,2296,Savings,2025-09-12,Active,60853.18
1273,174,Investment,2021-09-22,Closed,25272.27
1274,3775,Credit Card,2021-05-26,Closed,55189.24
1275,3535,Credit Card,2024-09-13,Closed,104677.22
1276,4763,Credit Card,2024-09-29,Active,144126.8
1277,2791,Credit Card,2024-03-09,Active,146451.26
1278,209,Credit Card,2022-12-03,Active,103405.18
1279,3169,Checking,2021-10-02,Closed,17652.57
1280,4211,Credit Card,2023-01-17,Active,84093.04
1281,2827,Credit Card,2021-11-25,Active,110990.75
1282,3007,Checking,2021-10-21,Closed,134185.9
1283,4339,Savings,2024-08-14,Active,59456.46
1284,2567,Checking,2021-07-17,Active,14333.44
1285,3066,Credit Card,2023-10-04,Active,48290.58
1286,492,Savings,2025-07-05,Active,118529.05
1287,1111,Investment,2023-08-28,Active,69752.8
1288,211,Savings,2023-11-17,Active,142685.18
1289,1545,Credit Card,2025-08-12,Active,26259.28
1290,751,Savings,2025-05-29,Active,131768.97
1291,2341,Savings,2021-01-20,Active,149800.92
1292,3576,Credit Card,2022-04-24,Active,86593.24
1293,740,Checking,2021-12-27,Active,54573.76
1294,1350,Investment,2022-12-26,Active,87657.69
1295,501,Checking,2024-12-19,Active,138798.41
1296,3920,Credit Card,2024-05-29,Active,20876.17
1297,1939,Credit Card,2021-11-12,Active,61292.13
1298,708,Checking,2024-02-08,Active,30989.98
1299,2479,Savings,2025-02-26,Active,120256.18
1300,3006,Checking,2023-08-27,Active,32543.69
1301,3543,Savings,2024-11-18,Closed,64414.09
1302,3408,Savings,2021-06-28,Closed,36262.89
1303,1053,Checking,2021-08-26,Active,4375.03
1304,1356,Checking,2024-06-22,Active,75623.87
1305,1834,Checking,2021-03-22,Active,89013.42
1306,2502,Checking,2024-02-22,Active,92901.33
1307,4935,Checking,2021-04-14,Closed,101775.35
1308,2475,Credit Card,2025-07-16,Active,28644.26
1309,4689,Checking,2021-08-09,Active,10980.49
1310,1778,Credit Card,2022-01-29,Closed,144651.73
1311,1695,Investment,2021-07-12,Active,35408.93
1312,3532,Investment,2025-11-02,Closed,8548.26
1313,2461,Checking,2024-12-28,Closed,13218.88
1314,1784,Checking,2024-11-15,Active,133234.55
1315,3926,Checking,2022-08-19,Active,122064.5
1316,248,Savings,2021-08-18,Active,117367.37
1317,188,Savings,2025-04-13,Active,142926.47
1318,2159,Credit Card,2024-04-28,Closed,4658.48
1319,4040,Credit Card,2021-06-06,Closed,115607.04
1320,2826,Investment,2021-04-29,Closed,52339.49
1321,1258,Investment,2023-01-04,Active,34301.0
1322,3092,Savings,2025-03-29,Active,59458.9
1323,1605,Investment,2024-09-18,Active,14376.89
1324,450,Investment,2022-10-09,Active,143138.9
1325,4697,Investment,2024-06-07,Active,9533.83
1326,3269,Investment,2025-11-17,Active,2542.81
1327,4865,Credit Card,2024-05-29,Closed,137142.61
1328,3252,Savings,2023-03-25,Active,148028.83
1329,2031,Investment,2022-03-23,Active,4877.09
1330,886,Credit Card,2025-03-01,Active,117311.96
1331,4752,Checking,2023-10-12,Active,98566.67
1332,4583,Savings,2023-05-12,Active,27799.55
1333,2444,Checking,2022-03-18,Closed,50977.96
1334,4379,Investment,2025-05-13,Active,43154.47
1335,4438,Savings,2024-11-21,Active,36889.17
1336,2745,Checking,2024-05-13,Closed,28382.37
1337,4298,Credit Card,2025-10-09,Active,103041.56
1338,4509,Credit Card,2022-11-23,Active,47796.56
1339,923,Checking,2022-03-10,Closed,117367.59
1340,1760,Savings,2022-09-29,Active,64540.65
1341,4446,Savings,2024-02-23,Closed,29720.08
1342,4609,Savings,2025-09-19,Active,142950.7
1343,4358,Checking,2021-02-04,Active,104381.12
1344,3369,Investment,2022-06-07,Active,78072.83
1345,3386,Credit Card,2023-05-13,Closed,110839.11
1346,2178,Investment,2021-07-21,Active,73918.52
1347,724,Checking,2021-09-24,Closed,34583.75
1348,3747,Credit Card,2022-11-13,Active,86475.57
1349,3939,Checking,2023-03-30,Active,39392.14
1350,4206,Checking,2022-09-11,Active,17080.77
1351,2207,Checking,2022-06-03,Active,66192.15
1352,4457,Credit Card,2021-08-19,Active,105605.61
1353,561,Investment,2021-05-29,Closed,18180.28
1354,2515,Checking,2023-03-03,Active,131678.87
1355,624,Savings,2021-07-02,Closed,112403.1
1356,182,Credit Card,2025-05-22,Active,51297.88
1357,2209,Credit Card,2023-02-16,Active,26729.77
1358,3263,Savings,2023-10-23,Closed,76230.3
1359,2093,Savings,2025-10-06,Closed,68085.52
1360,2187,Checking,2025-07-11,Active,43865.14
1361,2234,Credit Card,2024-07-18,Active,148786.05
1362,4642,Investment,2022-12-27,Closed,4785.0
1363,1892,Checking,2021-01-15,Active,90345.56
1364,3389,Savings,2024-08-10,Active,74733.18
1365,1228,Investment,2022-03-28,Closed,136111.02
1366,1030,Checking,2024-11-15,Closed,111689.82
1367,1702,Savings,2023-03-11,Active,98888.97
1368,454,Credit Card,2024-04-04,Closed,3710.67
1369,4797,Credit Card,2022-02-01,Active,117243.42
1370,4953,Checking,2024-03-20,Closed,102603.74
1371,2955,Checking,2021-03-09,Active,28751.9
1372,2127,Checking,2025-10-20,Active,41626.63
1373,4323,Credit Card,2024-07-10,Active,28728.51
1374,3882,Investment,2025-07-23,Active,2831.56
1375,3441,Investment,2021-12-20,Active,107022.96
1376,4722,Checking,2022-11-18,Active,121789.51
1377,4866,Credit Card,2022-12-29,Active,92151.98
1378,3172,Credit Card,2023-05-27,Active,21159.13
1379,693,Investment,2025-02-28,Active,126788.76
1380,1069,Credit Card,2023-08-31,Active,75323.22
1381,99,Investment,2021-08-18,Active,97429.97
1382,3661,Credit Card,2022-02-24,Active,69413.11
1383,2332,Credit Card,2024-11-28,Active,35518.12
1384,963,Investment,2025-07-30,Active,82845.02
1385,1330,Credit Card,2023-05-16,Closed,107905.57
1386,379,Checking,2021-04-19,Closed,2407.5
1387,4557,Savings,2021-07-31,Active,95620.56
1388,2768,Investment,2023-07-08,Active,110781.21
1389,1962,Credit Card,2021-03-25,Active,84135.87
1390,737,Credit Card,2024-12-02,Active,94014.24
1391,2009,Credit Card,2022-10-04,Active,118182.73
1392,4439,Savings,2022-02-18,Closed,25762.81
1393,4382,Investment,2025-07-17,Active,128987.07
1394,4030,Checking,2024-03-21,Active,7717.53
1395,1135,Credit Card,2023-04-30,Closed,41450.87
1396,3739,Investment,2024-12-27,Active,124276.84
1397,2799,Savings,2023-11-27,Active,125450.88
1398,3840,Credit Card,2021-03-18,Active,139887.82
1399,17,Checking,2023-09-26,Active,148332.4
1400,977,Credit Card,2021-06-05,Closed,39040.37
1401,3128,Checking,2024-12-30,Active,149904.09
1402,4136,Checking,2022-05-09,Closed,54804.51
1403,2486,Credit Card,2021-12-20,Closed,32326.41
1404,4229,Credit Card,2024-01-25,Active,36555.73
1405,3956,Investment,2022-08-22,Closed,1207.41
1406,3841,Checking,2024-02-22,Active,51425.22
1407,1414,Checking,2022-11-16,Active,13438.65
1408,4546,Checking,2025-08-24,Active,113365.28
1409,3328,Checking,2023-09-17,Closed,100043.71
1410,3375,Checking,2025-01-30,Active,81400.82
1411,2954,Savings,2025-01-12,Active,124427.24
1412,2958,Checking,2023-07-30,Closed,46462.11
1413,4339,Checking,2021-10-01,Active,124451.73
1414,1548,Investment,2024-10-30,Active,124879.01
1415,4864,Checking,2025-09-23,Closed,7473.15
1416,2015,Checking,2023-09-26,Closed,137897.81
1417,3561,Savings,2025-03-19,Active,5969.38
1418,288,Savings,2024-03-14,Active,75938.75
1419,4865,Investment,2021-11-13,Closed,108519.18
1420,4431,Investment,2023-06-21,Active,92545.76
1421,2848,Investment,2021-05-02,Active,101143.05
1422,2204,Credit Card,2025-07-22,Closed,47840.98
1423,1092,Investment,2023-05-25,Closed,54387.37
1424,2263,Savings,2021-07-03,Active,67288.91
1425,4801,Investment,2022-07-10,Closed,86820.52
1426,29,Checking,2025-10-26,Active,46446.03
1427,1085,Savings,2025-03-26,Active,28292.44
1428,1471,Savings,2023-03-25,Active,32897.64
1429,3187,Credit Card,2024-09-20,Active,26188.66
1430,3042,Savings,2023-06-27,Active,2011.31
1431,271,Credit Card,2023-08-04,Active,109999.9
1432,1861,Checking,2022-11-18,Closed,77483.6
1433,1202,Savings,2024-08-18,Active,70015.15
1434,3921,Checking,2023-01-24,Active,51718.4
1435,4571,Investment,2022-02-14,Active,9746.39
1436,2935,Savings,2025-09-18,Closed,108637.79
1437,3344,Savings,2024-05-14,Active,20832.45
1438,3560,Savings,2022-04-18,Active,19863.01
1439,4365,Investment,2022-12-28,Active,116112.92
1440,4257,Investment,2022-04-18,Active,134333.82
1441,1795,Savings,2023-10-16,Active,50884.28
1442,4750,Checking,2022-03-02,Active,35345.1
1443,1880,Investment,2025-01-09,Active,1532.39
1444,4785,Savings,2022-10-02,Active,38022.0
1445,279,Investment,2022-02-23,Active,40431.12
1446,1566,Savings,2022-04-23,Active,95022.23
1447,4403,Savings,2025-07-19,Active,55386.58
1448,676,Credit Card,2021-09-19,Closed,133682.37
1449,104,Investment,2022-07-06,Active,66263.28
1450,4854,Credit Card,2023-12-09,Active,71889.02
1451,3449,Investment,2024-03-16,Active,134099.99
1452,3164,Credit Card,2022-08-29,Active,46420.9
1453,1181,Credit Card,2021-07-16,Closed,100020.33
1454,4419,Savings,2025-06-10,Closed,93298.25
1455,1289,Credit Card,2023-06-11,Active,48819.72
1456,1192,Investment,2024-07-12,Active,97330.1
1457,4936,Credit Card,2023-05-28,Active,39829.56
1458,1088,Savings,2023-12-14,Active,33531.79
1459,3743,Investment,2024-06-10,Active,101819.07
1460,658,Credit Card,2024-11-21,Active,36084.36
1461,775,Credit Card,2024-05-01,Closed,144610.82
1462,2973,Checking,2025-05-16,Active,19601.13
1463,96,Investment,2023-03-23,Closed,131604.17
1464,4293,Checking,2023-04-10,Closed,97111.74
1465,1829,Investment,2022-09-02,Closed,70919.17
1466,2440,Investment,2025-08-25,Active,21777.72
1467,4781,Checking,2023-01-04,Active,35051.09
1468,2744,Credit Card,2022-01-15,Active,128549.19
1469,3123,Savings,2021-12-12,Active,49125.53
1470,4637,Investment,2025-04-05,Active,136177.88
1471,3619,Savings,2022-08-28,Closed,34563.89
1472,4946,Credit Card,2022-06-11,Active,1579.79
1473,4558,Credit Card,2024-02-27,Active,118287.35
1474,2343,Credit Card,2023-04-30,Closed,116914.94
1475,3015,Checking,2022-02-11,Closed,9202.07
1476,4019,Checking,2022-03-21,Active,22867.74
1477,746,Savings,2021-02-02,Closed,141032.19
1478,3115,Investment,2024-10-07,Active,102593.0
1479,1375,Investment,2022-12-20,Closed,31130.72
1480,1523,Savings,2021-12-15,Active,137759.56
1481,3703,Savings,2022-07-03,Active,64199.64
1482,3207,Checking,2021-01-11,Active,5491.1
1483,86,Investment,2022-09-12,Closed,108139.62
1484,188,Investment,2025-03-12,Active,146436.32
1485,1264,Credit Card,2023-04-27,Active,138634.23
1486,3665,Savings,2025-05-04,Closed,77357.66
1487,2975,Credit Card,2024-07-14,Active,72909.41
1488,3529,Checking,2025-06-17,Active,90120.78
1489,4061,Investment,2021-07-18,Active,137336.09
1490,2997,Checking,2024-07-31,Active,43191.84
1491,4021,Savings,2025-07-27,Active,63060.8
1492,4708,Credit Card,2025-09-07,Active,137167.9
1493,1749,Savings,2024-11-11,Closed,115332.97
1494,467,Credit Card,2025-03-05,Active,75425.43
1495,4691,Credit Card,2021-03-03,Closed,65793.1
1496,720,Savings,2024-02-07,Closed,81576.89
1497,2482,Investment,2025-02-24,Closed,14040.35
1498,4331,Savings,2025-03-24,Closed,41379.12
1499,2163,Checking,2022-12-28,Closed,76462.63
1500,1756,Checking,2023-10-28,Closed,24082.52
1501,2650,Savings,2021-04-29,Active,7239.28
1502,4675,Investment,2024-08-13,Active,59295.55
1503,4983,Savings,2024-08-03,Active,139585.67
1504,2443,Savings,2025-05-06,Active,38044.73
1505,3324,Credit Card,2024-05-03,Active,149513.52
1506,1530,Checking,2025-08-07,Active,58636.95
1507,1927,Investment,2023-10-31,Active,1263.8
1508,4473,Savings,2021-04-03,Active,130233.32
1509,3438,Credit Card,2024-06-27,Closed,64361.4
1510,2455,Checking,2024-04-18,Active,71802.44
1511,2127,Credit Card,2023-06-23,Closed,64831.74
1512,4775,Checking,2021-09-08,Closed,12619.04
1513,1454,Credit Card,2021-08-26,Active,147759.44
1514,1948,Investment,2025-01-28,Active,146865.64
1515,4516,Investment,2025-06-04,Active,95951.81
1516,364,Credit Card,2021-03-28,Active,47421.47
1517,4934,Savings,2022-03-30,Active,56234.62
1518,4455,Investment,2023-05-02,Active,15512.37
1519,1831,Credit Card,2023-11-22,Active,112506.62
1520,213,Credit Card,2021-12-09,Closed,29356.92
1521,4249,Checking,2021-01-24,Active,10752.7
1522,2411,Credit Card,2025-07-19,Closed,14654.2
1523,4440,Credit Card,2021-07-09,Active,58022.65
1524,743,Credit Card,2024-05-09,Active,28859.07
1525,3287,Credit Card,2024-07-04,Active,131624.53
1526,2753,Checking,2021-09-05,Active,125080.47
1527,4722,Investment,2023-04-24,Active,75499.12
1528,4035,Investment,2021-06-07,Active,80672.06
1529,2550,Savings,2024-06-03,Active,106216.73
1530,4576,Credit Card,2025-01-05,Active,73814.16
1531,831,Investment,2024-05-14,Active,23477.89
1532,4842,Savings,2022-03-27,Active,11596.75
1533,1596,Credit Card,2022-07-27,Active,144277.21
1534,345,Credit Card,2024-02-27,Active,100025.93
1535,1747,Checking,2023-09-06,Closed,74655.99
1536,4278,Credit Card,2024-02-13,Closed,23597.68
1537,3678,Checking,2022-06-07,Closed,60214.27
1538,560,Savings,2024-11-15,Closed,118454.49
1539,1076,Checking,2025-01-16,Active,137569.08
1540,3182,Credit Card,2024-04-27,Active,64684.27
1541,4018,Checking,2024-10-11,Active,16970.03
1542,4542,Checking,2023-06-03,Active,81535.34
1543,995,Savings,2024-09-28,Active,131282.84
1544,4987,Savings,2022-03-30,Active,27725.39
1545,2926,Investment,2024-04-10,Active,9405.36
1546,1235,Checking,2022-03-29,Active,122491.12
1547,2793,Investment,2024-05-13,Active,126949.86
1548,4774,Investment,2024-12-12,Active,85822.72
1549,3315,Checking,2025-10-28,Active,54216.88
1550,2817,Checking,2021-12-01,Active,21576.77
1551,402,Savings,2025-09-22,Closed,1379.92
1552,1004,Credit Card,2023-04-10,Active,141243.0
1553,4562,Checking,2025-04-24,Active,38638.76
1554,3335,Checking,2025-09-16,Active,103922.89
1555,4093,Credit Card,2021-07-29,Active,120764.13
1556,4521,Savings,2025-09-18,Active,64015.39
1557,2668,Credit Card,2022-06-24,Active,4960.65
1558,3310,Credit Card,2021-01-24,Active,62388.65
1559,1079,Investment,2024-11-18,Active,51401.8
1560,3541,Savings,2024-05-01,Active,85939.04
1561,333,Credit Card,2023-09-25,Active,91454.1
1562,2247,Credit Card,2021-06-10,Active,99940.76
1563,132,Credit Card,2022-08-18,Closed,139521.95
1564,3630,Savings,2023-06-02,Active,127271.81
1565,4372,Investment,2022-08-13,Closed,113036.02
1566,4955,Credit Card,2021-06-25,Active,7211.99
1567,3201,Credit Card,2025-10-21,Closed,21278.1
1568,3284,Investment,2021-09-10,Active,101008.26
1569,3075,Credit Card,2023-11-29,Active,20645.23
1570,3174,Investment,2021-09-23,Closed,13177.95
1571,3197,Savings,2023-03-04,Closed,65590.24
1572,1554,Savings,2022-09-24,Active,121283.1
1573,3277,Investment,2025-11-30,Closed,97744.8
1574,1024,Credit Card,2023-03-22,Closed,24031.5
1575,4077,Investment,2025-03-08,Active,7198.38
1576,516,Investment,2023-01-16,Active,31339.12
1577,1209,Savings,2022-10-23,Active,27307.06
1578,1664,Savings,2022-11-28,Active,124256.66
1579,3198,Checking,2025-08-30,Active,78389.33
1580,4281,Credit Card,2025-09-12,Closed,131846.23
1581,3708,Checking,2022-01-04,Active,143390.6
1582,464,Savings,2022-11-27,Active,94077.65
1583,1866,Savings,2022-11-08,Active,28668.46
1584,976,Credit Card,2023-11-21,Active,137822.04
1585,137,Savings,2022-11-06,Active,99750.31
1586,1985,Savings,2021-11-03,Active,1491.0
1587,698,Credit Card,2021-10-28,Active,133421.33
1588,1854,Checking,2025-01-25,Active,136361.62
1589,616,Checking,2022-07-30,Closed,77043.06
1590,2173,Savings,2024-11-23,Closed,131454.65
1591,3947,Savings,2024-04-26,Active,7247.3
1592,1218,Checking,2021-07-17,Closed,139618.73
1593,1207,Checking,2022-04-13,Active,74066.89
1594,4636,Checking,2025-11-08,Active,98144.97
1595,350,Investment,2025-07-05,Active,129296.55
1596,1333,Credit Card,2023-04-17,Closed,78138.08
1597,3566,Savings,2025-07-19,Active,54562.47
1598,3879,Credit Card,2023-07-14,Active,130092.85
1599,3417,Credit Card,2022-03-13,Active,29715.54
1600,4047,Savings,2025-08-15,Active,46967.05
1601,1522,Credit Card,2021-09-20,Active,49376.87
1602,554,Savings,2023-08-13,Active,50002.25
1603,2045,Credit Card,2022-05-31,Active,34944.99
1604,4320,Investment,2022-01-18,Active,1563.74
1605,2147,Investment,2023-06-23,Closed,65554.65
1606,3104,Checking,2024-12-22,Active,81280.18
1607,4057,Credit Card,2022-09-05,Closed,12315.05
1608,1060,Investment,2021-04-24,Active,31537.28
1609,1763,Investment,2025-01-07,Active,90824.5
1610,842,Savings,2023-01-31,Closed,19694.99
1611,283,Credit Card,2023-09-12,Active,38910.23
1612,2158,Checking,2022-03-27,Active,2776.18
1613,3176,Credit Card,2021-06-17,Active,53643.06
1614,4841,Investment,2025-06-03,Active,53202.82
1615,3780,Credit Card,2022-10-01,Active,32423.26
1616,4876,Investment,2025-06-18,Active,121710.72
1617,2969,Savings,2022-04-10,Active,133131.02
1618,4757,Savings,2023-07-13,Closed,126379.04
1619,3829,Checking,2021-02-28,Active,112625.79
1620,1688,Credit Card,2025-06-10,Active,44526.68
1621,4914,Investment,2024-05-13,Active,110964.49
1622,4447,Credit Card,2024-12-06,Closed,94221.38
1623,4348,Checking,2023-12-09,Closed,77004.44
1624,440,Savings,2024-12-26,Active,55270.23
1625,4840,Investment,2021-11-11,Active,32993.88
1626,3581,Savings,2022-03-26,Closed,135501.84
1627,4779,Checking,2025-11-12,Active,32550.75
1628,1313,Savings,2021-12-09,Active,130706.08
1629,2634,Checking,2022-06-25,Closed,2560.12
1630,3691,Checking,2022-02-28,Active,109909.46
1631,4304,Investment,2022-03-24,Closed,46793.27
1632,3864,Investment,2025-01-20,Active,1453.46
1633,148,Investment,2022-03-29,Closed,61963.95
1634,2894,Checking,2023-04-04,Active,100995.43
1635,3681,Savings,2023-02-13,Active,128293.69
1636,4503,Savings,2025-10-12,Active,129885.68
1637,1483,Savings,2025-06-01,Active,87363.76
1638,1742,Investment,2025-10-25,Active,72373.82
1639,2143,Investment,2025-04-11,Active,64285.92
1640,1766,Savings,2024-05-11,Active,127647.88
1641,2453,Credit Card,2025-01-18,Closed,85703.07
1642,301,Investment,2023-04-04,Closed,5353.0
1643,2238,Credit Card,2024-01-18,Active,14627.86
1644,1658,Credit Card,2022-06-01,Active,149772.95
1645,4269,Credit Card,2025-07-20,Active,17313.54
1646,4267,Credit Card,2024-09-09,Closed,53046.88
1647,1262,Savings,2022-06-20,Active,4848.85
1648,3186,Savings,2025-03-15,Closed,83820.88
1649,724,Checking,2023-08-29,Active,84087.12
1650,1848,Investment,2025-06-05,Active,94074.9
1651,4334,Checking,2021-07-14,Closed,109128.4
1652,4747,Credit Card,2022-12-18,Active,86121.06
1653,2114,Checking,2021-12-08,Active,75196.28
1654,1617,Savings,2021-08-02,Closed,29416.48
1655,3227,Investment,2022-11-21,Active,73584.74
1656,3779,Investment,2023-05-26,Closed,73473.34
1657,4653,Credit Card,2022-03-06,Closed,11249.44
1658,2529,Investment,2021-07-02,Active,149763.75
1659,598,Credit Card,2024-04-12,Active,116277.25
1660,4550,Credit Card,2021-02-18,Active,65136.78
1661,4026,Savings,2025-10-17,Active,30472.36
1662,4972,Investment,2021-01-27,Closed,17689.73
1663,226,Checking,2021-03-09,Active,12758.63
1664,4996,Credit Card,2021-08-06,Active,79090.63
1665,2,Credit Card,2022-09-23,Active,112532.87
1666,3381,Investment,2022-05-30,Active,113842.03
1667,2143,Checking,2024-04-13,Active,879.1
1668,4298,Checking,2023-03-18,Closed,116711.94
1669,2049,Investment,2025-08-18,Active,47123.99
1670,4939,Checking,2024-03-14,Active,147195.52
1671,3943,Checking,2022-04-05,Closed,68401.31
1672,4689,Investment,2023-02-20,Active,58372.12
1673,1487,Investment,2021-03-16,Active,7235.65
1674,1485,Savings,2025-04-09,Closed,27590.04
1675,2504,Savings,2022-04-04,Active,54893.1
1676,3170,Investment,2024-03-08,Active,134422.87
1677,2975,Investment,2024-06-24,Active,99853.67
1678,2983,Investment,2023-01-12,Active,23964.89
1679,4006,Checking,2023-08-15,Active,17786.91
1680,2750,Checking,2022-09-24,Closed,101551.14
1681,1685,Savings,2024-07-04,Closed,1188.05
1682,4803,Credit Card,2023-05-19,Closed,76503.73
1683,4392,Investment,2025-11-12,Active,5722.54
1684,4291,Investment,2022-12-04,Active,141293.71
1685,4104,Investment,2023-02-15,Active,124476.95
1686,1594,Investment,2025-10-18,Active,41095.51
1687,4065,Savings,2021-04-15,Closed,30514.3
1688,4015,Investment,2023-03-22,Closed,132810.61
1689,2873,Investment,2024-05-02,Active,110435.11
1690,4246,Investment,2023-06-30,Closed,93043.56
1691,4779,Credit Card,2024-07-20,Closed,111814.94
1692,2858,Savings,2022-12-26,Active,128123.48
1693,2071,Credit Card,2025-11-04,Active,107676.72
1694,1063,Checking,2022-06-03,Active,36579.96
1695,4057,Checking,2021-12-14,Active,102044.3
1696,4295,Investment,2024-06-05,Active,131835.0
1697,2120,Checking,2022-11-13,Active,66418.48
1698,2863,Checking,2022-07-27,Closed,78984.07
1699,3069,Savings,2022-04-16,Active,109544.87
1700,3047,Savings,2023-04-06,Active,108381.53
1701,991,Investment,2022-05-23,Closed,45790.11
1702,4300,Credit Card,2021-03-29,Active,71470.43
1703,3757,Checking,2022-03-05,Active,13560.49
1704,11,Investment,2025-01-18,Active,26913.35
1705,2110,Checking,2025-09-14,Active,15952.29
1706,1157,Credit Card,2023-04-15,Active,130467.72
1707,3703,Investment,2024-07-17,Active,30712.6
1708,2387,Investment,2023-03-20,Active,97333.96
1709,2183,Investment,2024-11-17,Closed,111962.26
1710,2029,Savings,2022-03-24,Closed,29886.62
1711,4673,Investment,2024-06-22,Active,17163.17
1712,4872,Checking,2021-10-28,Active,122815.18
1713,572,Checking,2021-04-20,Active,27266.37
1714,4008,Checking,2023-06-13,Closed,120727.01
1715,903,Credit Card,2024-10-28,Active,59065.15
1716,4242,Investment,2022-06-22,Closed,85084.33
1717,3845,Savings,2022-02-19,Active,129524.79
1718,178,Checking,2023-05-25,Active,38115.87
1719,2634,Credit Card,2023-07-05,Active,106019.27
1720,3876,Savings,2023-12-18,Active,3927.57
1721,2818,Savings,2024-10-01,Closed,5239.8
1722,3829,Investment,2021-03-01,Closed,50450.96
1723,3854,Investment,2021-05-04,Active,95658.08
1724,4439,Checking,2024-10-25,Active,90157.28
1725,1960,Investment,2025-01-12,Active,129472.96
1726,4670,Savings,2021-08-13,Active,74051.65
1727,2078,Credit Card,2023-01-16,Active,105132.47
1728,1697,Investment,2022-05-24,Closed,140308.53
1729,3653,Credit Card,2021-01-19,Active,73647.18
1730,542,Checking,2025-04-03,Closed,126830.83
1731,2977,Checking,2021-09-01,Closed,40465.56
1732,4063,Investment,2021-03-15,Active,114322.1
1733,2469,Credit Card,2023-06-23,Active,120926.83
1734,1868,Credit Card,2022-06-05,Closed,32353.48
1735,2692,Credit Card,2024-09-13,Active,130262.51
1736,2149,Savings,2024-06-24,Closed,28113.07
1737,474,Checking,2024-06-12,Active,18093.77
1738,3701,Savings,2024-02-09,Closed,120636.5
1739,2100,Checking,2022-05-19,Closed,74120.96
1740,4254,Credit Card,2022-10-29,Active,149080.16
1741,342,Credit Card,2024-02-03,Active,4081.27
1742,1526,Checking,2024-07-05,Closed,94136.83
1743,3046,Checking,2023-06-12,Active,23600.0
1744,444,Credit Card,2021-09-12,Active,31405.03
1745,310,Investment,2021-09-24,Closed,29777.13
1746,175,Savings,2024-05-14,Active,54053.36
1747,3274,Credit Card,2022-12-24,Active,146781.49
1748,241,Checking,2023-06-21,Active,41639.19
1749,493,Savings,2025-07-06,Closed,31667.82
1750,1339,Checking,2021-02-22,Active,130024.08
1751,4992,Savings,2023-01-02,Active,83984.72
1752,2674,Checking,2021-01-09,Active,19639.42
1753,643,Savings,2024-09-22,Active,113830.5
1754,3150,Savings,2023-11-26,Active,45492.99
1755,1020,Checking,2025-05-21,Active,136552.12
1756,459,Credit Card,2022-12-11,Active,106468.08
1757,1782,Credit Card,2023-11-24,Closed,113594.83
1758,3977,Investment,2024-05-13,Active,88243.46
1759,4305,Savings,2025-03-13,Active,124738.64
1760,2700,Credit Card,2024-07-30,Active,79176.87
1761,860,Checking,2023-02-07,Active,73159.92
1762,1539,Savings,2025-04-16,Closed,139803.75
1763,1078,Credit Card,2024-04-16,Active,75914.27
1764,1513,Credit Card,2025-11-19,Active,97154.93
1765,3431,Checking,2025-05-05,Active,135836.92
1766,4848,Savings,2021-03-26,Active,140560.61
1767,1016,Investment,2024-03-23,Active,126822.42
1768,2145,Investment,2025-02-28,Closed,15945.46
1769,2774,Credit Card,2021-01-31,Active,87987.94
1770,944,Credit Card,2024-12-31,Active,76807.94
1771,1116,Credit Card,2024-09-02,Active,61379.67
1772,2380,Savings,2021-03-26,Active,4500.95
1773,3384,Credit Card,2024-05-04,Active,117686.22
1774,4927,Savings,2024-11-30,Active,129210.93
1775,4165,Checking,2023-11-13,Active,76414.55
1776,1099,Savings,2024-09-21,Closed,66076.57
1777,2702,Investment,2022-09-07,Closed,94324.02
1778,4040,Credit Card,2022-07-11,Active,55805.63
1779,963,Savings,2021-09-16,Closed,22683.52
1780,2364,Savings,2025-02-17,Closed,89622.2
1781,316,Investment,2021-02-04,Active,106748.88
1782,2712,Credit Card,2023-01-16,Active,85594.0
1783,3409,Credit Card,2023-08-04,Active,65738.34
1784,1087,Credit Card,2022-02-09,Closed,99019.16
1785,4003,Savings,2021-08-29,Active,54920.05
1786,1811,Checking,2022-12-05,Active,116590.22
1787,3531,Credit Card,2023-07-04,Active,56652.81
1788,1016,Savings,2025-05-22,Active,73877.45
1789,3955,Credit Card,2023-03-25,Active,120887.76
1790,2319,Credit Card,2025-08-01,Active,104167.9
1791,1655,Checking,2022-07-20,Closed,136007.11
1792,405,Credit Card,2021-04-25,Active,144077.15
1793,2756,Savings,2024-02-13,Active,53302.23
1794,2755,Credit Card,2025-08-29,Closed,120312.31
1795,1008,Savings,2023-05-19,Active,56265.26
1796,3963,Investment,2024-12-03,Closed,76591.71
1797,4592,Credit Card,2025-08-08,Active,45577.57
1798,4756,Checking,2021-07-07,Closed,113990.28
1799,417,Savings,2022-08-25,Active,71310.58
1800,3036,Investment,2022-11-07,Active,115010.83
1801,766,Investment,2024-07-05,Active,33848.6
1802,4555,Checking,2023-02-25,Active,130615.9
1803,3443,Credit Card,2021-03-15,Active,146938.06
1804,274,Credit Card,2023-01-25,Active,89783.98
1805,761,Credit Card,2021-08-10,Active,26395.13
1806,1326,Credit Card,2023-04-12,Active,5430.26
1807,1556,Savings,2024-11-05,Active,141094.44
1808,3551,Investment,2022-05-13,Active,28148.68
1809,20,Savings,2024-09-25,Closed,78054.62
1810,515,Savings,2024-02-21,Active,42857.32
1811,3685,Checking,2023-12-01,Closed,116052.26
1812,3542,Savings,2023-04-08,Active,132161.37
1813,1107,Checking,2025-02-22,Active,45197.16
1814,760,Credit Card,2022-01-16,Active,111557.25
1815,3316,Credit Card,2023-06-10,Closed,42075.06
1816,3384,Credit Card,2022-09-21,Active,39019.75
1817,4578,Savings,2022-02-02,Closed,90091.01
1818,3557,Savings,2023-04-13,Closed,89285.55
1819,2681,Checking,2023-11-28,Closed,66822.21
1820,2477,Savings,2022-07-13,Active,58531.47
1821,3653,Checking,2024-09-21,Active,139873.47
1822,2108,Savings,2023-02-26,Active,37773.55
1823,2680,Investment,2022-11-08,Closed,46987.38
1824,1182,Credit Card,2022-02-06,Active,141261.48
1825,3104,Checking,2025-06-11,Closed,40606.21
1826,4827,Investment,2023-03-07,Closed,100316.95
1827,4255,Checking,2021-05-11,Active,126047.44
1828,4724,Savings,2025-05-20,Active,99915.86
1829,1118,Investment,2022-06-30,Closed,21036.95
1830,430,Investment,2022-04-09,Active,34945.37
1831,4572,Credit Card,2025-05-04,Active,147196.65
1832,527,Investment,2022-02-22,Closed,138027.67
1833,4267,Investment,2022-11-01,Active,8192.94
1834,2175,Credit Card,2025-06-01,Active,87826.19
1835,2667,Investment,2024-10-15,Closed,97933.06
1836,3047,Investment,2025-08-18,Closed,84462.56
1837,18,Credit Card,2021-04-21,Active,10532.03
1838,1080,Investment,2023-03-22,Closed,39540.17
1839,2093,Credit Card,2024-05-17,Active,145233.22
1840,1837,Investment,2021-12-06,Active,55462.94
1841,880,Investment,2022-06-07,Active,29335.99
1842,2059,Credit Card,2025-06-26,Active,6825.49
1843,2391,Checking,2021-11-06,Closed,66739.98
1844,3735,Checking,2025-01-05,Active,21024.56
1845,2045,Checking,2022-10-30,Active,85961.55
1846,4323,Checking,2022-12-13,Active,61622.76
1847,830,Savings,2022-04-28,Active,131929.05
1848,4484,Checking,2022-10-17,Active,94073.24
1849,1537,Savings,2022-01-16,Closed,134906.9
1850,3365,Savings,2024-12-25,Active,128204.16
1851,4842,Checking,2024-11-17,Active,19764.08
1852,1675,Checking,2024-01-28,Active,60630.65
1853,4141,Checking,2024-06-14,Closed,6961.06
1854,2979,Savings,2021-11-06,Active,79547.35
1855,2864,Credit Card,2023-07-30,Closed,54596.5
1856,4904,Credit Card,2021-02-12,Active,71225.69
1857,1477,Investment,2022-12-21,Active,143643.01
1858,2376,Credit Card,2022-03-18,Active,7189.71
1859,52,Investment,2024-07-09,Closed,109870.2
1860,3001,Savings,2021-09-10,Active,64501.95
1861,89,Savings,2024-05-04,Active,16755.88
1862,4504,Investment,2024-04-18,Active,51203.26
1863,1648,Investment,2025-08-13,Active,42736.18
1864,3662,Savings,2022-05-05,Active,42871.07
1865,678,Savings,2024-06-02,Closed,42659.57
1866,713,Investment,2022-01-03,Closed,61979.41
1867,3262,Checking,2025-10-19,Active,33638.73
1868,3291,Investment,2021-06-27,Active,51293.01
1869,182,Savings,2023-05-08,Active,68326.53
1870,2718,Savings,2022-11-24,Closed,68806.97
1871,1138,Savings,2021-04-21,Closed,94543.97
1872,3876,Checking,2025-03-11,Active,68476.85
1873,2573,Checking,2021-08-19,Active,133444.27
1874,2919,Investment,2025-03-13,Closed,6729.56
1875,4744,Credit Card,2021-01-06,Closed,143561.41
1876,582,Checking,2021-12-31,Active,127484.12
1877,3717,Savings,2025-11-16,Active,145789.9
1878,2990,Savings,2025-06-26,Active,114155.98
1879,1896,Credit Card,2021-02-04,Active,79693.91
1880,4774,Credit Card,2024-12-06,Active,130695.49
1881,3430,Investment,2022-11-09,Active,134509.48
1882,4766,Savings,2022-08-31,Active,129172.58
1883,4326,Checking,2022-04-11,Active,41075.74
1884,3244,Credit Card,2024-10-31,Closed,112606.49
1885,2739,Credit Card,2024-07-10,Active,86243.79
1886,1169,Checking,2025-01-16,Active,10789.19
1887,531,Credit Card,2022-10-24,Active,116969.15
1888,808,Savings,2021-04-13,Active,43022.76
1889,2991,Savings,2025-01-21,Active,147087.92
1890,1664,Savings,2025-04-14,Active,47698.53
1891,3018,Credit Card,2024-12-04,Active,70086.61
1892,434,Credit Card,2021-01-06,Active,61140.25
1893,2159,Investment,2022-04-23,Closed,5434.22
1894,1202,Investment,2021-07-16,Active,124353.93
1895,2209,Checking,2023-06-22,Active,122927.81
1896,2794,Savings,2024-12-12,Active,129459.96
1897,4632,Investment,2025-03-06,Active,67637.58
1898,4417,Investment,2023-02-06,Active,68374.99
1899,4958,Credit Card,2023-06-30,Active,53513.59
1900,774,Savings,2023-10-08,Active,5063.73
1901,567,Credit Card,2021-04-28,Active,133925.75
1902,4831,Investment,2021-06-21,Active,37478.63
1903,604,Savings,2023-09-27,Closed,43484.6
1904,4093,Credit Card,2021-02-27,Active,6952.48
1905,2871,Credit Card,2024-12-13,Active,124291.18
1906,2737,Savings,2024-03-15,Active,70329.14
1907,4076,Investment,2025-10-12,Active,1502.62
1908,2138,Savings,2023-03-14,Active,70611.59
1909,2625,Savings,2023-05-22,Active,67799.93
1910,4760,Savings,2024-09-17,Closed,4397.37
1911,1055,Investment,2025-08-28,Active,18631.52
1912,3573,Checking,2023-11-16,Active,4445.24
1913,4968,Savings,2025-06-02,Closed,125846.37
1914,4814,Checking,2024-08-22,Active,126725.38
1915,29,Checking,2025-07-27,Closed,7819.32
1916,1609,Investment,2021-10-06,Closed,100182.38
1917,4321,Credit Card,2021-02-19,Closed,70008.4
1918,4022,Investment,2025-10-10,Active,13151.71
1919,4823,Savings,2023-08-09,Closed,76224.81
1920,824,Credit Card,2021-08-04,Closed,97298.19
1921,4915,Credit Card,2023-04-02,Closed,4711.62
1922,4022,Savings,2023-07-10,Active,144282.38
1923,2966,Checking,2023-03-11,Active,22819.81
1924,2901,Checking,2025-11-08,Active,55575.04
1925,1968,Investment,2025-10-19,Active,109725.75
1926,4996,Credit Card,2021-12-24,Active,7781.83
1927,2924,Investment,2021-08-05,Closed,112177.63
1928,4301,Investment,2023-05-03,Active,54784.37
1929,989,Savings,2024-02-03,Active,73764.62
1930,4069,Investment,2022-06-21,Active,75119.35
1931,4975,Credit Card,2022-05-04,Active,98363.5
1932,2515,Savings,2022-03-19,Active,58300.97
1933,4741,Investment,2024-04-23,Active,27027.84
1934,1185,Checking,2025-05-03,Active,91939.29
1935,505,Investment,2024-11-28,Active,64154.97
1936,4735,Savings,2021-09-10,Closed,121573.46
1937,917,Checking,2024-03-28,Closed,144343.58
1938,4713,Savings,2022-01-23,Active,36226.84
1939,308,Checking,2022-03-12,Active,114815.99
1940,3919,Savings,2024-02-15,Active,48480.04
1941,3223,Savings,2023-12-23,Closed,56399.7
1942,1929,Credit Card,2022-11-06,Active,63817.09
1943,1407,Savings,2021-04-20,Active,116445.03
1944,4022,Investment,2022-06-04,Active,17503.59
1945,4576,Investment,2021-11-19,Active,43912.23
1946,3018,Investment,2021-09-08,Active,85802.52
1947,1354,Savings,2025-06-28,Active,87061.87
1948,678,Investment,2023-06-22,Closed,50679.24
1949,67,Savings,2025-06-13,Active,103006.18
1950,3600,Checking,2023-02-04,Active,49185.69
1951,3952,Investment,2024-11-19,Closed,117255.72
1952,4609,Investment,2021-06-11,Active,30974.08
1953,1029,Credit Card,2024-10-02,Active,45620.51
1954,2616,Credit Card,2022-02-27,Active,75684.19
1955,627,Credit Card,2021-05-21,Closed,53081.9
1956,4814,Investment,2021-10-16,Active,7999.49
1957,2226,Checking,2023-11-22,Active,57390.0
1958,3057,Credit Card,2023-07-13,Closed,28374.77
1959,2102,Savings,2022-02-08,Active,61337.03
1960,3094,Investment,2025-08-21,Active,121084.7
1961,4400,Credit Card,2022-10-08,Active,60260.49
1962,2231,Credit Card,2022-04-12,Active,120378.89
1963,496,Checking,2025-05-29,Active,45326.37
1964,3988,Investment,2025-05-16,Active,93523.95
1965,2858,Savings,2022-07-25,Active,138162.97
1966,12,Checking,2021-08-07,Closed,91888.7
1967,931,Savings,2022-03-15,Active,55771.78
1968,2630,Credit Card,2022-03-07,Active,15561.45
1969,2662,Investment,2025-01-07,Active,128336.12
1970,2455,Credit Card,2023-07-28,Closed,8454.99
1971,758,Investment,2025-11-19,Active,126313.62
1972,1322,Savings,2023-02-27,Active,124909.38
1973,2739,Credit Card,2022-10-25,Closed,148376.84
1974,27,Checking,2021-12-31,Active,51581.55
1975,2054,Investment,2025-06-13,Active,22040.86
1976,2048,Credit Card,2024-03-12,Active,73783.62
1977,683,Investment,2025-03-18,Active,100127.99
1978,1877,Investment,2022-07-20,Closed,137003.91
1979,2790,Credit Card,2025-09-03,Closed,102934.48
1980,415,Checking,2023-05-05,Active,138987.5
1981,4305,Checking,2025-10-14,Active,66503.78
1982,2929,Investment,2021-08-10,Active,50925.9
1983,611,Checking,2022-06-16,Active,568.03
1984,1397,Credit Card,2021-12-05,Active,73396.87
1985,3272,Investment,2021-05-18,Active,135864.19
1986,2765,Credit Card,2023-06-13,Active,79552.85
1987,2751,Checking,2022-07-07,Active,33140.62
1988,1615,Investment,2023-06-10,Active,109757.48
1989,102,Credit Card,2021-10-15,Active,49646.51
1990,3532,Credit Card,2024-11-27,Active,66167.1
1991,811,Credit Card,2024-09-27,Closed,82546.24
1992,4636,Credit Card,2021-05-02,Active,110789.81
1993,2491,Savings,2024-04-28,Active,13303.83
1994,4792,Checking,2025-11-02,Active,97736.27
1995,1311,Credit Card,2024-03-14,Active,43883.88
1996,2329,Checking,2021-01-15,Active,122427.33
1997,2965,Investment,2024-11-21,Active,87282.92
1998,2331,Savings,2025-10-17,Closed,48556.39
1999,47,Savings,2021-09-05,Active,16656.86
2000,2474,Savings,2021-03-29,Active,93082.33
2001,4146,Credit Card,2024-08-17,Active,65658.05
2002,4123,Investment,2023-11-18,Closed,54916.07
2003,2436,Checking,2024-01-19,Active,69770.99
2004,4915,Savings,2021-09-13,Closed,68830.79
2005,2679,Checking,2024-05-27,Closed,47169.59
2006,2238,Checking,2024-11-22,Active,29112.62
2007,1225,Checking,2025-01-13,Active,133918.34
2008,806,Checking,2022-01-26,Active,132459.01
2009,1784,Credit Card,2021-07-29,Closed,124408.79
2010,4372,Savings,2025-04-21,Active,43828.05
2011,4450,Checking,2022-05-29,Active,22558.94
2012,2063,Savings,2023-03-20,Closed,71753.73
2013,670,Savings,2024-07-13,Active,1999.14
2014,1143,Savings,2022-10-04,Active,24259.44
2015,4399,Investment,2023-05-19,Active,122124.61
2016,3884,Checking,2023-02-28,Active,116027.31
2017,1622,Investment,2024-08-27,Closed,106395.08
2018,3849,Checking,2022-09-12,Closed,73275.83
2019,1099,Checking,2021-06-03,Closed,97718.16
2020,1463,Credit Card,2025-06-14,Active,3559.39
2021,1792,Checking,2024-12-02,Active,128243.79
2022,153,Investment,2024-11-09,Active,42906.77
2023,3785,Savings,2025-07-06,Active,41838.14
2024,3542,Credit Card,2022-12-11,Active,65811.77
2025,4357,Savings,2024-04-28,Active,73066.72
2026,3559,Savings,2025-03-22,Active,105047.75
2027,1799,Checking,2024-02-12,Active,119357.82
2028,4189,Savings,2024-03-26,Closed,97391.58
2029,1364,Investment,2025-05-11,Closed,77637.94
2030,3917,Checking,2025-02-19,Active,27506.52
2031,1903,Investment,2022-12-23,Active,12321.45
2032,4933,Savings,2023-01-23,Active,123182.49
2033,3493,Savings,2024-10-28,Active,97794.7
2034,2612,Credit Card,2022-05-26,Closed,108127.27
2035,2836,Investment,2021-01-15,Active,74594.93
2036,3072,Credit Card,2021-01-13,Active,98964.07
2037,4993,Investment,2024-06-07,Active,117444.6
2038,3737,Investment,2023-02-13,Closed,19224.24
2039,580,Checking,2022-05-02,Active,136836.93
2040,2937,Credit Card,2021-05-30,Active,111107.28
2041,2277,Savings,2025-03-13,Active,135083.6
2042,4774,Credit Card,2022-11-13,Active,29823.6
2043,1548,Checking,2024-12-20,Active,92043.89
2044,2876,Checking,2022-08-26,Closed,31621.28
2045,2904,Checking,2021-08-13,Active,89699.23
2046,4079,Credit Card,2022-09-25,Active,101042.39
2047,3514,Investment,2022-04-15,Active,110253.13
2048,81,Credit Card,2025-10-14,Active,38145.42
2049,4025,Investment,2022-05-02,Active,21529.69
2050,2137,Investment,2021-10-03,Closed,126570.07
2051,3819,Checking,2025-11-14,Active,132586.2
2052,1414,Checking,2022-03-20,Active,77635.2
2053,3616,Savings,2021-05-10,Active,141707.83
2054,2517,Investment,2024-10-13,Active,131660.23
2055,984,Savings,2021-05-25,Closed,112506.07
2056,4763,Savings,2023-05-17,Closed,133726.59
2057,1782,Checking,2021-05-25,Active,91145.67
2058,1687,Checking,2022-05-04,Active,149448.58
2059,4128,Savings,2023-04-05,Active,8548.81
2060,3539,Credit Card,2025-02-08,Active,101163.15
2061,216,Savings,2021-02-24,Active,76659.99
2062,154,Investment,2022-05-14,Active,82297.68
2063,3050,Checking,2025-01-04,Active,137695.44
2064,1057,Savings,2021-05-19,Active,11832.51
2065,2072,Checking,2021-02-18,Closed,7308.41
2066,4242,Investment,2022-06-21,Active,63979.47
2067,4507,Investment,2023-08-22,Active,27965.66
2068,527,Investment,2022-07-31,Active,31838.86
2069,1052,Credit Card,2021-02-12,Active,96811.97
2070,4060,Savings,2022-06-08,Active,46364.64
2071,1063,Checking,2021-08-02,Closed,54502.87
2072,369,Checking,2025-07-07,Active,126596.59
2073,16,Checking,2021-05-15,Active,17023.5
2074,1000,Credit Card,2022-04-26,Active,50426.73
2075,3730,Credit Card,2024-03-15,Active,7575.11
2076,3870,Savings,2025-04-06,Active,102012.78
2077,4889,Investment,2023-01-02,Closed,20006.29
2078,698,Investment,2023-09-29,Active,106760.54
2079,4915,Investment,2025-04-03,Closed,73920.43
2080,3901,Investment,2025-02-15,Active,129782.85
2081,1784,Investment,2023-10-22,Closed,98614.13
2082,1056,Savings,2025-06-06,Active,80188.15
2083,4701,Investment,2022-04-03,Active,6737.1
2084,4151,Savings,2023-09-03,Active,41599.16
2085,958,Credit Card,2024-04-17,Active,51566.6
2086,4107,Checking,2023-04-20,Closed,124330.73
2087,1830,Checking,2022-07-29,Active,75045.36
2088,4742,Investment,2024-09-08,Active,109323.19
2089,329,Checking,2022-05-23,Active,131517.73
2090,2614,Credit Card,2023-11-11,Active,136122.31
2091,869,Credit Card,2025-04-21,Active,99420.39
2092,1149,Credit Card,2021-03-09,Active,124172.19
2093,4923,Savings,2022-01-27,Active,67484.71
2094,4617,Credit Card,2022-10-10,Active,141501.72
2095,1867,Credit Card,2023-11-24,Closed,134512.61
2096,70,Checking,2021-10-15,Closed,144548.32
2097,612,Credit Card,2025-04-22,Active,69066.15
2098,2287,Checking,2022-01-16,Active,54176.68
2099,2853,Credit Card,2025-01-12,Active,101228.57
2100,2188,Checking,2022-08-02,Closed,113947.29
2101,4229,Investment,2024-12-21,Closed,70463.62
2102,4124,Savings,2025-11-27,Active,146255.71
2103,868,Checking,2025-04-11,Active,68602.02
2104,1146,Checking,2024-10-22,Active,3738.79
2105,2543,Checking,2023-10-10,Active,117452.53
2106,2418,Checking,2023-04-05,Closed,55375.62
2107,4029,Checking,2024-01-06,Active,14669.36
2108,189,Credit Card,2024-11-22,Closed,61623.8
2109,671,Investment,2023-12-05,Active,142679.9
2110,1221,Savings,2023-06-07,Active,45442.54
2111,4077,Credit Card,2021-05-02,Closed,70767.83
2112,942,Checking,2025-07-08,Active,75561.06
2113,3820,Checking,2025-05-14,Active,36707.03
2114,2674,Checking,2023-08-07,Active,99112.21
2115,1837,Checking,2025-05-29,Closed,37018.95
2116,2523,Investment,2025-09-17,Closed,116015.33
2117,4640,Investment,2024-06-10,Active,90307.53
2118,491,Savings,2025-03-26,Active,39486.92
2119,1865,Checking,2023-11-18,Closed,66625.42
2120,4873,Savings,2025-12-04,Active,60889.52
2121,4700,Credit Card,2021-11-26,Closed,3838.52
2122,4321,Checking,2021-09-06,Active,9348.58
2123,4192,Credit Card,2023-05-23,Active,20816.96
2124,686,Credit Card,2025-07-26,Active,103556.29
2125,3045,Checking,2021-07-18,Active,69825.6
2126,4872,Investment,2021-06-15,Active,3725.31
2127,2222,Investment,2022-05-11,Active,30072.66
2128,1267,Investment,2022-12-27,Closed,44754.7
2129,2709,Investment,2022-03-07,Active,47622.76
2130,1269,Checking,2022-02-25,Active,123332.04
2131,2113,Checking,2021-08-12,Active,88984.96
2132,222,Savings,2024-08-03,Active,57187.53
2133,4005,Savings,2021-07-29,Closed,97617.48
2134,1671,Checking,2021-04-19,Active,130735.92
2135,1447,Credit Card,2021-06-04,Active,25010.55
2136,3473,Investment,2025-05-25,Active,112365.29
2137,2995,Savings,2025-07-30,Active,100631.32
2138,2589,Investment,2025-05-07,Active,18992.19
2139,3354,Credit Card,2021-08-11,Active,40885.13
2140,1161,Checking,2023-04-27,Active,127727.27
2141,2699,Savings,2022-10-07,Closed,114596.71
2142,2595,Savings,2024-01-02,Closed,79730.18
2143,3021,Checking,2021-05-03,Active,127801.4
2144,4756,Credit Card,2025-08-01,Active,27854.38
2145,1569,Savings,2021-10-01,Active,83496.49
2146,4860,Credit Card,2022-04-17,Active,104202.83
2147,2731,Savings,2025-11-29,Active,50741.46
2148,4062,Checking,2022-10-10,Closed,107552.68
2149,4166,Investment,2021-06-30,Active,54426.47
2150,2415,Credit Card,2021-09-27,Active,42434.56
2151,3878,Investment,2023-10-06,Closed,38340.24
2152,2241,Investment,2024-03-04,Active,119251.39
2153,2010,Credit Card,2021-03-11,Closed,42705.6
2154,434,Investment,2021-04-10,Active,58286.55
2155,4359,Savings,2025-11-25,Closed,44998.88
2156,3559,Investment,2021-09-15,Active,121031.0
2157,1704,Investment,2023-10-15,Active,117881.02
2158,4608,Credit Card,2022-12-22,Closed,3594.31
2159,825,Checking,2021-10-14,Active,132949.97
2160,2083,Investment,2021-02-19,Active,129026.37
2161,2075,Credit Card,2025-07-17,Active,90656.31
2162,357,Investment,2021-07-09,Active,86238.95
2163,1824,Credit Card,2021-10-17,Closed,5146.77
2164,4618,Investment,2021-10-21,Active,54405.06
2165,854,Investment,2024-12-18,Active,30593.13
2166,3230,Checking,2025-05-04,Active,20188.59
2167,482,Savings,2024-08-22,Active,37355.53
2168,4895,Credit Card,2023-11-08,Active,140705.73
2169,3768,Credit Card,2024-02-15,Active,103009.02
2170,1989,Checking,2023-05-26,Closed,88933.79
2171,2168,Investment,2024-03-13,Active,50750.43
2172,2510,Credit Card,2024-05-23,Active,126487.15
2173,4154,Checking,2025-11-29,Active,67569.49
2174,1582,Checking,2025-01-26,Closed,106589.77
2175,2359,Savings,2024-10-26,Closed,109537.45
2176,4335,Savings,2022-04-14,Active,139800.39
2177,2293,Savings,2021-02-18,Active,90155.35
2178,1710,Savings,2023-03-19,Closed,58425.7
2179,3782,Credit Card,2023-04-17,Active,115083.61
2180,2268,Credit Card,2021-03-24,Closed,50785.28
2181,3004,Checking,2021-07-23,Active,83088.5
2182,1896,Checking,2023-10-31,Active,144741.17
2183,2869,Savings,2021-01-14,Active,80018.6
2184,4941,Checking,2021-11-28,Closed,116354.27
2185,2392,Credit Card,2024-10-22,Active,25871.37
2186,4309,Savings,2025-01-10,Closed,117086.64
2187,3441,Investment,2023-10-02,Active,27792.78
2188,1722,Credit Card,2022-10-14,Active,136642.72
2189,1878,Investment,2025-08-07,Active,109845.64
2190,1092,Investment,2025-01-05,Active,91382.73
2191,4739,Checking,2022-01-19,Active,18394.21
2192,98,Investment,2021-10-10,Active,73712.71
2193,1353,Credit Card,2021-05-19,Active,134158.05
2194,2060,Investment,2024-11-28,Closed,145701.98
2195,2813,Investment,2022-03-20,Active,54498.23
2196,2921,Savings,2023-09-03,Active,145454.0
2197,2918,Checking,2022-01-07,Active,10291.25
2198,3713,Checking,2022-03-31,Active,8235.07
2199,1717,Savings,2025-09-19,Closed,67669.18
2200,1866,Savings,2021-08-04,Closed,148341.15
2201,2255,Credit Card,2021-06-25,Active,8224.86
2202,1310,Investment,2024-11-02,Active,91177.31
2203,220,Savings,2023-12-13,Closed,81844.54
2204,152,Checking,2021-01-01,Closed,23036.13
2205,226,Investment,2024-02-23,Active,130775.95
2206,994,Credit Card,2023-12-06,Active,27408.16
2207,4885,Credit Card,2024-08-10,Closed,115977.65
2208,1077,Savings,2022-04-26,Active,122022.53
2209,4228,Investment,2025-01-17,Active,17690.68
2210,2956,Checking,2023-07-02,Active,25518.81
2211,113,Checking,2025-08-05,Closed,129626.76
2212,4957,Checking,2022-08-03,Closed,50764.92
2213,1387,Credit Card,2025-06-17,Active,142049.12
2214,197,Investment,2021-04-07,Closed,74296.92
2215,2864,Investment,2023-11-23,Active,51430.93
2216,4434,Checking,2022-11-24,Active,86468.54
2217,795,Credit Card,2022-09-14,Active,44853.06
2218,3586,Savings,2021-12-27,Closed,62139.07
2219,2387,Investment,2024-10-18,Active,67074.3
2220,4110,Credit Card,2023-05-30,Active,81256.42
2221,1023,Savings,2022-08-13,Active,46615.44
2222,1852,Credit Card,2024-08-26,Active,137039.03
2223,2124,Savings,2023-04-02,Active,73305.59
2224,3163,Savings,2022-06-19,Active,90913.73
2225,1649,Credit Card,2025-10-24,Active,64148.86
2226,3094,Credit Card,2023-07-09,Active,66522.16
2227,4586,Investment,2024-10-08,Active,80168.32
2228,3658,Checking,2022-07-09,Active,8662.91
2229,3578,Savings,2023-07-27,Closed,43809.69
2230,751,Investment,2023-10-30,Active,98141.26
2231,3687,Credit Card,2024-01-07,Active,68449.85
2232,430,Savings,2021-05-29,Active,86461.16
2233,898,Credit Card,2023-06-03,Active,101530.4
2234,4896,Savings,2023-12-05,Active,147335.4
2235,3593,Checking,2024-01-25,Active,66339.18
2236,2399,Investment,2021-03-22,Active,58652.25
2237,560,Investment,2025-07-01,Active,59389.88
2238,4751,Investment,2022-01-01,Active,113649.32
2239,1807,Savings,2024-09-30,Closed,142947.96
2240,2805,Investment,2025-05-09,Active,21577.01
2241,3190,Savings,2023-09-18,Active,23567.73
2242,2042,Checking,2021-01-10,Active,68946.3
2243,4145,Credit Card,2025-11-02,Active,55427.82
2244,1163,Credit Card,2024-12-16,Active,51392.67
2245,3182,Checking,2023-02-19,Active,87259.9
2246,7,Credit Card,2025-11-28,Closed,121774.05
2247,1744,Checking,2023-04-15,Active,5108.51
2248,2201,Savings,2021-05-30,Closed,51087.48
2249,1549,Credit Card,2021-09-14,Closed,109975.31
2250,4392,Investment,2022-07-01,Closed,122546.88
2251,227,Investment,2025-02-17,Active,64215.44
2252,204,Credit Card,2023-10-19,Closed,15347.32
2253,2278,Savings,2025-06-01,Active,130845.99
2254,258,Credit Card,2021-04-15,Active,109570.99
2255,4000,Credit Card,2022-09-25,Active,58434.13
2256,3586,Investment,2021-06-18,Active,75808.23
2257,3756,Savings,2023-06-14,Active,136028.53
2258,3916,Investment,2024-12-20,Active,124951.14
2259,2663,Credit Card,2022-06-07,Closed,64647.84
2260,4289,Credit Card,2021-11-02,Closed,46487.12
2261,2246,Investment,2021-12-15,Active,132415.61
2262,521,Checking,2022-05-29,Closed,26381.58
2263,1698,Credit Card,2024-12-22,Active,12782.58
2264,1320,Savings,2021-10-07,Active,86648.15
2265,4795,Savings,2025-09-06,Active,47449.47
2266,196,Investment,2021-01-30,Active,32137.46
2267,1136,Checking,2024-09-17,Active,107897.01
2268,4190,Credit Card,2022-06-14,Closed,68280.21
2269,3957,Credit Card,2021-05-26,Active,17014.22
2270,3807,Investment,2024-08-24,Closed,1556.42
2271,2586,Savings,2023-05-06,Active,133845.49
2272,3293,Credit Card,2024-11-05,Active,66305.59
2273,3283,Investment,2023-10-04,Closed,139865.9
2274,3882,Investment,2025-01-13,Closed,60430.17
2275,2062,Investment,2023-09-12,Active,84539.75
2276,1030,Credit Card,2021-01-18,Active,88124.27
2277,2547,Credit Card,2022-11-06,Active,11056.14
2278,2980,Credit Card,2021-05-08,Closed,79618.35
2279,4861,Investment,2024-02-18,Active,70468.94
2280,2451,Credit Card,2025-02-25,Active,25408.39
2281,3532,Credit Card,2021-06-07,Active,62416.04
2282,4976,Investment,2021-12-15,Active,96980.54
2283,3538,Credit Card,2025-05-27,Active,9724.67
2284,3924,Credit Card,2021-10-14,Closed,129195.63
2285,3538,Checking,2022-02-19,Active,24752.95
2286,719,Savings,2022-06-11,Active,29500.11
2287,4457,Savings,2024-11-27,Active,36651.26
2288,163,Checking,2021-06-11,Active,120245.22
2289,4165,Checking,2022-06-23,Closed,53369.44
2290,4111,Credit Card,2023-12-26,Active,78699.0
2291,2620,Savings,2023-01-31,Active,53644.13
2292,4666,Checking,2023-03-16,Active,11685.55
2293,1580,Investment,2023-04-24,Active,52293.09
2294,4287,Credit Card,2022-03-09,Active,140650.17
2295,4685,Savings,2024-01-24,Closed,107036.57
2296,730,Savings,2024-09-06,Active,52690.08
2297,3256,Investment,2023-05-19,Active,98728.99
2298,1666,Credit Card,2025-07-13,Closed,99812.03
2299,560,Savings,2023-08-09,Active,141710.34
2300,3171,Checking,2021-04-05,Active,116349.57
2301,3541,Credit Card,2021-09-22,Closed,140173.59
2302,2512,Investment,2024-07-22,Closed,105700.34
2303,1378,Savings,2024-04-27,Closed,120355.29
2304,4397,Savings,2022-08-05,Closed,79019.0
2305,2965,Checking,2025-09-10,Closed,144932.19
2306,3749,Investment,2022-01-27,Closed,84906.12
2307,4967,Checking,2021-04-10,Active,20101.87
2308,4051,Checking,2025-07-24,Active,102111.46
2309,2563,Savings,2025-10-20,Active,28586.97
2310,3721,Checking,2021-11-22,Active,19067.9
2311,2993,Checking,2024-07-28,Active,95269.78
2312,2883,Investment,2025-02-06,Active,124025.84
2313,2218,Savings,2023-05-05,Active,5829.87
2314,3201,Investment,2022-11-21,Closed,32951.4
2315,1932,Savings,2024-05-17,Active,5952.2
2316,1276,Savings,2022-08-13,Active,57797.5
2317,2647,Checking,2022-05-08,Active,2666.78
2318,440,Investment,2024-08-10,Active,47348.7
2319,4877,Credit Card,2025-03-30,Active,101048.1
2320,1308,Savings,2021-05-06,Active,79618.33
2321,1554,Credit Card,2025-03-23,Active,73434.95
2322,3024,Savings,2021-01-30,Active,141278.32
2323,4223,Investment,2021-04-21,Active,21387.22
2324,2211,Credit Card,2021-01-09,Active,13362.83
2325,99,Investment,2023-08-17,Active,100556.56
2326,1425,Credit Card,2022-04-28,Active,140836.05
2327,1059,Investment,2025-03-30,Closed,94625.17
2328,1808,Investment,2023-09-30,Active,51800.56
2329,3612,Checking,2023-03-26,Closed,19527.43
2330,2925,Savings,2023-09-02,Active,48413.35
2331,4567,Credit Card,2021-08-07,Closed,140672.61
2332,1473,Investment,2023-03-09,Closed,16310.04
2333,2024,Savings,2024-04-03,Active,91278.86
2334,1469,Checking,2023-08-06,Active,144277.07
2335,2833,Checking,2021-05-01,Active,132762.99
2336,1824,Savings,2024-07-27,Active,65781.27
2337,3872,Credit Card,2024-06-21,Active,133799.97
2338,3658,Savings,2023-08-28,Active,105875.95
2339,4629,Savings,2021-05-24,Active,33546.57
2340,917,Checking,2024-11-11,Active,147966.35
2341,2840,Savings,2024-05-12,Active,47601.21
2342,718,Savings,2022-08-13,Active,118570.72
2343,734,Savings,2023-05-14,Active,5522.67
2344,3208,Credit Card,2025-10-20,Active,7355.79
2345,2262,Credit Card,2025-09-05,Active,59384.17
2346,1767,Credit Card,2023-03-15,Active,38021.52
2347,1314,Investment,2025-03-14,Active,38305.95
2348,1281,Checking,2024-11-14,Active,69776.59
2349,1231,Investment,2021-12-05,Closed,107811.57
2350,1958,Savings,2022-10-16,Closed,76537.55
2351,4156,Credit Card,2023-07-03,Closed,16410.32
2352,4929,Savings,2022-03-24,Active,33098.08
2353,117,Checking,2021-03-31,Active,100007.42
2354,1735,Savings,2024-07-22,Active,77414.61
2355,3475,Investment,2024-08-14,Closed,132763.96
2356,2324,Credit Card,2023-04-05,Closed,18529.03
2357,1358,Credit Card,2024-02-07,Closed,98306.27
2358,1977,Credit Card,2022-08-16,Closed,95839.49
2359,1805,Credit Card,2022-01-12,Closed,53379.21
2360,3385,Credit Card,2025-10-19,Active,50460.62
2361,3366,Savings,2025-02-13,Active,18602.57
2362,2561,Savings,2023-10-11,Active,145943.68
2363,557,Credit Card,2025-08-02,Active,118247.4
2364,4094,Investment,2023-03-22,Active,105693.53
2365,4640,Investment,2023-01-10,Active,118465.84
2366,104,Savings,2021-03-27,Active,67431.65
2367,2579,Savings,2021-11-11,Closed,110646.14
2368,4226,Savings,2022-06-09,Active,1801.36
2369,1309,Savings,2022-01-12,Active,14340.89
2370,2176,Credit Card,2022-11-25,Closed,137712.46
2371,3017,Savings,2025-09-15,Closed,96355.52
2372,1883,Investment,2023-09-20,Closed,7238.54
2373,575,Savings,2022-08-07,Closed,46379.3
2374,471,Investment,2022-01-14,Active,81995.93
2375,1808,Investment,2025-06-07,Active,27251.21
2376,4584,Checking,2021-10-20,Active,93180.08
2377,1641,Savings,2023-01-11,Active,133927.55
2378,1559,Savings,2024-05-26,Active,91299.65
2379,3026,Checking,2021-03-09,Active,85380.99
2380,1091,Credit Card,2024-02-15,Active,69399.36
2381,3544,Credit Card,2024-10-18,Active,90716.87
2382,4471,Savings,2023-08-17,Active,112852.89
2383,3301,Checking,2023-07-27,Active,142657.16
2384,3591,Savings,2023-11-02,Active,45865.52
2385,3531,Investment,2023-03-15,Active,103331.03
2386,1819,Checking,2023-06-03,Active,31949.06
2387,3347,Savings,2023-11-02,Active,135860.57
2388,135,Credit Card,2023-12-21,Active,87102.57
2389,2738,Investment,2025-06-01,Active,85844.18
2390,1511,Investment,2023-02-12,Active,32001.91
2391,1170,Investment,2022-11-02,Active,73432.32
2392,2492,Investment,2025-01-10,Active,71299.71
2393,450,Credit Card,2025-01-30,Closed,26936.94
2394,1974,Credit Card,2022-06-03,Closed,62720.04
2395,864,Credit Card,2021-04-05,Active,140632.49
2396,2444,Investment,2024-05-12,Active,82253.52
2397,3101,Investment,2025-11-17,Active,75571.95
2398,4497,Investment,2023-03-02,Active,41139.95
2399,2053,Credit Card,2024-05-22,Active,113209.78
2400,2951,Investment,2021-06-20,Active,62854.64
2401,711,Credit Card,2022-04-16,Active,7533.97
2402,4600,Savings,2024-01-12,Active,130389.64
2403,4461,Checking,2022-05-23,Active,59558.78
2404,1562,Investment,2022-07-03,Closed,88049.74
2405,1108,Savings,2024-08-14,Closed,144850.65
2406,4936,Savings,2025-05-27,Active,14113.31
2407,1293,Checking,2021-11-24,Active,58140.58
2408,785,Credit Card,2023-10-24,Active,5146.37
2409,1256,Checking,2022-05-08,Active,23209.42
2410,600,Savings,2022-02-04,Closed,95755.38
2411,1777,Checking,2024-10-22,Active,115319.49
2412,4864,Savings,2024-02-08,Active,25610.25
2413,373,Savings,2022-01-11,Active,82614.99
2414,3494,Savings,2023-09-19,Active,125144.71
2415,1499,Credit Card,2024-06-28,Active,134686.08
2416,2007,Investment,2021-07-20,Closed,95522.79
2417,3268,Checking,2024-03-24,Active,105023.86
2418,862,Checking,2024-09-05,Closed,56744.61
2419,2808,Savings,2025-09-23,Active,140882.15
2420,2531,Savings,2023-12-21,Active,148682.57
2421,4181,Investment,2025-05-13,Active,56221.35
2422,596,Credit Card,2022-10-03,Closed,46014.52
2423,945,Investment,2021-08-21,Active,134737.44
2424,4526,Checking,2023-07-16,Active,72653.59
2425,4367,Checking,2022-01-17,Active,8457.7
2426,1945,Checking,2024-09-07,Active,42813.32
2427,4653,Checking,2024-08-06,Active,125687.64
2428,1375,Investment,2021-08-20,Active,4238.57
2429,4918,Savings,2025-11-18,Active,40162.14
2430,624,Savings,2024-01-24,Active,102644.54
2431,2870,Investment,2022-01-18,Closed,24446.51
2432,1209,Checking,2024-09-04,Active,13694.55
2433,916,Investment,2021-07-22,Closed,84817.93
2434,2377,Savings,2021-12-06,Active,133635.34
2435,4048,Checking,2024-10-23,Active,112520.34
2436,684,Investment,2023-04-02,Active,17384.5
2437,3548,Investment,2023-08-18,Active,142986.2
2438,58,Credit Card,2022-01-03,Active,50297.37
2439,4155,Credit Card,2023-03-25,Active,65130.38
2440,1916,Checking,2025-05-16,Active,26081.91
2441,4698,Checking,2022-09-05,Closed,103022.54
2442,2769,Checking,2022-03-04,Active,141840.86
2443,98,Savings,2023-01-10,Active,91445.99
2444,2303,Checking,2025-05-16,Active,99879.14
2445,226,Credit Card,2023-07-06,Active,893.0
2446,2126,Credit Card,2023-10-25,Active,82388.4
2447,3383,Investment,2023-09-30,Active,35286.39
2448,4068,Credit Card,2023-10-30,Closed,68086.6
2449,4032,Checking,2021-04-12,Active,149430.21
2450,3683,Credit Card,2023-03-16,Active,124701.29
2451,2784,Savings,2023-11-11,Active,49487.13
2452,64,Investment,2021-06-22,Active,66558.96
2453,3724,Investment,2024-08-06,Active,139512.18
2454,1127,Savings,2024-01-29,Active,18111.82
2455,4483,Savings,2022-04-29,Active,54470.48
2456,738,Savings,2025-03-19,Active,124049.35
2457,2095,Investment,2021-02-26,Active,127549.87
2458,4376,Checking,2021-03-05,Active,54899.57
2459,1465,Checking,2022-09-13,Closed,47562.32
2460,542,Investment,2024-10-13,Active,128451.22
2461,3889,Checking,2025-07-01,Active,69402.8
2462,3219,Credit Card,2022-07-11,Closed,85227.68
2463,4180,Investment,2024-02-13,Active,94797.91
2464,734,Credit Card,2021-12-01,Active,67450.73
2465,4950,Credit Card,2021-02-21,Active,81682.2
2466,658,Checking,2022-05-20,Active,137130.14
2467,818,Credit Card,2025-03-23,Active,104955.8
2468,4095,Investment,2025-06-18,Closed,66127.23
2469,584,Credit Card,2024-04-11,Active,40562.16
2470,3270,Checking,2025-02-20,Active,72848.92
2471,4656,Checking,2021-11-10,Closed,63613.76
2472,2713,Investment,2021-06-03,Closed,113878.17
2473,329,Savings,2021-09-22,Active,83490.26
2474,2061,Credit Card,2024-12-12,Active,46147.39
2475,4136,Savings,2025-11-25,Closed,69337.1
2476,1114,Savings,2022-10-23,Active,9368.15
2477,2895,Savings,2024-07-26,Active,78858.09
2478,4552,Savings,2023-08-30,Active,106458.66
2479,4087,Investment,2021-12-24,Active,93100.17
2480,1558,Credit Card,2022-03-17,Closed,133816.5
2481,131,Credit Card,2021-12-01,Active,134194.83
2482,1989,Investment,2024-03-24,Closed,29719.51
2483,4968,Credit Card,2025-06-27,Closed,43284.18
2484,2343,Savings,2022-06-30,Closed,37645.06
2485,4565,Credit Card,2022-04-22,Closed,119511.62
2486,2842,Savings,2021-09-26,Active,83184.51
2487,4530,Investment,2023-05-03,Closed,25320.23
2488,1275,Savings,2023-08-28,Active,146009.78
2489,1850,Savings,2025-08-28,Active,134295.64
2490,3199,Savings,2024-07-15,Active,127888.9
2491,3368,Savings,2023-05-19,Active,40890.37
2492,485,Credit Card,2021-08-27,Active,14234.0
2493,3264,Savings,2024-11-13,Active,132394.7
2494,2813,Investment,2021-12-29,Active,60472.16
2495,4327,Investment,2024-02-14,Active,133090.68
2496,1598,Investment,2023-01-17,Active,42855.2
2497,2182,Credit Card,2023-01-16,Active,111159.38
2498,2511,Credit Card,2022-02-21,Active,140135.29
2499,689,Checking,2021-06-08,Closed,51260.33
2500,4718,Credit Card,2022-06-27,Active,71968.66
2501,2367,Checking,2021-12-08,Active,27354.96
2502,2460,Savings,2023-02-15,Active,134935.09
2503,612,Checking,2021-11-27,Active,146816.02
2504,3342,Investment,2022-07-14,Active,135360.28
2505,3174,Savings,2022-08-14,Closed,26442.65
2506,3613,Savings,2025-01-31,Active,32553.95
2507,4328,Credit Card,2023-10-13,Active,54339.97
2508,18,Investment,2021-05-06,Active,121523.4
2509,2139,Checking,2023-01-25,Active,128566.5
2510,3934,Savings,2024-03-10,Active,7783.14
2511,3814,Savings,2025-07-23,Active,48980.14
2512,1611,Checking,2021-06-06,Active,21476.95
2513,3314,Savings,2022-09-07,Closed,80493.36
2514,3146,Credit Card,2021-12-11,Active,111844.18
2515,582,Investment,2022-07-05,Active,64153.17
2516,4837,Checking,2023-03-09,Active,56954.17
2517,4874,Investment,2024-07-07,Active,112617.75
2518,2536,Checking,2024-05-28,Active,119947.46
2519,524,Investment,2023-11-29,Active,58170.74
2520,74,Checking,2023-05-20,Active,65946.72
2521,2868,Checking,2024-04-05,Active,16568.42
2522,1350,Checking,2022-10-15,Active,109208.51
2523,1565,Investment,2021-06-16,Active,746.33
2524,2084,Checking,2025-04-09,Active,136599.49
2525,3938,Investment,2021-12-05,Active,96011.32
2526,925,Checking,2021-12-20,Closed,133340.33
2527,2165,Credit Card,2025-03-11,Active,56102.89
2528,3786,Investment,2024-06-20,Closed,92874.03
2529,3709,Credit Card,2023-11-01,Active,5346.83
2530,506,Checking,2024-08-18,Active,13174.21
2531,2210,Credit Card,2021-10-07,Closed,2569.15
2532,3897,Investment,2022-04-02,Active,37380.29
2533,4369,Checking,2023-05-17,Active,87032.88
2534,1390,Credit Card,2023-11-29,Active,68815.12
2535,2652,Investment,2024-09-13,Closed,32394.34
2536,4013,Savings,2024-12-09,Active,4792.86
2537,2576,Investment,2023-10-19,Closed,99181.57
2538,4922,Savings,2024-08-06,Closed,66814.93
2539,130,Credit Card,2023-08-19,Active,6534.0
2540,4806,Credit Card,2022-03-24,Active,47810.62
2541,2300,Savings,2025-08-01,Active,146298.49
2542,2794,Investment,2025-07-14,Active,131248.61
2543,4348,Investment,2022-12-30,Closed,64117.47
2544,124,Investment,2025-10-17,Active,53905.34
2545,3834,Checking,2023-03-16,Closed,49334.68
2546,671,Savings,2025-06-21,Active,9012.6
2547,4100,Savings,2022-08-19,Closed,25196.59
2548,1121,Credit Card,2023-02-17,Active,137274.01
2549,4313,Savings,2021-02-17,Active,52112.25
2550,2404,Credit Card,2021-05-05,Active,48586.72
2551,3060,Credit Card,2022-05-08,Active,120264.92
2552,2001,Investment,2023-08-22,Active,6191.07
2553,3664,Investment,2025-01-20,Active,116129.44
2554,2644,Savings,2023-07-29,Closed,131384.78
2555,2065,Credit Card,2024-02-22,Active,49873.57
2556,1397,Credit Card,2021-12-16,Active,63186.65
2557,4855,Checking,2025-09-28,Active,99120.91
2558,2660,Savings,2025-05-02,Active,127861.73
2559,4825,Savings,2025-03-20,Active,84609.88
2560,3508,Savings,2022-11-03,Active,118087.45
2561,3256,Credit Card,2023-10-14,Active,21760.27
2562,1836,Credit Card,2024-09-23,Active,6188.09
2563,8,Credit Card,2021-05-01,Active,51702.06
2564,673,Credit Card,2021-09-21,Active,62520.18
2565,2621,Credit Card,2023-08-21,Active,125654.91
2566,4452,Checking,2022-11-29,Active,101519.38
2567,4983,Investment,2025-11-19,Closed,105962.21
2568,2734,Credit Card,2021-11-26,Closed,11013.3
2569,1072,Investment,2025-01-20,Active,3753.95
2570,488,Credit Card,2023-11-13,Active,3852.09
2571,2016,Credit Card,2022-02-23,Closed,11896.32
2572,4319,Investment,2024-05-11,Closed,28733.89
2573,1180,Savings,2023-12-04,Closed,135339.14
2574,4942,Savings,2025-08-28,Active,103885.76
2575,337,Checking,2022-08-11,Active,72403.99
2576,3151,Savings,2021-04-09,Active,147819.65
2577,1896,Credit Card,2021-05-06,Active,42565.02
2578,4335,Credit Card,2024-08-24,Active,63236.06
2579,3522,Savings,2021-04-22,Active,94753.94
2580,1632,Savings,2021-06-28,Closed,136633.82
2581,4427,Savings,2021-04-09,Active,5196.56
2582,1969,Investment,2023-05-01,Closed,75051.27
2583,3750,Investment,2025-05-23,Closed,36405.13
2584,3409,Investment,2022-12-02,Closed,47017.21
2585,2856,Credit Card,2022-09-04,Active,31600.08
2586,4131,Credit Card,2021-08-15,Active,30705.33
2587,910,Checking,2021-08-09,Active,57581.89
2588,1674,Credit Card,2024-03-21,Active,31210.82
2589,404,Savings,2024-01-06,Active,103826.55
2590,1545,Checking,2024-08-29,Active,55100.9
2591,573,Credit Card,2022-09-30,Active,112133.43
2592,234,Checking,2023-08-10,Active,56789.15
2593,143,Savings,2023-06-05,Closed,2623.76
2594,3605,Checking,2022-07-31,Active,95020.18
2595,1011,Credit Card,2025-03-09,Active,122337.49
2596,3912,Savings,2023-06-14,Active,139915.54
2597,3442,Savings,2022-08-09,Active,99304.93
2598,3713,Investment,2024-11-28,Active,8652.5
2599,4778,Checking,2022-08-01,Closed,85234.44
2600,3916,Credit Card,2021-12-12,Active,100171.09
2601,1292,Credit Card,2022-04-14,Active,68365.62
2602,915,Credit Card,2021-11-26,Active,80783.44
2603,4348,Checking,2025-04-19,Active,124607.63
2604,2935,Investment,2021-06-19,Active,93928.64
2605,551,Credit Card,2025-03-15,Active,125513.53
2606,3225,Credit Card,2024-09-07,Active,65167.57
2607,2634,Savings,2021-10-23,Active,5010.76
2608,595,Savings,2023-01-29,Active,131016.85
2609,4312,Investment,2023-02-09,Active,49869.94
2610,4045,Checking,2021-01-20,Closed,114432.82
2611,4908,Credit Card,2024-11-08,Active,19177.79
2612,2468,Investment,2023-02-09,Active,112417.24
2613,1872,Investment,2023-05-18,Active,113936.18
2614,2816,Savings,2021-04-02,Active,9065.71
2615,2537,Checking,2024-09-26,Closed,72791.89
2616,266,Investment,2025-08-25,Active,40842.53
2617,3469,Savings,2021-03-29,Active,62334.01
2618,1816,Credit Card,2024-09-21,Active,112105.81
2619,4813,Savings,2024-06-19,Active,58108.51
2620,2198,Investment,2022-12-18,Active,126533.24
2621,3997,Credit Card,2022-12-09,Active,107774.88
2622,1649,Savings,2025-11-16,Closed,73737.94
2623,4114,Checking,2022-11-25,Active,102168.25
2624,3465,Checking,2023-03-13,Active,54106.79
2625,3835,Credit Card,2021-08-13,Active,125459.69
2626,3412,Investment,2021-06-15,Closed,84171.85
2627,4770,Checking,2022-09-10,Active,63376.38
2628,1958,Credit Card,2023-03-06,Closed,96064.39
2629,2799,Credit Card,2024-03-10,Active,18353.07
2630,3386,Checking,2021-08-27,Active,31454.01
2631,2738,Savings,2023-05-01,Active,20188.98
2632,3043,Savings,2021-06-02,Active,59541.51
2633,3311,Savings,2021-05-18,Active,142344.9
2634,3520,Investment,2024-03-08,Active,83927.43
2635,3178,Investment,2024-04-02,Active,79076.37
2636,4679,Investment,2025-03-24,Active,13248.56
2637,3481,Checking,2022-04-05,Active,24724.43
2638,418,Savings,2022-06-17,Closed,85820.18
2639,1501,Credit Card,2022-01-05,Active,63582.46
2640,1091,Checking,2022-04-27,Active,20554.39
2641,2307,Checking,2023-04-11,Active,73434.7
2642,1670,Checking,2021-08-10,Closed,36935.69
2643,140,Credit Card,2025-09-10,Active,34320.22
2644,3182,Investment,2021-01-10,Active,26479.63
2645,99,Savings,2023-04-27,Active,62868.22
2646,1689,Credit Card,2024-08-06,Closed,68488.68
2647,3208,Credit Card,2024-06-24,Active,115069.5
2648,4267,Checking,2022-09-26,Active,119989.27
2649,69,Checking,2025-09-13,Active,128344.17
2650,1306,Savings,2023-08-19,Active,33091.24
2651,1045,Savings,2022-09-24,Closed,46038.59
2652,3121,Credit Card,2022-02-28,Active,102684.85
2653,1879,Credit Card,2025-05-31,Closed,12589.11
2654,4562,Savings,2023-11-21,Active,144818.59
2655,4425,Investment,2021-01-07,Active,76083.58
2656,3384,Checking,2021-10-12,Active,30380.67
2657,525,Checking,2024-12-25,Active,98551.26
2658,1341,Checking,2023-10-27,Closed,72921.78
2659,4939,Savings,2021-03-03,Closed,63872.86
2660,3222,Investment,2022-04-14,Active,72284.13
2661,4155,Savings,2021-05-31,Active,62414.8
2662,2674,Credit Card,2024-04-05,Active,2020.55
2663,1648,Investment,2024-11-01,Active,107710.25
2664,4926,Checking,2022-07-24,Active,73839.9
2665,1792,Savings,2022-12-08,Active,99192.48
2666,1273,Credit Card,2024-12-26,Active,19358.59
2667,3672,Credit Card,2024-11-11,Closed,68018.38
2668,804,Credit Card,2024-04-07,Active,122087.09
2669,2045,Credit Card,2021-04-22,Closed,75448.12
2670,4551,Investment,2021-05-07,Active,19307.35
2671,3261,Savings,2022-11-07,Active,127457.68
2672,2393,Checking,2025-06-18,Active,24416.05
2673,4911,Savings,2023-11-01,Active,136443.78
2674,605,Checking,2022-11-03,Active,88271.65
2675,3619,Investment,2023-10-15,Active,86364.46
2676,2016,Checking,2023-03-31,Closed,128639.2
2677,3609,Credit Card,2023-04-28,Active,76467.52
2678,1365,Investment,2021-10-02,Active,126032.33
2679,2686,Credit Card,2024-09-06,Active,133460.87
2680,1074,Credit Card,2024-02-27,Active,87269.98
2681,2429,Credit Card,2022-01-24,Active,68973.75
2682,3353,Investment,2025-11-04,Active,108413.56
2683,1948,Investment,2024-01-16,Active,93987.42
2684,135,Checking,2025-05-11,Active,104767.21
2685,4869,Investment,2022-12-11,Closed,77577.46
2686,1161,Credit Card,2022-03-03,Active,57851.67
2687,126,Credit Card,2021-08-28,Active,23558.03
2688,3766,Investment,2021-03-04,Closed,16358.33
2689,2681,Savings,2024-10-06,Closed,5633.48
2690,4351,Checking,2023-10-07,Closed,20803.92
2691,1146,Savings,2021-03-01,Active,82811.8
2692,4499,Checking,2021-07-25,Active,2205.28
2693,4734,Investment,2024-06-19,Closed,127937.86
2694,3512,Investment,2022-03-27,Active,141666.59
2695,1634,Investment,2024-08-17,Active,44638.09
2696,2050,Savings,2023-10-28,Closed,54558.79
2697,3957,Investment,2021-01-02,Active,87106.13
2698,21,Investment,2022-12-13,Active,73812.35
2699,2352,Savings,2025-09-15,Closed,73623.22
2700,279,Credit Card,2022-10-13,Closed,122895.75
2701,1649,Savings,2024-05-15,Active,59174.28
2702,4891,Credit Card,2021-01-12,Active,148166.14
2703,4504,Investment,2024-08-31,Active,107942.92
2704,411,Credit Card,2025-03-27,Closed,80303.08
2705,477,Savings,2025-10-07,Active,32245.61
2706,775,Savings,2021-10-07,Closed,125948.47
2707,3438,Credit Card,2021-09-19,Active,147673.59
2708,4165,Checking,2021-04-10,Active,77594.25
2709,2506,Checking,2021-01-29,Active,58222.76
2710,2585,Investment,2024-05-30,Active,6612.35
2711,577,Checking,2024-04-02,Active,67886.33
2712,4253,Credit Card,2023-11-04,Active,59177.0
2713,1899,Credit Card,2024-07-15,Closed,42817.06
2714,3293,Savings,2025-03-23,Active,83393.6
2715,2264,Savings,2021-08-03,Active,86369.37
2716,2605,Investment,2024-03-24,Closed,10618.69
2717,1795,Checking,2021-10-21,Active,143878.99
2718,2869,Savings,2022-08-25,Active,98384.54
2719,1435,Checking,2023-01-05,Active,13444.69
2720,4776,Checking,2024-09-05,Active,113476.57
2721,4925,Checking,2022-09-07,Active,25324.79
2722,4731,Checking,2022-08-02,Active,47370.28
2723,3674,Checking,2024-06-26,Active,114169.73
2724,1143,Investment,2022-05-21,Closed,148094.89
2725,3189,Investment,2025-10-13,Active,149064.8
2726,3173,Savings,2025-08-30,Active,134492.78
2727,582,Credit Card,2022-02-18,Active,97326.02
2728,4622,Investment,2024-06-07,Active,80296.09
2729,2350,Savings,2022-08-18,Active,79443.09
2730,4183,Investment,2022-02-07,Active,24581.45
2731,4657,Savings,2024-09-22,Closed,105993.77
2732,1478,Investment,2023-02-28,Active,76715.01
2733,37,Checking,2023-08-25,Active,140044.02
2734,4582,Credit Card,2021-06-13,Active,33758.07
2735,864,Investment,2021-06-09,Closed,8943.82
2736,3586,Investment,2025-08-26,Closed,126411.3
2737,4042,Savings,2021-05-27,Active,114604.28
2738,1866,Savings,2021-05-01,Closed,48278.67
2739,3587,Checking,2022-07-07,Active,75770.48
2740,1522,Checking,2022-05-03,Active,62938.03
2741,3098,Investment,2023-06-16,Closed,17059.25
2742,1391,Investment,2022-06-30,Active,57011.76
2743,2799,Investment,2025-03-18,Active,28806.76
2744,3317,Investment,2022-08-01,Closed,142229.8
2745,2978,Credit Card,2021-07-14,Active,34717.48
2746,2920,Savings,2025-04-17,Active,66788.66
2747,2462,Credit Card,2025-07-11,Active,147473.18
2748,2648,Investment,2021-10-13,Active,106225.83
2749,4265,Checking,2023-01-19,Active,122930.72
2750,2578,Investment,2025-02-15,Closed,134026.63
2751,1903,Credit Card,2024-01-18,Active,48305.16
2752,3505,Investment,2022-08-11,Closed,148981.44
2753,3017,Investment,2021-05-04,Active,145597.99
2754,4462,Savings,2022-02-19,Active,128992.41
2755,1830,Investment,2022-06-15,Active,105530.89
2756,1454,Investment,2025-04-05,Active,76617.24
2757,3509,Savings,2021-04-16,Active,112109.84
2758,2819,Savings,2023-02-11,Active,128189.48
2759,4428,Savings,2024-03-29,Active,45447.67
2760,2946,Credit Card,2021-10-11,Active,68084.51
2761,2778,Credit Card,2021-06-07,Active,108508.87
2762,4346,Savings,2024-07-30,Closed,29260.58
2763,4456,Savings,2021-01-16,Active,144246.39
2764,1191,Checking,2023-08-09,Closed,16960.2
2765,4304,Investment,2025-03-11,Active,107430.85
2766,4189,Investment,2024-07-18,Closed,143808.21
2767,2056,Investment,2023-09-13,Active,142924.85
2768,1767,Investment,2024-07-19,Active,31763.11
2769,4559,Credit Card,2022-12-07,Closed,84259.82
2770,3637,Savings,2025-03-21,Closed,79228.11
2771,4676,Savings,2025-11-13,Active,119580.56
2772,1270,Credit Card,2022-01-02,Active,115898.03
2773,1440,Savings,2024-12-08,Active,76809.09
2774,8,Investment,2025-11-11,Active,52603.38
2775,4750,Checking,2022-05-29,Active,41548.91
2776,3016,Checking,2022-07-24,Active,48085.49
2777,4341,Checking,2022-05-05,Active,114990.48
2778,420,Credit Card,2022-04-21,Closed,34086.37
2779,1664,Savings,2021-11-21,Closed,71489.09
2780,2674,Credit Card,2024-09-29,Active,46598.58
2781,3660,Investment,2024-04-01,Active,66732.81
2782,3495,Investment,2025-08-24,Active,14310.59
2783,1211,Credit Card,2025-05-16,Active,78914.1
2784,1415,Investment,2025-10-08,Active,58197.23
2785,1723,Investment,2022-09-03,Closed,8055.56
2786,4292,Savings,2025-08-15,Active,3532.57
2787,1393,Credit Card,2025-10-09,Closed,26975.46
2788,4899,Credit Card,2025-06-09,Closed,70291.19
2789,1749,Savings,2023-03-16,Active,59795.54
2790,2000,Credit Card,2021-02-03,Closed,6761.11
2791,3843,Investment,2021-11-19,Active,77365.35
2792,117,Savings,2022-04-28,Closed,47083.67
2793,403,Credit Card,2023-11-22,Closed,42552.51
2794,662,Checking,2024-07-17,Closed,121148.65
2795,1963,Savings,2022-06-05,Active,34696.34
2796,779,Checking,2021-05-06,Closed,62101.27
2797,3075,Savings,2023-06-03,Active,78862.15
2798,2973,Credit Card,2025-09-11,Active,11319.39
2799,22,Credit Card,2023-12-29,Closed,92490.55
2800,3100,Savings,2021-11-08,Active,11854.91
2801,853,Checking,2024-07-22,Active,79293.78
2802,654,Investment,2021-03-16,Closed,112244.84
2803,493,Investment,2022-01-10,Active,44781.04
2804,4843,Checking,2021-02-06,Closed,39646.08
2805,2749,Checking,2022-02-13,Closed,133735.59
2806,1099,Credit Card,2022-10-02,Active,144678.37
2807,3412,Investment,2023-03-08,Active,48257.71
2808,3856,Savings,2025-11-25,Active,136422.05
2809,3528,Checking,2022-12-17,Active,136720.69
2810,2244,Savings,2021-11-10,Active,52308.5
2811,2083,Checking,2025-10-01,Closed,11901.55
2812,555,Checking,2024-08-08,Closed,113514.44
2813,4226,Checking,2023-02-07,Active,36960.49
2814,210,Checking,2022-12-10,Closed,65341.31
2815,773,Credit Card,2022-06-02,Active,139548.71
2816,1632,Checking,2025-05-09,Closed,114711.92
2817,2087,Credit Card,2023-07-22,Active,38692.42
2818,541,Savings,2021-12-16,Active,113184.58
2819,4744,Savings,2021-12-31,Active,123193.11
2820,1474,Checking,2023-11-06,Active,118027.69
2821,1483,Credit Card,2021-04-08,Active,17044.07
2822,3609,Investment,2025-11-23,Active,18469.63
2823,1294,Investment,2023-05-05,Active,50457.58
2824,373,Credit Card,2025-10-09,Active,71845.36
2825,1868,Savings,2024-12-30,Active,112600.43
2826,4917,Savings,2021-05-10,Active,36172.16
2827,2024,Savings,2025-08-03,Active,7351.21
2828,1380,Credit Card,2023-09-24,Closed,122205.53
2829,1964,Savings,2024-02-24,Active,44705.33
2830,1901,Investment,2023-09-14,Active,38905.16
2831,4884,Credit Card,2024-04-11,Active,126525.02
2832,4606,Credit Card,2025-04-01,Active,29066.06
2833,216,Investment,2023-12-07,Active,123259.09
2834,2356,Investment,2024-02-14,Active,124508.5
2835,4840,Checking,2024-08-21,Active,121914.67
2836,2726,Credit Card,2021-04-28,Closed,99288.24
2837,2741,Checking,2024-04-12,Active,18128.81
2838,1027,Investment,2022-03-09,Closed,25974.12
2839,487,Checking,2024-06-12,Closed,38343.64
2840,2107,Savings,2023-08-22,Active,103926.34
2841,3864,Investment,2021-09-13,Active,128189.45
2842,81,Savings,2021-03-02,Active,53803.45
2843,4325,Credit Card,2024-10-23,Closed,49768.31
2844,3988,Savings,2025-03-25,Closed,44418.82
2845,2279,Investment,2024-05-11,Closed,56867.05
2846,41,Savings,2023-06-26,Active,59366.83
2847,476,Credit Card,2025-04-21,Closed,39865.82
2848,1213,Checking,2021-01-14,Active,29347.61
2849,4234,Savings,2024-05-01,Active,53660.73
2850,1088,Credit Card,2025-06-07,Active,46267.35
2851,4759,Credit Card,2022-05-21,Active,60621.99
2852,1121,Credit Card,2023-03-22,Closed,146153.88
2853,3060,Investment,2021-09-29,Closed,84315.49
2854,4579,Savings,2021-04-16,Active,64389.38
2855,3280,Checking,2023-08-21,Closed,47607.29
2856,2144,Checking,2025-09-05,Active,51076.3
2857,3994,Credit Card,2023-03-01,Active,91667.22
2858,4221,Savings,2022-04-17,Active,31774.33
2859,2932,Credit Card,2022-05-08,Active,111204.33
2860,3254,Credit Card,2021-03-27,Active,27535.65
2861,4579,Investment,2025-09-10,Active,43896.82
2862,248,Checking,2021-07-10,Active,93100.49
2863,4935,Credit Card,2023-09-29,Closed,146752.03
2864,2231,Investment,2025-01-29,Active,100958.36
2865,3683,Investment,2025-10-20,Active,41681.19
2866,4821,Checking,2024-06-15,Closed,69093.74
2867,556,Credit Card,2024-05-20,Active,123520.65
2868,3190,Credit Card,2025-10-28,Closed,141898.29
2869,1909,Investment,2024-06-02,Active,117079.39
2870,257,Savings,2024-09-20,Active,3674.93
2871,3852,Investment,2022-02-26,Active,138415.69
2872,4251,Checking,2025-11-08,Active,121648.52
2873,4071,Investment,2022-10-05,Active,133615.87
2874,260,Savings,2023-08-29,Active,134727.48
2875,4120,Investment,2024-09-14,Closed,120380.55
2876,3477,Checking,2024-03-26,Closed,48381.07
2877,3790,Savings,2022-01-06,Closed,37463.43
2878,575,Checking,2021-09-01,Active,80935.29
2879,2719,Investment,2023-06-20,Closed,139990.17
2880,905,Investment,2021-10-25,Active,121477.93
2881,1310,Checking,2024-01-30,Active,126231.97
2882,4808,Checking,2025-09-17,Active,127499.68
2883,4606,Credit Card,2024-07-01,Active,39109.07
2884,4772,Investment,2021-05-12,Active,95907.29
2885,2394,Credit Card,2021-07-24,Active,131412.34
2886,1584,Savings,2023-08-11,Active,106070.51
2887,2279,Investment,2022-03-16,Closed,30878.67
2888,4339,Credit Card,2022-10-20,Closed,145655.95
2889,179,Checking,2023-10-07,Closed,112830.72
2890,2093,Checking,2022-06-07,Active,112585.29
2891,19,Checking,2021-01-10,Active,5913.28
2892,3642,Investment,2023-01-27,Active,22775.08
2893,1008,Investment,2021-04-15,Active,145364.2
2894,331,Investment,2023-06-30,Active,87854.69
2895,4294,Savings,2025-02-25,Active,110079.98
2896,4124,Credit Card,2024-09-17,Active,23503.39
2897,1689,Credit Card,2025-03-01,Active,149235.96
2898,3977,Savings,2024-03-25,Active,17678.66
2899,4888,Savings,2023-09-11,Closed,61475.89
2900,2636,Investment,2022-07-19,Active,76555.01
2901,3781,Savings,2025-09-09,Closed,136513.04
2902,491,Credit Card,2025-09-16,Active,146100.87
2903,1171,Checking,2022-12-28,Closed,104133.69
2904,4060,Checking,2023-07-31,Active,29658.41
2905,3288,Checking,2021-01-05,Closed,43776.63
2906,1839,Checking,2024-12-05,Active,9659.49
2907,1293,Investment,2022-12-19,Active,7487.84
2908,991,Checking,2022-02-16,Closed,102470.56
2909,4049,Credit Card,2023-08-11,Active,72304.37
2910,5,Checking,2023-06-16,Active,132261.3
2911,4716,Investment,2024-12-18,Active,66142.24
2912,1745,Credit Card,2025-02-27,Active,61860.01
2913,2422,Investment,2022-01-01,Active,85635.74
2914,4977,Credit Card,2021-02-18,Active,77002.26
2915,825,Investment,2023-09-25,Closed,59947.07
2916,1376,Investment,2025-10-04,Active,22003.57
2917,2849,Savings,2022-10-01,Active,59741.88
2918,1902,Checking,2024-03-22,Active,76786.13
2919,3449,Investment,2022-07-13,Active,50651.79
2920,444,Credit Card,2025-08-19,Closed,121131.38
2921,4198,Checking,2021-11-19,Active,65657.62
2922,176,Checking,2023-03-12,Active,106649.36
2923,2875,Savings,2021-03-09,Closed,136587.81
2924,1947,Checking,2022-06-12,Closed,34352.04
2925,1107,Checking,2021-11-13,Closed,57889.76
2926,3568,Credit Card,2023-04-12,Active,98569.63
2927,2657,Savings,2022-04-25,Active,23937.45
2928,934,Investment,2024-11-17,Active,33577.57
2929,1833,Savings,2024-12-07,Closed,137066.4
2930,3821,Checking,2024-02-01,Active,83326.07
2931,556,Checking,2022-05-07,Active,68236.06
2932,1531,Savings,2021-08-26,Closed,116477.1
2933,3634,Investment,2025-10-22,Active,53856.27
2934,3050,Investment,2021-10-01,Active,47637.78
2935,248,Checking,2023-06-22,Active,100006.33
2936,4078,Credit Card,2021-01-18,Active,93622.72
2937,3060,Investment,2021-03-15,Closed,133477.8
2938,2187,Checking,2022-08-16,Active,115979.81
2939,2816,Investment,2024-10-11,Active,139950.24
2940,2605,Investment,2024-02-24,Active,131201.28
2941,2020,Investment,2022-10-05,Active,5731.28
2942,1533,Credit Card,2022-11-17,Active,55247.57
2943,3954,Investment,2025-06-28,Active,11795.66
2944,4793,Investment,2022-02-16,Active,88400.26
2945,1785,Savings,2021-05-18,Closed,120490.99
2946,2189,Credit Card,2025-04-17,Active,79729.08
2947,163,Checking,2024-10-02,Closed,63755.01
2948,1307,Savings,2021-08-18,Active,62823.09
2949,731,Credit Card,2023-03-24,Closed,12003.3
2950,1219,Investment,2024-12-04,Active,37615.03
2951,1157,Credit Card,2021-09-19,Closed,6349.35
2952,4179,Checking,2021-07-14,Active,40830.85
2953,886,Investment,2021-12-10,Active,92505.82
2954,4385,Checking,2022-07-13,Active,37315.65
2955,2475,Checking,2024-02-09,Active,134189.11
2956,4222,Investment,2021-08-14,Active,1738.75
2957,117,Checking,2023-12-04,Active,77490.27
2958,4856,Checking,2024-05-30,Active,127988.17
2959,4161,Checking,2021-03-27,Active,2903.8
2960,1775,Checking,2022-08-02,Active,149098.39
2961,4530,Checking,2025-09-14,Active,51195.92
2962,1814,Investment,2022-11-30,Active,95397.17
2963,866,Savings,2025-05-13,Active,15033.4
2964,3399,Credit Card,2024-03-10,Closed,3795.04
2965,1124,Checking,2024-07-27,Active,136932.22
2966,2381,Investment,2023-05-31,Closed,116479.07
2967,1182,Checking,2023-11-02,Active,105995.08
2968,2841,Savings,2024-03-05,Closed,116710.19
2969,423,Credit Card,2023-07-26,Active,87925.8
2970,2630,Checking,2024-05-11,Active,58624.53
2971,4741,Checking,2021-11-01,Active,34001.74
2972,2128,Investment,2025-03-06,Active,62879.33
2973,2900,Checking,2023-10-12,Closed,58916.1
2974,4023,Checking,2025-10-09,Active,3893.59
2975,4708,Credit Card,2024-07-01,Active,45829.35
2976,4107,Investment,2024-03-12,Active,97562.17
2977,3260,Credit Card,2022-07-09,Active,79490.3
2978,1182,Credit Card,2025-11-29,Active,119248.87
2979,1067,Savings,2025-04-24,Active,3933.56
2980,1211,Investment,2022-07-10,Closed,38573.64
2981,1527,Checking,2023-04-27,Active,100590.44
2982,4658,Credit Card,2023-01-16,Closed,38068.67
2983,4458,Checking,2023-03-24,Active,103330.48
2984,4129,Savings,2022-02-14,Active,132734.59
2985,297,Savings,2023-11-28,Active,41058.64
2986,2288,Savings,2025-09-18,Closed,77486.25
2987,2891,Checking,2024-03-02,Active,2769.06
2988,3139,Investment,2023-02-03,Active,27078.1
2989,4899,Savings,2023-04-30,Closed,65620.87
2990,1338,Savings,2021-10-12,Closed,81061.44
2991,680,Savings,2025-07-10,Closed,51398.2
2992,2084,Savings,2021-09-09,Active,144805.17
2993,3853,Checking,2025-09-07,Active,135810.23
2994,1100,Checking,2023-11-19,Active,129203.6
2995,4073,Checking,2021-06-15,Closed,19926.65
2996,2427,Checking,2023-01-14,Active,112460.6
2997,4681,Credit Card,2022-08-10,Closed,33869.87
2998,2989,Savings,2024-09-27,Active,14774.62
2999,2310,Savings,2024-11-27,Active,5082.29
3000,1778,Savings,2022-01-17,Active,124133.96
3001,3533,Investment,2025-09-13,Closed,128583.39
3002,410,Investment,2023-05-20,Closed,143975.45
3003,2106,Investment,2023-08-22,Active,112797.8
3004,800,Checking,2021-06-12,Active,729.75
3005,1888,Credit Card,2023-11-10,Active,111381.05
3006,4570,Investment,2021-12-22,Active,118957.13
3007,4475,Investment,2023-07-05,Closed,117984.29
3008,2833,Savings,2024-08-12,Active,130039.03
3009,2315,Savings,2021-10-19,Active,32155.62
3010,1852,Savings,2024-06-15,Active,39919.82
3011,2950,Investment,2025-04-15,Closed,67926.3
3012,1487,Investment,2023-07-23,Active,54635.74
3013,2778,Savings,2021-04-09,Active,98926.21
3014,4270,Credit Card,2023-12-13,Active,14438.55
3015,2310,Credit Card,2023-12-14,Closed,149294.47
3016,1862,Investment,2024-12-27,Active,79921.1
3017,4772,Investment,2025-08-21,Closed,81532.0
3018,4142,Credit Card,2025-11-24,Active,121794.63
3019,130,Credit Card,2025-04-02,Closed,50018.23
3020,4816,Savings,2025-04-30,Active,99676.34
3021,4867,Investment,2022-09-30,Closed,8868.67
3022,3141,Savings,2024-03-26,Active,79170.57
3023,1978,Checking,2021-09-25,Active,148621.67
3024,2599,Investment,2022-09-28,Active,127900.02
3025,3885,Credit Card,2024-04-27,Closed,112046.5
3026,3647,Investment,2024-08-13,Active,78212.71
3027,4666,Investment,2023-11-25,Active,107778.11
3028,643,Savings,2025-11-24,Active,92950.83
3029,2381,Credit Card,2025-05-17,Active,105787.34
3030,530,Credit Card,2021-08-24,Closed,26351.02
3031,2722,Checking,2024-07-14,Active,93006.53
3032,3774,Investment,2022-03-14,Closed,85856.62
3033,1128,Savings,2023-04-02,Closed,132559.48
3034,2893,Investment,2022-08-22,Closed,85743.75
3035,3922,Savings,2024-02-09,Active,3538.63
3036,4507,Checking,2025-01-10,Active,118454.65
3037,799,Credit Card,2025-03-01,Active,75939.16
3038,3341,Investment,2024-09-29,Active,59569.31
3039,2620,Credit Card,2021-06-25,Closed,48842.77
3040,2787,Credit Card,2021-08-09,Active,84976.83
3041,3257,Checking,2023-07-01,Active,99738.11
3042,65,Credit Card,2021-01-04,Active,77469.23
3043,3963,Credit Card,2022-01-11,Active,99014.22
3044,3964,Credit Card,2025-10-23,Closed,63819.1
3045,1053,Credit Card,2024-06-22,Active,128095.38
3046,2829,Investment,2021-08-24,Active,88155.4
3047,1273,Credit Card,2025-03-02,Active,27416.19
3048,1779,Credit Card,2025-11-06,Active,113950.85
3049,1926,Savings,2022-11-02,Closed,69762.72
3050,3666,Investment,2024-10-24,Closed,66919.48
3051,2054,Savings,2025-01-19,Closed,119975.33
3052,2743,Investment,2023-12-26,Active,7689.18
3053,571,Credit Card,2021-01-19,Closed,90090.19
3054,2104,Investment,2021-01-03,Closed,11714.33
3055,1494,Checking,2025-11-12,Closed,13258.19
3056,4723,Checking,2024-05-06,Closed,126434.17
3057,3231,Investment,2023-03-16,Closed,124962.49
3058,2237,Savings,2023-08-30,Active,69189.79
3059,1395,Savings,2022-08-17,Active,58812.21
3060,4100,Savings,2024-09-06,Active,33094.56
3061,2853,Savings,2025-03-31,Closed,139570.17
3062,4693,Savings,2023-02-01,Active,49225.75
3063,3650,Investment,2025-01-30,Closed,31428.6
3064,87,Checking,2023-08-30,Active,99347.36
3065,1441,Savings,2023-12-07,Active,121847.99
3066,3163,Investment,2022-07-03,Active,27920.39
3067,3104,Credit Card,2021-06-30,Active,98610.99
3068,1938,Investment,2021-08-08,Active,129164.67
3069,3616,Investment,2022-11-15,Active,38722.15
3070,4753,Checking,2025-11-12,Active,10013.14
3071,4958,Credit Card,2025-09-10,Closed,133356.76
3072,3285,Checking,2022-03-22,Active,97965.87
3073,1646,Savings,2023-03-10,Active,118985.06
3074,441,Checking,2023-01-05,Closed,39217.02
3075,3649,Investment,2023-11-12,Active,130728.71
3076,4108,Checking,2021-08-10,Active,111263.9
3077,2982,Savings,2025-04-17,Closed,112419.39
3078,2019,Investment,2024-05-22,Active,139685.94
3079,3955,Savings,2024-07-11,Active,87321.37
3080,4458,Investment,2023-03-15,Closed,70587.58
3081,502,Credit Card,2022-11-17,Active,77765.93
3082,4791,Checking,2025-01-02,Closed,13831.18
3083,1493,Investment,2024-11-21,Active,49185.88
3084,4499,Investment,2022-01-10,Active,7919.08
3085,1043,Savings,2024-03-21,Active,116501.58
3086,860,Savings,2022-03-11,Closed,76642.52
3087,1598,Credit Card,2023-08-23,Closed,3446.86
3088,528,Investment,2022-05-27,Active,11823.49
3089,4094,Checking,2023-09-15,Active,111406.51
3090,553,Credit Card,2023-12-14,Active,105207.51
3091,3068,Credit Card,2021-05-10,Closed,113056.8
3092,3875,Credit Card,2023-06-12,Active,83917.26
3093,1283,Savings,2021-11-14,Active,54548.9
3094,1063,Credit Card,2024-11-15,Closed,100393.04
3095,3582,Checking,2022-02-04,Active,115282.93
3096,4481,Savings,2025-05-13,Active,119708.04
3097,2924,Investment,2021-10-22,Closed,16028.59
3098,1589,Investment,2022-12-20,Active,72921.43
3099,1284,Credit Card,2023-04-21,Closed,40279.35
3100,2270,Credit Card,2024-10-16,Active,5557.36
3101,1237,Savings,2023-12-01,Active,113849.58
3102,1007,Credit Card,2024-02-02,Active,79187.14
3103,403,Investment,2024-01-11,Active,60766.63
3104,2544,Credit Card,2025-08-04,Active,112202.51
3105,2773,Checking,2024-01-17,Active,48349.04
3106,87,Checking,2021-08-11,Closed,73229.04
3107,4030,Credit Card,2025-07-05,Active,75182.47
3108,651,Savings,2024-04-19,Closed,79942.89
3109,4490,Investment,2023-05-25,Active,124596.38
3110,2423,Credit Card,2023-03-07,Active,140435.38
3111,1917,Investment,2022-09-08,Closed,41837.08
3112,4703,Savings,2023-04-17,Active,142924.59
3113,4729,Savings,2025-10-29,Active,119085.46
3114,3526,Checking,2021-12-15,Active,52066.75
3115,1486,Investment,2022-03-24,Active,31407.03
3116,4086,Credit Card,2022-05-17,Active,8016.67
3117,1349,Credit Card,2021-08-25,Active,48263.92
3118,32,Investment,2022-06-02,Active,112856.55
3119,217,Investment,2024-07-02,Closed,24994.9
3120,623,Credit Card,2022-07-07,Closed,67909.08
3121,3357,Checking,2023-02-13,Active,87299.74
3122,4969,Checking,2024-02-15,Closed,112830.69
3123,3971,Savings,2025-01-15,Closed,65657.65
3124,1680,Investment,2024-06-11,Active,78833.92
3125,2454,Credit Card,2023-11-03,Active,68176.15
3126,2005,Credit Card,2021-08-20,Active,39959.93
3127,4923,Checking,2023-03-11,Closed,36852.17
3128,4625,Savings,2022-10-18,Active,72094.36
3129,3912,Investment,2023-09-04,Active,35931.98
3130,1293,Savings,2021-06-12,Active,76384.58
3131,4221,Investment,2023-07-22,Active,57831.48
3132,596,Checking,2025-05-28,Closed,50150.46
3133,4037,Savings,2024-04-28,Active,109705.47
3134,4872,Checking,2021-03-24,Active,48891.26
3135,101,Credit Card,2022-10-17,Active,111046.1
3136,3590,Investment,2022-04-17,Active,82804.11
3137,2330,Credit Card,2021-03-08,Active,85962.06
3138,2272,Savings,2022-09-13,Active,61608.09
3139,3845,Savings,2021-07-31,Active,91705.12
3140,2024,Investment,2021-04-24,Active,35893.45
3141,3047,Savings,2025-12-02,Active,92073.57
3142,3870,Checking,2022-10-05,Closed,149631.07
3143,1282,Savings,2023-10-29,Active,89364.48
3144,1,Investment,2023-12-12,Closed,114704.12
3145,2665,Investment,2024-07-20,Active,116850.99
3146,3901,Investment,2022-01-25,Closed,37508.87
3147,4817,Investment,2023-08-19,Active,87366.13
3148,4223,Savings,2025-01-24,Closed,126908.78
3149,3375,Investment,2021-02-25,Closed,75735.1
3150,2670,Checking,2022-11-18,Active,103074.63
3151,2395,Credit Card,2022-07-23,Active,66831.71
3152,1151,Investment,2024-05-15,Active,141800.6
3153,223,Checking,2024-11-06,Active,139397.45
3154,1895,Savings,2024-12-26,Active,61011.84
3155,1211,Savings,2023-07-08,Active,43802.54
3156,1947,Credit Card,2021-02-02,Active,100771.32
3157,2878,Investment,2023-05-22,Active,10619.32
3158,3622,Savings,2022-10-17,Closed,25106.27
3159,2587,Checking,2024-02-08,Closed,100754.12
3160,4146,Credit Card,2024-10-06,Active,74479.2
3161,2584,Savings,2025-04-16,Active,55002.66
3162,3211,Investment,2022-11-25,Active,65888.11
3163,1778,Credit Card,2025-11-18,Active,115528.81
3164,197,Checking,2022-12-17,Active,127882.29
3165,3349,Investment,2024-05-26,Closed,27660.06
3166,1053,Checking,2024-01-01,Active,58524.93
3167,1986,Investment,2024-02-07,Active,124277.62
3168,1501,Credit Card,2023-09-18,Active,67744.44
3169,4561,Savings,2025-04-28,Active,43673.42
3170,4699,Credit Card,2021-12-16,Active,33792.88
3171,848,Savings,2023-09-09,Active,130684.01
3172,3491,Savings,2024-11-11,Active,124417.12
3173,4336,Savings,2023-02-01,Active,61495.56
3174,2137,Savings,2024-10-31,Closed,116865.38
3175,4227,Investment,2021-09-11,Closed,24701.54
3176,4389,Investment,2023-03-20,Active,100172.91
3177,377,Investment,2023-03-29,Closed,56023.32
3178,2867,Credit Card,2024-03-01,Closed,117806.97
3179,2680,Checking,2022-08-19,Active,48108.49
3180,3621,Savings,2023-09-13,Active,146594.48
3181,2406,Savings,2021-03-22,Active,103422.64
3182,4368,Checking,2024-08-26,Active,94413.31
3183,2623,Credit Card,2025-07-09,Closed,23111.67
3184,2807,Credit Card,2023-09-20,Active,117735.92
3185,1221,Checking,2021-04-06,Active,43575.44
3186,936,Credit Card,2021-02-03,Active,55792.36
3187,3825,Credit Card,2025-02-14,Active,17982.94
3188,3105,Checking,2021-01-29,Closed,115095.75
3189,939,Credit Card,2021-06-26,Active,94638.12
3190,3578,Savings,2021-07-02,Active,2988.56
3191,2257,Credit Card,2023-06-22,Active,6792.78
3192,2555,Credit Card,2022-11-19,Active,142369.98
3193,4537,Savings,2024-04-17,Active,94115.89
3194,190,Checking,2023-04-12,Closed,46870.27
3195,2522,Savings,2024-07-01,Active,65845.67
3196,2854,Checking,2025-02-22,Active,118382.33
3197,3226,Savings,2022-03-09,Closed,44285.75
3198,1148,Savings,2025-11-19,Active,54741.58
3199,4178,Checking,2025-03-04,Closed,6238.03
3200,1810,Credit Card,2022-04-28,Active,117460.99
3201,2432,Savings,2025-11-20,Active,41185.97
3202,3334,Savings,2023-04-03,Active,115676.92
3203,286,Credit Card,2022-06-17,Active,88958.81
3204,4496,Credit Card,2021-02-07,Closed,74624.37
3205,1358,Credit Card,2025-09-21,Active,45587.87
3206,4714,Checking,2023-02-11,Closed,8113.99
3207,4748,Investment,2023-10-26,Active,11490.67
3208,114,Checking,2024-04-23,Closed,145460.16
3209,4369,Checking,2024-02-23,Active,134051.01
3210,1883,Credit Card,2025-10-24,Closed,90609.36
3211,1480,Checking,2024-01-31,Active,8670.04
3212,3122,Credit Card,2022-06-01,Active,139158.29
3213,3155,Credit Card,2021-11-11,Closed,35129.31
3214,1269,Credit Card,2025-11-09,Active,63544.71
3215,1043,Investment,2023-06-23,Closed,59501.99
3216,1326,Credit Card,2025-05-31,Closed,118871.14
3217,4788,Investment,2022-09-25,Active,54897.06
3218,4550,Investment,2021-05-03,Active,70203.97
3219,1897,Savings,2024-08-28,Active,113887.47
3220,4064,Investment,2021-07-12,Active,134124.04
3221,1414,Checking,2023-02-23,Active,125224.43
3222,2069,Checking,2023-07-07,Closed,50278.78
3223,2171,Checking,2022-06-22,Active,28210.6
3224,2141,Credit Card,2022-08-05,Active,90139.47
3225,3393,Credit Card,2025-02-21,Active,38914.24
3226,4697,Checking,2025-06-23,Active,139838.0
3227,3793,Checking,2024-02-17,Active,89443.1
3228,3974,Investment,2025-08-24,Active,3627.24
3229,1552,Savings,2025-07-19,Closed,37356.31
3230,3213,Savings,2022-10-29,Active,134893.67
3231,3894,Investment,2024-10-04,Active,105902.52
3232,3981,Checking,2022-07-31,Active,65765.46
3233,2214,Savings,2021-01-07,Closed,104221.77
3234,1560,Savings,2022-12-23,Active,23660.91
3235,2894,Investment,2022-12-01,Active,83769.49
3236,1175,Investment,2025-08-01,Active,124752.72
3237,1703,Credit Card,2023-12-29,Active,129531.76
3238,2950,Checking,2022-12-07,Active,86558.11
3239,2881,Savings,2022-07-14,Active,116023.38
3240,3943,Checking,2022-11-26,Active,60593.49
3241,4434,Checking,2023-10-28,Active,97261.02
3242,4306,Checking,2021-12-19,Closed,23874.95
3243,589,Investment,2021-11-06,Active,31225.55
3244,268,Savings,2024-11-18,Active,73562.57
3245,863,Savings,2025-02-10,Active,61303.09
3246,1298,Savings,2023-07-14,Active,23620.32
3247,3355,Investment,2021-09-14,Closed,137425.56
3248,3519,Credit Card,2023-06-19,Closed,132372.21
3249,2751,Checking,2023-11-04,Active,114466.29
3250,4403,Investment,2023-07-04,Active,87743.69
3251,1238,Credit Card,2024-03-23,Active,91261.0
3252,1589,Checking,2025-06-01,Active,62853.7
3253,2840,Investment,2024-07-28,Active,148234.36
3254,3304,Credit Card,2023-04-18,Active,136518.81
3255,2707,Investment,2022-04-16,Closed,134685.89
3256,4108,Savings,2022-03-05,Active,29112.75
3257,3251,Savings,2021-09-10,Active,72807.68
3258,4890,Credit Card,2021-01-31,Active,45709.85
3259,1699,Savings,2024-02-10,Active,30355.99
3260,2613,Checking,2025-06-18,Active,16257.33
3261,3300,Checking,2022-07-27,Active,37804.86
3262,1108,Checking,2024-01-07,Active,130759.96
3263,1820,Credit Card,2023-10-23,Active,11258.42
3264,2897,Savings,2022-07-20,Closed,81854.53
3265,773,Investment,2023-01-07,Active,39383.56
3266,710,Credit Card,2025-10-28,Active,3712.57
3267,3094,Investment,2025-05-06,Active,75266.16
3268,1503,Investment,2022-04-28,Active,9410.89
3269,3254,Savings,2021-03-19,Closed,136970.95
3270,1431,Savings,2025-07-17,Active,129492.2
3271,4051,Savings,2024-02-05,Active,139998.47
3272,2760,Savings,2021-08-03,Closed,144269.18
3273,814,Savings,2025-06-11,Active,6945.26
3274,3407,Checking,2021-09-14,Active,79640.24
3275,272,Credit Card,2021-06-08,Closed,126730.62
3276,4768,Checking,2023-10-14,Closed,20824.25
3277,4289,Checking,2021-05-12,Closed,96563.8
3278,1507,Investment,2025-11-12,Closed,63050.72
3279,3066,Savings,2021-04-12,Closed,83075.56
3280,3206,Savings,2024-02-16,Active,43991.14
3281,3626,Investment,2022-04-08,Active,8560.57
3282,3715,Credit Card,2021-06-19,Active,86995.31
3283,1598,Checking,2024-06-21,Active,4411.83
3284,427,Investment,2022-11-30,Active,59971.7
3285,325,Checking,2023-09-15,Active,147749.66
3286,2331,Credit Card,2023-10-06,Active,133975.48
3287,3678,Savings,2024-07-01,Active,35039.96
3288,3784,Checking,2022-04-13,Active,140923.11
3289,1251,Savings,2024-05-05,Active,20710.01
3290,3716,Savings,2024-10-05,Active,38760.37
3291,919,Savings,2022-08-31,Active,73650.78
3292,3014,Savings,2022-08-21,Active,76126.06
3293,3292,Credit Card,2025-06-01,Active,90223.02
3294,3724,Checking,2024-01-24,Active,71595.02
3295,4703,Credit Card,2021-12-22,Closed,32894.43
3296,3368,Savings,2024-05-11,Closed,126419.47
3297,2945,Credit Card,2024-07-31,Active,42381.34
3298,2755,Savings,2024-01-20,Closed,54450.1
3299,112,Investment,2025-11-26,Closed,145411.29
3300,4761,Savings,2021-04-22,Active,66848.21
3301,1187,Checking,2021-07-14,Active,114999.73
3302,4814,Checking,2024-12-18,Active,29345.42
3303,1938,Credit Card,2021-08-14,Closed,87312.63
3304,2168,Checking,2021-02-07,Active,12967.72
3305,3324,Checking,2021-03-05,Active,148353.07
3306,1711,Savings,2022-11-01,Active,127456.52
3307,3562,Savings,2021-12-07,Closed,8656.5
3308,4646,Checking,2022-03-01,Closed,111614.55
3309,1069,Investment,2025-04-07,Closed,125762.96
3310,1858,Checking,2022-04-19,Closed,14626.4
3311,430,Savings,2024-01-31,Active,16257.87
3312,523,Checking,2023-09-01,Closed,18600.85
3313,4769,Credit Card,2022-08-28,Closed,138225.47
3314,2049,Credit Card,2021-04-05,Active,90756.64
3315,4692,Checking,2023-01-12,Active,89903.5
3316,96,Credit Card,2021-01-12,Closed,115817.31
3317,1907,Credit Card,2024-07-29,Active,120484.08
3318,1851,Credit Card,2023-01-18,Active,71040.47
3319,3541,Credit Card,2022-05-04,Active,39928.07
3320,1965,Checking,2024-08-28,Active,105826.72
3321,4320,Investment,2025-05-24,Closed,149140.02
3322,446,Investment,2023-03-24,Active,111502.4
3323,178,Credit Card,2021-12-12,Active,145045.85
3324,3001,Investment,2023-07-02,Closed,43488.5
3325,2466,Checking,2024-04-02,Active,70887.39
3326,4083,Savings,2022-11-22,Active,19711.51
3327,4064,Investment,2025-11-04,Active,24900.59
3328,1000,Investment,2022-10-09,Active,60456.11
3329,4538,Savings,2025-11-01,Active,71863.95
3330,868,Checking,2022-10-12,Active,10470.35
3331,1332,Credit Card,2025-01-21,Active,24003.5
3332,4103,Credit Card,2022-10-01,Active,144939.88
3333,3602,Checking,2022-03-21,Active,66828.53
3334,3850,Credit Card,2025-09-20,Active,86217.97
3335,5,Investment,2024-10-29,Closed,89768.13
3336,2542,Checking,2022-10-13,Active,71600.1
3337,41,Credit Card,2022-01-29,Active,133970.74
3338,744,Investment,2023-10-07,Active,69495.21
3339,3170,Savings,2021-08-02,Active,17446.6
3340,1030,Savings,2023-07-15,Active,128634.25
3341,4280,Checking,2024-07-17,Closed,24768.77
3342,2003,Investment,2022-10-14,Closed,53969.58
3343,3457,Checking,2022-06-16,Active,10015.88
3344,523,Credit Card,2024-09-25,Active,128440.28
3345,3268,Checking,2025-01-20,Closed,83166.82
3346,1217,Credit Card,2025-10-11,Active,18884.35
3347,2296,Credit Card,2022-02-26,Active,45792.05
3348,572,Checking,2025-09-09,Active,131840.89
3349,3876,Credit Card,2022-10-12,Closed,141423.02
3350,1184,Savings,2022-07-17,Active,34709.27
3351,512,Investment,2024-08-12,Active,19381.25
3352,601,Checking,2025-06-20,Closed,138124.51
3353,2144,Checking,2023-03-31,Active,78018.65
3354,4896,Credit Card,2025-07-15,Active,94373.07
3355,2769,Savings,2024-06-10,Active,42222.11
3356,3462,Credit Card,2023-03-12,Active,10162.13
3357,4058,Investment,2022-08-11,Active,49050.39
3358,1914,Investment,2021-07-21,Active,87282.98
3359,2577,Investment,2021-01-20,Active,116979.66
3360,2360,Checking,2021-07-31,Active,71632.86
3361,854,Credit Card,2022-04-04,Closed,111553.09
3362,1984,Checking,2024-07-19,Active,141998.63
3363,4451,Checking,2024-05-10,Closed,80561.54
3364,4724,Credit Card,2025-09-08,Closed,112279.94
3365,439,Savings,2021-08-17,Active,41506.28
3366,2644,Credit Card,2024-07-22,Active,73523.83
3367,4083,Savings,2022-05-08,Active,105469.09
3368,3041,Investment,2024-09-02,Active,65086.85
3369,4940,Checking,2023-09-06,Active,99895.62
3370,4113,Credit Card,2025-04-30,Active,125497.14
3371,2973,Savings,2025-09-10,Active,100031.27
3372,3963,Credit Card,2025-06-21,Active,38489.91
3373,34,Savings,2025-06-17,Closed,3271.92
3374,947,Credit Card,2023-11-28,Closed,83772.82
3375,3668,Checking,2022-07-05,Active,25788.22
3376,175,Credit Card,2022-11-02,Active,90044.97
3377,3958,Savings,2024-03-14,Active,79830.32
3378,3662,Savings,2025-02-03,Closed,60033.96
3379,407,Savings,2023-03-24,Active,43559.01
3380,3490,Checking,2024-07-25,Active,89725.65
3381,2207,Investment,2021-03-14,Active,111081.19
3382,4201,Checking,2024-08-16,Active,59366.03
3383,1650,Checking,2021-07-02,Active,144023.99
3384,965,Credit Card,2023-08-01,Active,131790.45
3385,1217,Savings,2025-05-14,Active,36591.81
3386,667,Credit Card,2022-01-15,Closed,73163.84
3387,1123,Checking,2022-12-11,Active,78105.94
3388,2819,Investment,2025-03-30,Active,63980.44
3389,3773,Checking,2024-12-03,Active,14243.38
3390,2288,Savings,2025-06-09,Closed,98080.13
3391,4052,Savings,2022-01-22,Active,47674.48
3392,4030,Investment,2022-04-22,Active,27394.78
3393,830,Credit Card,2024-10-16,Active,2273.88
3394,2070,Checking,2022-01-15,Closed,89290.83
3395,3942,Checking,2022-06-19,Active,97597.7
3396,3731,Credit Card,2021-05-15,Active,51685.73
3397,2698,Savings,2024-03-06,Active,34320.64
3398,18,Credit Card,2025-11-04,Active,103518.53
3399,4485,Investment,2023-10-04,Active,59609.49
3400,1493,Savings,2023-09-28,Closed,87953.19
3401,3718,Savings,2021-11-02,Active,63630.19
3402,586,Savings,2021-09-19,Active,36283.31
3403,850,Checking,2021-07-28,Active,98512.62
3404,416,Checking,2021-08-07,Closed,49561.9
3405,3056,Checking,2025-04-16,Active,130334.14
3406,3318,Credit Card,2024-03-27,Active,106864.16
3407,849,Savings,2021-12-16,Active,123505.0
3408,1034,Savings,2022-01-07,Active,135999.15
3409,4569,Savings,2023-09-19,Active,133029.43
3410,3888,Credit Card,2021-05-02,Active,87922.62
3411,859,Investment,2022-05-25,Active,147605.13
3412,2894,Investment,2024-02-25,Active,72218.88
3413,1389,Savings,2021-09-11,Active,63925.51
3414,4538,Savings,2022-01-16,Closed,97600.59
3415,4226,Savings,2021-01-14,Closed,10607.14
3416,875,Savings,2024-07-03,Active,138848.52
3417,4452,Credit Card,2022-09-10,Active,81276.69
3418,1617,Credit Card,2023-06-29,Closed,133240.61
3419,1895,Checking,2024-01-19,Active,33888.14
3420,1712,Checking,2023-07-02,Active,86442.0
3421,3242,Credit Card,2021-12-13,Active,47317.38
3422,256,Investment,2023-06-20,Active,2819.47
3423,1906,Credit Card,2022-12-31,Active,128181.4
3424,2162,Checking,2024-02-05,Active,116968.67
3425,225,Savings,2024-09-29,Active,77862.42
3426,2638,Savings,2021-04-29,Active,74077.13
3427,4847,Savings,2024-02-08,Active,77559.06
3428,2901,Investment,2022-03-25,Active,148819.54
3429,3492,Credit Card,2025-04-27,Active,48508.53
3430,1924,Checking,2022-03-20,Closed,115884.96
3431,3124,Investment,2023-04-22,Closed,9597.67
3432,3290,Savings,2022-03-13,Active,15430.45
3433,566,Investment,2025-01-11,Active,149835.49
3434,4836,Credit Card,2022-11-12,Active,4321.48
3435,2007,Savings,2023-10-01,Active,126233.02
3436,2095,Checking,2024-11-04,Active,73406.07
3437,633,Checking,2023-08-14,Active,73103.99
3438,1731,Investment,2021-02-26,Active,121707.18
3439,4758,Checking,2021-10-08,Active,43375.96
3440,3040,Savings,2023-11-26,Active,71784.29
3441,791,Savings,2023-03-13,Active,67590.5
3442,2446,Credit Card,2021-09-18,Closed,84052.64
3443,3918,Savings,2022-05-15,Active,131922.19
3444,2632,Investment,2021-05-05,Active,125254.46
3445,4715,Checking,2024-09-14,Active,107617.4
3446,1793,Investment,2023-02-27,Active,19843.15
3447,3689,Checking,2021-11-22,Active,71764.55
3448,4959,Savings,2021-02-16,Active,104450.85
3449,2629,Checking,2021-01-23,Closed,81171.25
3450,2155,Credit Card,2022-07-23,Closed,49332.97
3451,3660,Checking,2025-03-04,Closed,39899.22
3452,1520,Credit Card,2021-03-10,Active,8802.01
3453,2962,Credit Card,2021-06-23,Active,63264.17
3454,2299,Savings,2021-01-20,Active,17997.97
3455,3225,Investment,2024-08-15,Active,90412.03
3456,4889,Savings,2024-10-23,Active,138750.96
3457,197,Savings,2021-05-27,Active,129682.24
3458,643,Checking,2022-09-13,Active,110790.16
3459,4415,Investment,2021-04-17,Closed,3356.18
3460,592,Credit Card,2025-09-23,Active,143038.25
3461,2944,Credit Card,2022-09-26,Active,146452.84
3462,112,Credit Card,2021-03-24,Active,3863.54
3463,3378,Credit Card,2022-06-06,Active,93678.88
3464,3155,Savings,2023-12-19,Active,109903.63
3465,4387,Investment,2025-07-17,Active,25974.21
3466,3329,Credit Card,2021-02-08,Active,129021.77
3467,3247,Savings,2023-05-21,Active,66800.73
3468,496,Savings,2021-06-20,Active,104653.72
3469,4936,Checking,2022-11-10,Active,148167.19
3470,919,Checking,2021-12-16,Closed,53259.14
3471,3055,Checking,2021-05-03,Active,85138.55
3472,4929,Credit Card,2021-02-16,Active,16773.0
3473,177,Checking,2023-06-19,Closed,38880.06
3474,3546,Credit Card,2024-11-01,Closed,142436.12
3475,3967,Investment,2025-10-21,Active,122874.5
3476,832,Checking,2024-07-05,Active,116645.57
3477,1281,Savings,2024-12-05,Active,87798.79
3478,3294,Checking,2023-08-25,Active,54652.12
3479,3079,Investment,2021-07-24,Active,138134.23
3480,2278,Investment,2023-02-17,Active,55138.32
3481,4138,Savings,2024-05-28,Active,102635.99
3482,689,Savings,2024-09-22,Active,76519.03
3483,552,Checking,2025-11-11,Active,129660.02
3484,1041,Credit Card,2022-07-11,Closed,140063.88
3485,4880,Savings,2025-08-01,Closed,112350.84
3486,2660,Checking,2024-03-22,Active,137359.55
3487,2453,Credit Card,2023-12-22,Active,133416.02
3488,4706,Credit Card,2024-09-14,Closed,51293.67
3489,4460,Investment,2022-06-07,Active,132354.41
3490,4752,Credit Card,2021-11-13,Closed,84242.41
3491,3905,Savings,2025-03-20,Closed,59895.93
3492,3911,Credit Card,2023-05-07,Closed,138822.37
3493,3710,Checking,2023-12-24,Active,37610.6
3494,1213,Checking,2022-12-20,Active,128322.92
3495,3724,Investment,2021-09-09,Active,127078.72
3496,4683,Credit Card,2023-07-04,Closed,65564.95
3497,3750,Investment,2023-06-05,Closed,113155.65
3498,669,Checking,2024-04-19,Active,134172.13
3499,1341,Credit Card,2023-02-19,Active,51705.48
3500,1726,Investment,2021-08-20,Closed,129768.35
3501,4066,Checking,2025-09-28,Active,63358.81
3502,3666,Checking,2022-10-15,Active,94438.43
3503,3573,Savings,2025-02-11,Closed,72998.04
3504,2483,Credit Card,2025-10-19,Closed,71881.52
3505,3943,Checking,2025-08-17,Active,5590.44
3506,3689,Investment,2025-09-29,Active,20648.0
3507,2992,Checking,2025-03-16,Active,54316.3
3508,2311,Credit Card,2022-06-09,Active,96164.98
3509,4410,Investment,2022-10-19,Active,20261.72
3510,3191,Savings,2024-07-14,Closed,39121.32
3511,2189,Credit Card,2025-03-09,Active,50826.5
3512,2760,Investment,2024-12-24,Closed,141363.87
3513,3359,Savings,2022-03-08,Active,103632.31
3514,1506,Credit Card,2021-01-07,Active,149953.2
3515,2798,Checking,2022-03-18,Closed,24502.01
3516,3852,Savings,2021-09-25,Closed,58666.49
3517,2679,Investment,2024-10-08,Active,142040.16
3518,4550,Credit Card,2024-04-05,Active,110439.47
3519,3493,Investment,2025-08-01,Active,35595.91
3520,3471,Checking,2025-07-19,Active,116791.28
3521,3565,Credit Card,2024-10-27,Active,81373.13
3522,4916,Credit Card,2025-08-15,Active,103948.6
3523,379,Investment,2021-04-26,Closed,120394.21
3524,3542,Savings,2022-12-28,Closed,74611.7
3525,3826,Credit Card,2024-10-26,Active,42089.93
3526,870,Credit Card,2023-05-11,Active,88169.64
3527,3192,Investment,2022-01-31,Active,3745.18
3528,3857,Savings,2025-07-03,Active,91304.01
3529,2821,Checking,2021-03-15,Closed,91162.48
3530,2857,Investment,2023-05-25,Active,72313.56
3531,4175,Savings,2021-10-18,Active,71998.21
3532,378,Checking,2021-02-13,Active,32755.95
3533,2523,Checking,2025-08-17,Active,31670.79
3534,3935,Savings,2022-09-06,Active,124764.71
3535,3541,Savings,2024-03-21,Active,93715.91
3536,801,Checking,2024-02-05,Active,104657.24
3537,4729,Credit Card,2024-08-01,Active,18138.55
3538,1430,Credit Card,2024-03-18,Closed,135216.21
3539,323,Checking,2022-05-22,Active,81588.74
3540,4533,Checking,2023-08-05,Active,65479.55
3541,2927,Credit Card,2024-04-23,Active,146604.07
3542,1189,Savings,2021-02-26,Active,84650.92
3543,488,Investment,2023-01-23,Closed,102156.43
3544,4749,Savings,2022-06-04,Active,86306.75
3545,2377,Savings,2025-08-21,Active,108291.11
3546,2927,Credit Card,2025-10-31,Active,79720.22
3547,2457,Savings,2023-02-28,Closed,108066.18
3548,1977,Credit Card,2022-09-20,Active,110399.21
3549,80,Savings,2025-07-30,Closed,71497.27
3550,1120,Checking,2024-11-01,Closed,86530.51
3551,612,Savings,2023-04-02,Active,7464.16
3552,2704,Savings,2022-12-23,Active,63965.53
3553,4968,Credit Card,2021-10-26,Active,101498.25
3554,4187,Investment,2022-05-19,Active,59488.96
3555,4575,Investment,2025-01-11,Closed,88582.97
3556,1971,Credit Card,2025-02-11,Active,120299.84
3557,4314,Investment,2023-06-13,Active,76210.61
3558,3934,Investment,2022-06-11,Closed,137938.87
3559,684,Credit Card,2021-04-17,Active,66745.48
3560,1355,Investment,2024-05-07,Closed,47367.66
3561,2308,Credit Card,2021-07-25,Closed,33450.05
3562,4209,Savings,2021-04-13,Active,43206.32
3563,2162,Checking,2021-06-08,Closed,120948.18
3564,4644,Savings,2021-05-22,Active,37778.15
3565,2036,Checking,2023-07-24,Active,63638.82
3566,3587,Checking,2023-12-20,Active,93238.42
3567,1819,Credit Card,2025-06-28,Active,4979.65
3568,4772,Credit Card,2022-03-06,Active,135444.62
3569,651,Checking,2021-03-04,Active,76918.02
3570,3026,Investment,2023-03-22,Active,143181.59
3571,751,Savings,2025-07-23,Closed,9101.76
3572,380,Checking,2025-01-22,Closed,41647.18
3573,1562,Investment,2021-07-08,Active,62520.5
3574,228,Investment,2025-07-01,Active,1518.36
3575,850,Investment,2024-12-16,Active,68245.06
3576,1934,Investment,2025-09-04,Active,12972.39
3577,47,Credit Card,2021-07-20,Active,62352.85
3578,629,Savings,2025-08-21,Active,142419.88
3579,2139,Checking,2021-02-01,Closed,12063.15
3580,4295,Credit Card,2023-02-20,Active,127048.14
3581,4863,Investment,2023-05-24,Active,26075.09
3582,2565,Checking,2025-10-18,Active,37807.91
3583,4445,Checking,2025-01-18,Active,124386.3
3584,684,Checking,2021-05-12,Active,143549.71
3585,2777,Checking,2021-04-18,Active,112080.82
3586,574,Checking,2024-12-20,Active,91881.44
3587,3330,Savings,2021-04-30,Closed,61232.06
3588,1561,Credit Card,2025-06-25,Closed,149505.14
3589,4973,Investment,2023-06-15,Active,127178.28
3590,2103,Credit Card,2023-10-26,Closed,22875.53
3591,3869,Checking,2022-12-18,Active,25786.58
3592,2537,Credit Card,2023-04-01,Active,58325.11
3593,2159,Investment,2024-09-19,Active,117163.88
3594,4031,Credit Card,2022-11-23,Active,110940.15
3595,1306,Investment,2023-10-19,Active,119103.5
3596,2459,Checking,2024-02-25,Closed,8799.74
3597,4558,Checking,2021-02-13,Closed,100839.06
3598,2706,Investment,2022-12-27,Active,83720.34
3599,3290,Investment,2023-10-05,Active,133194.03
3600,2152,Credit Card,2022-07-09,Active,135395.13
3601,2286,Savings,2025-03-10,Active,114980.13
3602,3313,Checking,2023-10-09,Active,105146.67
3603,358,Credit Card,2021-05-13,Active,34485.93
3604,4193,Investment,2024-09-09,Active,61900.7
3605,2065,Investment,2025-12-03,Active,44350.47
3606,2088,Investment,2021-05-09,Active,44574.55
3607,46,Investment,2023-07-01,Active,66151.2
3608,87,Investment,2021-04-01,Active,135300.23
3609,1802,Credit Card,2023-05-23,Closed,23547.14
3610,1849,Investment,2024-05-05,Closed,61961.9
3611,859,Checking,2024-10-31,Active,38110.52
3612,3761,Checking,2025-05-24,Active,6144.93
3613,4050,Checking,2023-06-05,Active,103327.86
3614,3746,Checking,2022-12-14,Active,1313.92
3615,3677,Credit Card,2023-08-28,Active,76282.11
3616,3013,Investment,2023-01-13,Closed,15845.6
3617,3506,Investment,2023-09-17,Active,65303.56
3618,3999,Checking,2021-09-26,Active,119857.9
3619,1449,Savings,2024-02-08,Active,88136.1
3620,962,Savings,2022-06-15,Active,142626.69
3621,4849,Savings,2025-06-18,Active,54675.86
3622,3707,Credit Card,2021-12-28,Closed,80443.06
3623,1608,Investment,2023-05-16,Active,117879.27
3624,446,Checking,2023-12-09,Active,103202.62
3625,369,Credit Card,2022-12-09,Active,103367.03
3626,3204,Checking,2024-04-25,Active,26866.74
3627,1354,Investment,2022-12-02,Active,9593.81
3628,1771,Checking,2023-04-30,Active,129024.64
3629,4422,Savings,2021-03-20,Active,73887.93
3630,316,Checking,2025-06-11,Closed,131311.7
3631,1380,Checking,2025-01-09,Closed,107881.35
3632,3750,Savings,2021-05-08,Active,139098.17
3633,2882,Checking,2024-06-29,Active,18925.83
3634,3590,Checking,2023-02-15,Closed,105939.66
3635,1243,Investment,2024-03-18,Active,81482.29
3636,3249,Savings,2025-11-24,Closed,128454.18
3637,446,Credit Card,2021-09-29,Active,147132.2
3638,3078,Investment,2023-11-18,Active,138956.28
3639,497,Savings,2024-06-21,Active,49270.93
3640,2261,Checking,2023-01-07,Active,58387.94
3641,2198,Investment,2021-02-07,Closed,122997.4
3642,4579,Checking,2023-10-17,Active,95581.9
3643,2356,Checking,2021-08-29,Active,96138.42
3644,3581,Credit Card,2023-03-09,Active,77533.49
3645,1974,Savings,2025-10-11,Active,113591.9
3646,2267,Checking,2023-06-01,Active,105383.64
3647,2566,Investment,2025-09-10,Active,106483.58
3648,4991,Investment,2024-11-27,Active,57880.05
3649,4631,Savings,2025-11-01,Closed,56257.97
3650,44,Credit Card,2022-08-06,Closed,132594.87
3651,418,Credit Card,2024-07-25,Active,9123.92
3652,3850,Savings,2021-01-31,Closed,98400.63
3653,4727,Savings,2021-02-18,Closed,64105.2
3654,3018,Savings,2021-08-21,Active,103001.52
3655,392,Checking,2022-10-19,Active,134305.97
3656,4469,Investment,2022-11-03,Active,45167.95
3657,1719,Checking,2024-01-16,Active,27402.47
3658,2519,Investment,2021-02-19,Active,76822.92
3659,4108,Checking,2022-10-29,Closed,24987.58
3660,2579,Savings,2022-04-04,Active,55882.48
3661,1148,Credit Card,2024-01-04,Active,48280.63
3662,3030,Checking,2021-04-25,Active,49756.69
3663,2072,Checking,2023-08-17,Active,120245.8
3664,4530,Investment,2023-11-11,Active,2512.08
3665,2961,Savings,2021-09-08,Active,131647.47
3666,2190,Checking,2021-06-29,Active,112424.3
3667,2372,Savings,2021-07-28,Active,145182.15
3668,27,Credit Card,2023-10-06,Active,146641.49
3669,3062,Credit Card,2021-05-19,Closed,87281.34
3670,1744,Savings,2022-03-19,Closed,61371.29
3671,1192,Investment,2025-05-26,Active,67486.98
3672,4186,Savings,2023-08-12,Active,85318.98
3673,1236,Credit Card,2024-10-13,Active,127690.27
3674,4938,Investment,2021-04-10,Active,55361.65
3675,1628,Checking,2023-04-23,Closed,12602.57
3676,2472,Checking,2025-08-26,Active,71838.66
3677,4996,Credit Card,2025-09-28,Active,20967.08
3678,2564,Checking,2024-01-02,Active,134091.19
3679,3190,Credit Card,2024-03-30,Active,64886.55
3680,1701,Credit Card,2023-05-26,Active,13063.69
3681,2509,Credit Card,2025-02-22,Active,56238.48
3682,3447,Checking,2024-02-05,Active,5243.28
3683,4449,Credit Card,2024-04-10,Active,137463.95
3684,3126,Savings,2024-12-07,Active,80349.41
3685,4511,Investment,2024-03-31,Closed,117267.83
3686,1965,Checking,2024-10-11,Active,30172.09
3687,2304,Savings,2021-11-15,Active,122034.02
3688,4245,Savings,2023-12-12,Active,99381.49
3689,3167,Savings,2021-01-09,Active,4550.66
3690,1258,Checking,2023-10-13,Active,1362.28
3691,2543,Investment,2022-05-18,Closed,64596.84
3692,2484,Checking,2023-08-16,Closed,98021.42
3693,3185,Savings,2021-03-29,Closed,47514.49
3694,4148,Investment,2024-05-26,Closed,30779.32
3695,4125,Credit Card,2021-03-01,Active,145660.46
3696,3978,Checking,2022-02-01,Active,30586.48
3697,354,Investment,2024-03-01,Active,14458.46
3698,4758,Savings,2024-01-16,Active,69889.15
3699,413,Investment,2024-07-16,Active,15341.7
3700,3246,Checking,2021-10-11,Active,84734.8
3701,3392,Savings,2025-09-16,Closed,69328.94
3702,1425,Checking,2023-11-02,Closed,81894.22
3703,4703,Checking,2023-03-05,Active,57071.03
3704,3269,Checking,2025-10-15,Active,73208.37
3705,385,Savings,2022-10-01,Active,26192.81
3706,2182,Credit Card,2023-02-12,Active,63632.32
3707,616,Investment,2024-10-19,Active,23939.03
3708,2339,Investment,2021-07-26,Closed,1754.02
3709,1011,Checking,2021-03-26,Active,40028.37
3710,36,Credit Card,2024-06-19,Active,38983.05
3711,4348,Checking,2023-07-23,Active,134658.45
3712,4375,Savings,2022-05-21,Active,62763.35
3713,2608,Investment,2024-01-10,Closed,137439.92
3714,1110,Checking,2023-03-04,Active,15443.85
3715,576,Checking,2024-10-04,Closed,105633.3
3716,3400,Checking,2022-09-02,Active,138324.05
3717,4964,Investment,2024-03-29,Active,33774.28
3718,200,Investment,2023-12-24,Active,126358.69
3719,1734,Savings,2023-07-01,Active,106052.79
3720,1976,Checking,2023-06-18,Active,63031.1
3721,4309,Investment,2023-12-17,Active,43456.0
3722,658,Credit Card,2022-11-15,Closed,81306.6
3723,807,Investment,2022-04-27,Active,107303.6
3724,2325,Savings,2025-08-04,Active,126189.35
3725,2771,Savings,2023-03-06,Active,72330.83
3726,4934,Credit Card,2022-07-19,Active,29860.8
3727,912,Savings,2023-10-15,Closed,34291.75
3728,320,Investment,2022-12-22,Closed,65487.71
3729,263,Credit Card,2023-12-18,Active,138277.34
3730,3609,Credit Card,2023-12-03,Closed,38333.46
3731,112,Checking,2025-04-14,Active,66611.58
3732,2411,Investment,2023-04-13,Active,17968.21
3733,3980,Credit Card,2023-11-13,Closed,51770.23
3734,1026,Credit Card,2022-10-10,Active,22878.5
3735,2737,Investment,2024-02-26,Closed,68435.37
3736,4999,Checking,2022-01-01,Closed,24721.57
3737,3441,Credit Card,2023-08-26,Active,65301.49
3738,193,Credit Card,2021-07-22,Active,16079.91
3739,4234,Investment,2021-12-02,Active,83786.19
3740,4404,Savings,2023-12-13,Active,92614.14
3741,1663,Investment,2025-09-05,Active,23692.73
3742,2072,Investment,2023-05-17,Active,84667.97
3743,3529,Checking,2021-06-27,Active,54380.15
3744,3056,Credit Card,2023-10-16,Active,84154.27
3745,2558,Investment,2022-02-16,Active,106051.99
3746,4749,Investment,2021-11-26,Active,72415.48
3747,2996,Investment,2021-01-09,Active,8316.92
3748,633,Investment,2021-11-01,Closed,129335.3
3749,3198,Checking,2024-07-27,Closed,11782.62
3750,4956,Checking,2025-05-23,Active,1450.05
3751,4894,Investment,2021-08-06,Closed,53664.89
3752,4857,Credit Card,2025-11-23,Active,51302.87
3753,2548,Savings,2025-01-15,Active,8674.47
3754,3888,Credit Card,2023-11-29,Closed,19978.81
3755,4022,Credit Card,2025-01-29,Active,120756.97
3756,35,Credit Card,2024-08-17,Active,123290.99
3757,1070,Investment,2022-11-28,Active,8946.57
3758,1625,Checking,2021-11-20,Closed,148782.27
3759,3060,Investment,2025-08-09,Active,7354.43
3760,3666,Investment,2021-05-02,Active,129747.32
3761,4053,Savings,2021-07-10,Active,638.94
3762,1203,Checking,2023-01-03,Active,61368.28
3763,1443,Investment,2021-10-30,Closed,136269.29
3764,2108,Credit Card,2022-05-18,Active,114536.52
3765,3391,Savings,2022-11-25,Closed,101218.78
3766,2918,Credit Card,2021-05-05,Active,43024.97
3767,4017,Credit Card,2024-10-08,Active,12713.21
3768,3369,Savings,2021-01-31,Active,105317.32
3769,2887,Investment,2022-01-29,Active,54192.96
3770,4596,Credit Card,2023-10-08,Active,9370.49
3771,572,Credit Card,2024-10-10,Active,24965.78
3772,4337,Savings,2025-02-19,Active,7935.21
3773,811,Credit Card,2023-03-29,Active,3560.35
3774,2017,Savings,2024-07-08,Closed,68968.69
3775,2288,Credit Card,2022-08-27,Active,34571.25
3776,1192,Credit Card,2024-04-29,Active,102026.24
3777,4304,Investment,2023-05-28,Active,131784.16
3778,441,Investment,2022-08-28,Closed,19857.07
3779,3223,Credit Card,2025-01-13,Closed,22975.8
3780,4178,Credit Card,2022-03-09,Active,84656.6
3781,84,Investment,2023-04-20,Active,3756.59
3782,4887,Investment,2024-03-18,Active,44089.3
3783,1424,Savings,2024-06-10,Active,10371.19
3784,2128,Checking,2021-09-26,Active,75663.07
3785,3471,Credit Card,2022-12-30,Closed,145456.79
3786,413,Savings,2025-11-10,Active,77599.86
3787,586,Credit Card,2021-01-04,Active,70701.08
3788,4694,Checking,2024-03-09,Active,115169.34
3789,4332,Credit Card,2025-03-03,Active,40042.62
3790,2874,Credit Card,2023-02-15,Active,97773.11
3791,1827,Savings,2022-08-11,Active,41647.32
3792,3829,Checking,2024-11-17,Active,62453.39
3793,1774,Savings,2021-05-26,Active,91747.5
3794,2396,Credit Card,2022-05-04,Closed,81211.51
3795,2208,Credit Card,2025-10-21,Active,111492.79
3796,1715,Checking,2024-11-16,Active,78695.54
3797,601,Checking,2024-07-28,Active,27781.98
3798,2528,Savings,2024-07-29,Active,145832.53
3799,4186,Credit Card,2021-06-11,Active,39755.09
3800,4062,Savings,2024-02-08,Closed,95529.23
3801,3734,Investment,2021-04-17,Active,55803.3
3802,232,Checking,2023-06-29,Active,142076.79
3803,164,Investment,2024-07-31,Active,58032.08
3804,1781,Investment,2022-01-15,Closed,27306.15
3805,2092,Savings,2025-01-01,Active,64398.18
3806,3712,Checking,2021-11-10,Closed,91152.06
3807,431,Investment,2022-06-07,Active,72448.89
3808,1980,Investment,2023-06-23,Closed,99702.21
3809,1336,Savings,2024-12-05,Closed,125452.51
3810,1599,Checking,2023-03-08,Active,54611.32
3811,2194,Savings,2021-08-09,Active,68129.93
3812,4659,Savings,2021-11-11,Closed,121381.72
3813,4954,Checking,2021-02-06,Closed,120589.19
3814,2883,Credit Card,2021-08-03,Active,25309.07
3815,2328,Investment,2023-07-04,Active,54487.03
3816,2716,Savings,2025-02-13,Active,144197.12
3817,579,Investment,2024-08-19,Active,11149.32
3818,1747,Credit Card,2024-08-06,Closed,49755.45
3819,3137,Investment,2021-05-11,Active,128975.87
3820,3109,Checking,2023-01-09,Active,17327.64
3821,168,Checking,2025-07-01,Active,26143.72
3822,4329,Credit Card,2023-05-19,Active,133226.84
3823,4275,Investment,2024-10-04,Active,115383.26
3824,2876,Savings,2021-09-05,Active,34482.07
3825,438,Investment,2025-11-27,Active,14785.29
3826,23,Savings,2022-11-09,Closed,125285.4
3827,3139,Savings,2024-05-09,Active,109662.59
3828,3832,Savings,2024-07-21,Closed,43404.18
3829,3153,Savings,2025-05-06,Active,59585.72
3830,4224,Investment,2024-10-17,Active,29568.0
3831,629,Credit Card,2025-03-10,Active,100415.89
3832,1691,Investment,2024-01-09,Active,128957.1
3833,216,Credit Card,2023-06-30,Closed,90587.49
3834,795,Credit Card,2022-09-28,Active,98293.86
3835,2193,Checking,2025-07-16,Closed,99134.05
3836,2586,Investment,2024-10-21,Active,95132.74
3837,1659,Credit Card,2024-02-07,Active,144895.28
3838,1156,Investment,2025-04-20,Closed,141217.36
3839,610,Credit Card,2025-09-25,Closed,128131.56
3840,1873,Investment,2024-09-25,Active,1328.12
3841,3643,Credit Card,2021-05-01,Active,134407.03
3842,1279,Checking,2022-12-17,Active,118650.97
3843,1569,Investment,2021-07-03,Closed,20021.73
3844,156,Credit Card,2023-09-04,Active,41446.37
3845,3058,Investment,2023-04-29,Active,93076.47
3846,3297,Investment,2025-01-31,Closed,119532.01
3847,756,Credit Card,2025-01-14,Active,107598.84
3848,1922,Checking,2022-07-12,Active,650.82
3849,1519,Credit Card,2023-03-15,Active,68313.48
3850,2492,Credit Card,2023-08-04,Closed,126701.51
3851,3235,Investment,2023-01-13,Active,108905.06
3852,4817,Investment,2024-08-09,Closed,146135.66
3853,685,Checking,2025-04-15,Active,905.86
3854,4257,Checking,2022-10-27,Active,36574.78
3855,447,Credit Card,2024-06-07,Closed,114233.15
3856,1523,Credit Card,2021-08-29,Closed,95651.95
3857,3426,Checking,2025-09-12,Closed,142640.54
3858,2740,Investment,2022-03-28,Active,125535.89
3859,104,Savings,2022-10-22,Active,25154.86
3860,4886,Investment,2021-01-01,Active,95424.31
3861,3424,Savings,2021-11-02,Active,140215.77
3862,3096,Credit Card,2021-08-17,Active,72110.93
3863,414,Investment,2023-06-04,Active,59897.49
3864,448,Investment,2022-03-28,Closed,9123.08
3865,4721,Credit Card,2021-05-01,Active,18383.92
3866,4704,Investment,2024-08-03,Closed,91512.84
3867,1661,Credit Card,2021-08-01,Closed,66753.07
3868,4651,Investment,2024-06-27,Active,82650.87
3869,2222,Investment,2024-06-15,Active,129518.12
3870,1226,Savings,2024-05-24,Active,77210.77
3871,4015,Credit Card,2024-01-14,Closed,68121.63
3872,4614,Savings,2024-01-10,Active,116763.74
3873,3730,Investment,2022-12-15,Closed,80914.76
3874,3530,Investment,2021-12-29,Active,138129.21
3875,1536,Savings,2024-11-26,Active,130969.97
3876,293,Investment,2024-03-13,Active,134957.57
3877,2109,Credit Card,2023-09-27,Active,2885.32
3878,1593,Savings,2025-10-11,Closed,68122.99
3879,1241,Checking,2025-01-28,Active,125375.84
3880,3129,Checking,2023-07-03,Active,3155.62
3881,1306,Savings,2024-01-01,Active,112974.66
3882,3324,Checking,2022-09-24,Active,67682.36
3883,3442,Credit Card,2025-06-11,Active,85400.87
3884,1374,Savings,2024-09-21,Active,56368.18
3885,4670,Savings,2023-04-17,Closed,147517.19
3886,703,Savings,2025-06-19,Active,132357.0
3887,514,Checking,2023-01-17,Active,106519.83
3888,3123,Checking,2025-07-12,Active,41727.35
3889,3606,Checking,2024-05-01,Active,65115.23
3890,2501,Credit Card,2022-07-31,Active,115613.11
3891,4476,Credit Card,2021-05-13,Active,90924.79
3892,1825,Credit Card,2024-06-16,Active,74429.82
3893,4626,Checking,2021-07-10,Active,65385.24
3894,4382,Checking,2024-05-06,Active,93732.82
3895,3490,Checking,2024-10-20,Closed,124116.33
3896,4282,Credit Card,2021-05-29,Active,129090.19
3897,3514,Investment,2024-08-01,Closed,14854.56
3898,3907,Investment,2025-04-04,Active,125371.32
3899,2280,Checking,2021-12-01,Closed,133342.13
3900,3841,Checking,2021-04-13,Active,111186.72
3901,2824,Savings,2024-02-10,Active,149839.94
3902,96,Investment,2022-06-07,Closed,106897.46
3903,4829,Credit Card,2024-12-09,Closed,26907.61
3904,56,Savings,2021-03-10,Active,29995.74
3905,2995,Investment,2021-05-13,Active,67374.83
3906,4830,Investment,2024-02-18,Active,116089.78
3907,2541,Credit Card,2024-06-04,Closed,63192.06
3908,824,Credit Card,2024-06-03,Active,129644.83
3909,1736,Credit Card,2022-01-06,Active,90063.01
3910,311,Checking,2021-06-19,Active,129201.43
3911,3306,Savings,2022-04-21,Active,139873.55
3912,1097,Investment,2021-10-24,Closed,104755.08
3913,3879,Credit Card,2021-04-23,Active,127624.92
3914,1356,Savings,2023-05-16,Active,92741.71
3915,2953,Credit Card,2025-02-27,Active,30176.77
3916,2280,Savings,2022-06-09,Active,36535.74
3917,35,Checking,2021-08-29,Active,97369.1
3918,2777,Investment,2023-09-05,Active,116912.18
3919,3037,Checking,2025-11-17,Active,93573.37
3920,2970,Savings,2023-01-25,Active,135896.46
3921,1678,Credit Card,2023-08-22,Active,75883.92
3922,1768,Investment,2024-06-02,Active,18052.27
3923,2619,Credit Card,2021-12-08,Active,102373.48
3924,1806,Credit Card,2021-10-29,Active,38041.74
3925,1186,Savings,2021-07-16,Active,119753.26
3926,3954,Investment,2025-06-10,Active,141499.47
3927,1359,Checking,2024-02-04,Closed,29993.09
3928,1825,Checking,2023-02-05,Active,63337.38
3929,2122,Credit Card,2025-10-21,Active,108204.49
3930,363,Savings,2022-09-17,Active,6729.24
3931,4433,Investment,2021-11-23,Active,55114.47
3932,2846,Investment,2023-12-05,Active,86692.75
3933,3702,Investment,2021-02-17,Active,94690.46
3934,2959,Investment,2025-11-15,Active,57389.14
3935,4290,Credit Card,2021-05-04,Active,81004.56
3936,1114,Savings,2023-05-07,Active,140593.47
3937,678,Investment,2023-04-18,Active,127453.86
3938,521,Credit Card,2021-06-22,Active,127592.09
3939,3681,Checking,2025-03-11,Active,125413.95
3940,782,Credit Card,2025-08-26,Closed,71781.5
3941,2765,Investment,2025-03-31,Closed,32125.83
3942,3995,Savings,2021-07-03,Closed,148146.16
3943,4816,Investment,2024-01-06,Active,78989.55
3944,2727,Savings,2022-05-24,Active,119815.1
3945,1230,Savings,2024-09-02,Closed,120257.27
3946,2705,Credit Card,2023-07-17,Active,114040.28
3947,3988,Investment,2025-06-11,Active,121062.18
3948,2722,Savings,2021-08-22,Active,139050.85
3949,1268,Savings,2021-12-13,Active,81477.01
3950,1684,Credit Card,2025-05-27,Closed,124752.64
3951,2203,Savings,2025-06-27,Closed,18742.57
3952,4242,Investment,2021-04-27,Active,84070.63
3953,3081,Investment,2021-04-01,Active,90979.29
3954,2155,Checking,2022-11-28,Active,142699.52
3955,4336,Savings,2022-02-13,Active,11055.18
3956,1194,Investment,2024-04-07,Active,46266.27
3957,1520,Credit Card,2023-09-20,Closed,119351.39
3958,867,Checking,2025-03-17,Active,63515.63
3959,1562,Checking,2024-07-22,Active,56802.29
3960,2729,Investment,2024-08-26,Active,47738.78
3961,284,Investment,2024-11-07,Active,11461.07
3962,1756,Savings,2022-10-16,Active,101765.46
3963,4493,Investment,2023-11-20,Active,79030.09
3964,752,Investment,2021-01-08,Active,42710.42
3965,1429,Investment,2022-02-23,Active,37050.78
3966,3392,Checking,2023-11-14,Active,147243.13
3967,4142,Credit Card,2022-08-10,Active,31808.32
3968,3998,Checking,2021-10-03,Active,26481.0
3969,4050,Investment,2023-10-13,Active,129666.62
3970,1833,Checking,2025-05-08,Active,102750.35
3971,4132,Credit Card,2021-04-23,Active,77115.29
3972,2434,Savings,2024-12-01,Active,115785.29
3973,3842,Investment,2024-03-13,Active,143803.83
3974,3079,Credit Card,2023-11-16,Active,18028.11
3975,996,Checking,2024-02-13,Active,121704.89
3976,3871,Investment,2022-07-26,Active,89958.78
3977,1872,Checking,2021-08-03,Active,144696.32
3978,2923,Investment,2024-06-21,Active,58453.46
3979,1780,Savings,2021-04-28,Active,16479.78
3980,592,Checking,2023-09-30,Closed,118089.4
3981,139,Savings,2022-09-24,Active,130365.08
3982,4047,Credit Card,2025-10-20,Active,130996.59
3983,4367,Savings,2022-10-13,Active,62468.5
3984,200,Credit Card,2025-10-22,Active,57467.7
3985,1068,Investment,2025-11-08,Active,131584.16
3986,733,Checking,2024-02-08,Active,86431.84
3987,1846,Checking,2021-07-18,Active,146049.13
3988,569,Savings,2023-07-31,Active,10133.12
3989,3252,Savings,2025-11-12,Active,29647.77
3990,148,Savings,2021-06-03,Closed,143270.98
3991,1447,Checking,2021-03-03,Active,1230.34
3992,2272,Investment,2023-03-06,Active,129863.27
3993,1936,Investment,2025-07-30,Active,140382.84
3994,4058,Investment,2021-10-20,Active,5930.85
3995,2313,Checking,2023-01-17,Active,65368.79
3996,1677,Credit Card,2024-11-13,Active,36526.14
3997,1695,Checking,2023-01-13,Active,143230.37
3998,1536,Savings,2023-05-13,Active,146133.01
3999,293,Credit Card,2022-10-02,Closed,140785.02
4000,3976,Checking,2022-05-16,Active,99998.59
4001,2769,Savings,2021-07-25,Active,98800.21
4002,241,Investment,2024-04-26,Closed,30850.66
4003,4805,Savings,2025-09-06,Active,146331.87
4004,3914,Checking,2022-09-26,Active,51026.18
4005,3438,Credit Card,2023-04-30,Active,35856.95
4006,409,Investment,2022-04-01,Active,99309.85
4007,4240,Investment,2023-01-12,Active,30491.59
4008,4957,Credit Card,2021-07-27,Active,105534.34
4009,227,Credit Card,2025-06-17,Active,59081.32
4010,3090,Credit Card,2023-09-27,Active,14332.16
4011,2541,Savings,2023-06-01,Active,40564.51
4012,2972,Checking,2021-01-12,Active,86843.03
4013,3033,Credit Card,2025-11-12,Active,58582.26
4014,2356,Savings,2024-08-09,Active,15103.24
4015,865,Checking,2025-04-12,Active,32434.53
4016,18,Investment,2021-07-14,Active,16221.51
4017,4279,Checking,2024-01-27,Closed,111747.35
4018,4865,Investment,2021-08-18,Active,5335.39
4019,2815,Savings,2021-09-03,Closed,122305.88
4020,3781,Credit Card,2023-08-28,Active,42444.28
4021,772,Savings,2023-03-13,Active,101209.09
4022,4221,Credit Card,2024-07-08,Active,110138.6
4023,3534,Investment,2022-12-10,Closed,117795.3
4024,1349,Savings,2021-01-21,Active,38935.17
4025,4553,Checking,2023-09-23,Active,124346.53
4026,3142,Credit Card,2025-05-23,Active,43003.65
4027,3086,Credit Card,2025-03-21,Active,38251.95
4028,1169,Investment,2025-01-19,Active,103091.09
4029,4769,Credit Card,2023-06-16,Active,33073.49
4030,2430,Credit Card,2023-01-15,Active,2791.17
4031,4587,Checking,2021-04-15,Active,94405.35
4032,152,Credit Card,2023-05-24,Active,70835.41
4033,2582,Credit Card,2023-05-20,Active,121811.85
4034,1139,Credit Card,2024-04-30,Active,62218.28
4035,761,Checking,2021-03-19,Active,39530.09
4036,465,Checking,2024-08-13,Active,106609.98
4037,2435,Checking,2023-06-25,Active,125487.83
4038,3428,Investment,2021-01-13,Active,17295.69
4039,486,Investment,2025-05-26,Active,25527.58
4040,2974,Credit Card,2021-12-14,Active,136255.92
4041,1657,Checking,2024-09-15,Active,38563.57
4042,765,Investment,2023-07-11,Active,149096.3
4043,4473,Credit Card,2021-02-27,Active,138952.72
4044,4029,Credit Card,2023-01-28,Active,14884.09
4045,2027,Checking,2023-07-09,Active,115818.2
4046,2197,Savings,2024-02-10,Active,67118.9
4047,1673,Investment,2022-03-09,Active,4431.88
4048,4450,Investment,2021-12-02,Active,65393.01
4049,894,Checking,2021-10-07,Closed,43091.31
4050,2276,Investment,2025-01-16,Closed,56715.54
4051,3798,Credit Card,2024-02-11,Closed,25851.18
4052,392,Credit Card,2024-02-11,Active,9166.33
4053,637,Credit Card,2024-08-21,Active,119247.01
4054,4699,Savings,2024-04-03,Active,70541.81
4055,128,Savings,2024-04-03,Closed,18411.0
4056,1182,Credit Card,2023-12-03,Active,114824.14
4057,878,Savings,2022-05-29,Active,48688.97
4058,2733,Checking,2021-10-16,Active,28255.84
4059,4437,Investment,2025-04-09,Active,125015.68
4060,966,Checking,2024-01-05,Active,116953.36
4061,1522,Savings,2023-12-22,Active,127605.05
4062,2776,Checking,2022-02-03,Closed,73603.44
4063,123,Savings,2025-02-12,Active,34436.05
4064,4320,Checking,2022-08-16,Active,110774.49
4065,3890,Investment,2023-08-09,Active,104559.88
4066,534,Checking,2024-04-06,Active,49593.07
4067,4011,Investment,2021-07-27,Active,90480.58
4068,3974,Credit Card,2022-08-24,Active,140462.91
4069,2273,Investment,2021-02-20,Active,133499.3
4070,2026,Investment,2023-11-11,Closed,70888.24
4071,4525,Credit Card,2024-08-10,Active,17908.72
4072,2601,Credit Card,2025-03-06,Closed,74553.18
4073,4984,Investment,2022-10-07,Active,84697.83
4074,1476,Investment,2025-02-18,Active,25027.7
4075,3899,Savings,2022-03-24,Active,142191.63
4076,4007,Checking,2025-03-29,Active,101620.23
4077,646,Checking,2024-03-15,Active,61656.06
4078,2631,Checking,2024-10-31,Active,9902.25
4079,1914,Savings,2022-09-24,Active,133971.07
4080,3254,Savings,2023-11-28,Active,142424.06
4081,4154,Investment,2023-06-29,Active,96320.61
4082,3535,Credit Card,2021-03-10,Active,87660.46
4083,3857,Checking,2025-06-11,Active,102265.87
4084,1525,Savings,2025-11-08,Closed,112528.23
4085,3617,Savings,2022-05-28,Closed,37782.87
4086,371,Savings,2021-05-18,Active,79066.98
4087,2153,Credit Card,2022-01-30,Active,28672.11
4088,3945,Checking,2025-01-05,Closed,112566.92
4089,1171,Checking,2023-04-28,Active,16743.61
4090,2351,Investment,2023-08-03,Active,4263.26
4091,1680,Investment,2022-06-07,Closed,132931.0
4092,1876,Credit Card,2025-02-10,Active,18595.78
4093,2652,Investment,2022-12-16,Active,68083.63
4094,1590,Checking,2021-05-12,Closed,77022.44
4095,2678,Savings,2024-04-28,Closed,60662.32
4096,3879,Checking,2024-07-28,Active,82042.9
4097,4282,Credit Card,2024-05-22,Active,82548.42
4098,372,Credit Card,2021-09-13,Active,71351.41
4099,853,Credit Card,2023-04-09,Closed,1961.15
4100,4338,Credit Card,2021-04-07,Active,76484.18
4101,310,Savings,2025-03-19,Active,43007.75
4102,3295,Savings,2025-07-10,Active,65118.43
4103,3829,Credit Card,2022-02-25,Closed,5580.65
4104,4466,Savings,2023-07-26,Closed,125257.56
4105,641,Savings,2022-06-21,Active,77683.77
4106,1557,Savings,2023-07-14,Active,88626.13
4107,1651,Checking,2023-12-02,Active,51234.75
4108,1878,Savings,2021-01-07,Active,85369.07
4109,663,Credit Card,2023-04-03,Closed,62156.66
4110,4757,Investment,2022-01-14,Active,84349.26
4111,3336,Checking,2024-02-11,Active,131729.53
4112,3892,Savings,2024-08-22,Active,95529.47
4113,4575,Checking,2021-07-31,Active,52130.62
4114,1701,Savings,2024-09-11,Active,103412.07
4115,4383,Checking,2022-05-26,Active,13711.71
4116,3257,Checking,2023-09-24,Closed,8177.29
4117,1954,Credit Card,2022-05-16,Active,137123.51
4118,3880,Investment,2025-04-04,Closed,2494.23
4119,4186,Credit Card,2023-10-07,Active,71075.5
4120,3389,Credit Card,2024-11-16,Active,1068.2
4121,249,Checking,2022-05-24,Closed,72375.43
4122,611,Savings,2021-12-22,Closed,91632.64
4123,1814,Credit Card,2024-05-17,Active,141294.28
4124,475,Savings,2025-05-11,Active,118178.51
4125,4235,Credit Card,2021-07-17,Closed,86039.84
4126,2048,Credit Card,2024-04-30,Active,124216.51
4127,3455,Savings,2024-04-23,Active,141990.09
4128,1429,Investment,2021-03-29,Active,95034.73
4129,4192,Checking,2023-04-29,Active,51428.74
4130,1305,Checking,2022-04-19,Closed,74995.48
4131,241,Credit Card,2021-05-13,Closed,73936.36
4132,694,Checking,2022-07-22,Active,84423.28
4133,8,Credit Card,2022-06-07,Closed,16226.4
4134,1299,Savings,2021-03-18,Closed,19659.98
4135,4494,Credit Card,2023-07-04,Active,60702.81
4136,1754,Investment,2025-07-30,Closed,105544.02
4137,3930,Savings,2022-03-30,Closed,69149.2
4138,3337,Investment,2021-02-21,Active,91877.49
4139,2719,Checking,2024-08-04,Active,61442.04
4140,4662,Checking,2025-10-27,Closed,54280.2
4141,3888,Checking,2022-08-21,Closed,89252.7
4142,2057,Savings,2024-08-12,Closed,60997.58
4143,1997,Savings,2024-10-15,Closed,111329.93
4144,3044,Checking,2023-05-03,Active,53355.06
4145,2808,Investment,2023-09-14,Closed,107314.09
4146,4298,Savings,2023-01-12,Active,144698.53
4147,4138,Investment,2022-04-24,Active,80590.6
4148,4203,Savings,2024-11-30,Closed,44099.75
4149,4435,Savings,2025-11-30,Active,113908.2
4150,3092,Credit Card,2021-03-18,Active,40666.65
4151,2658,Savings,2021-01-09,Active,124974.34
4152,3195,Checking,2023-10-14,Active,18521.07
4153,3928,Savings,2025-07-22,Active,118527.67
4154,4815,Checking,2024-02-12,Closed,113974.08
4155,28,Investment,2022-04-25,Closed,31644.3
4156,1326,Credit Card,2024-04-21,Active,33807.62
4157,4161,Checking,2025-08-06,Active,32473.69
4158,2093,Savings,2021-07-04,Closed,91836.41
4159,4497,Investment,2021-01-20,Active,48193.72
4160,985,Investment,2021-02-01,Active,92400.45
4161,4863,Checking,2023-08-06,Closed,127270.43
4162,4116,Savings,2022-02-28,Active,35619.19
4163,2491,Savings,2021-03-08,Closed,119254.03
4164,4818,Savings,2022-08-19,Active,135315.97
4165,541,Credit Card,2023-04-07,Closed,54983.98
4166,2617,Credit Card,2023-08-31,Closed,32222.15
4167,1217,Checking,2024-02-12,Active,102980.16
4168,4059,Checking,2024-10-03,Active,59447.0
4169,2764,Investment,2022-10-07,Active,78743.95
4170,2326,Checking,2021-08-26,Closed,1491.11
4171,235,Investment,2025-03-09,Closed,124293.17
4172,3343,Checking,2025-12-05,Active,29454.96
4173,650,Investment,2023-06-22,Closed,3616.6
4174,1348,Credit Card,2022-08-24,Active,56802.33
4175,3794,Checking,2024-12-09,Active,44356.08
4176,1886,Investment,2025-04-04,Closed,49557.03
4177,2724,Credit Card,2025-10-01,Active,59283.23
4178,137,Savings,2023-02-27,Active,116335.88
4179,1480,Checking,2023-05-06,Active,29556.24
4180,4300,Savings,2024-01-25,Active,91396.09
4181,4824,Investment,2023-06-11,Closed,109027.25
4182,4479,Checking,2024-12-13,Closed,113790.86
4183,4240,Checking,2024-02-13,Active,16642.95
4184,161,Investment,2022-01-31,Active,140682.74
4185,4313,Credit Card,2023-07-01,Active,16242.06
4186,3198,Savings,2021-09-05,Closed,92063.58
4187,1350,Savings,2021-11-20,Active,90298.75
4188,2386,Savings,2022-08-26,Active,103132.85
4189,695,Savings,2025-06-09,Active,149048.22
4190,2651,Investment,2022-11-08,Active,137994.46
4191,3895,Credit Card,2022-01-15,Closed,58410.56
4192,4564,Savings,2023-09-21,Active,9081.47
4193,1719,Credit Card,2023-05-09,Closed,129596.0
4194,1623,Checking,2023-06-25,Active,16819.3
4195,431,Checking,2022-08-07,Active,60140.88
4196,3731,Investment,2023-09-17,Closed,91127.79
4197,4752,Savings,2024-09-06,Active,108067.23
4198,1087,Investment,2022-07-10,Closed,33109.19
4199,652,Investment,2024-04-21,Closed,47384.36
4200,3700,Checking,2024-04-08,Active,5001.12
4201,4955,Credit Card,2022-09-19,Active,100667.39
4202,1338,Credit Card,2024-01-08,Active,30904.96
4203,4329,Investment,2021-10-11,Closed,60850.5
4204,2285,Savings,2021-09-05,Closed,58338.84
4205,2209,Investment,2025-04-19,Closed,90577.29
4206,67,Investment,2023-11-30,Closed,35175.8
4207,645,Checking,2022-09-01,Active,48871.04
4208,313,Credit Card,2025-03-08,Active,103206.31
4209,2385,Investment,2022-06-18,Active,28345.52
4210,437,Savings,2023-07-17,Active,45373.46
4211,2815,Savings,2025-01-27,Closed,84327.68
4212,523,Credit Card,2021-05-05,Active,69280.0
4213,1337,Investment,2024-01-31,Active,135772.19
4214,3739,Checking,2022-10-13,Active,91837.18
4215,2069,Checking,2023-02-21,Active,67600.68
4216,1380,Checking,2024-02-19,Active,47464.85
4217,4287,Checking,2024-05-10,Active,84194.43
4218,3049,Investment,2024-01-01,Closed,69128.12
4219,3848,Checking,2023-01-04,Active,29112.73
4220,1766,Savings,2025-09-13,Active,59356.61
4221,3702,Investment,2025-09-12,Active,116093.05
4222,3232,Savings,2025-07-27,Active,114579.57
4223,3926,Investment,2025-05-12,Active,78056.67
4224,1486,Investment,2023-04-13,Closed,110355.79
4225,4322,Checking,2023-04-23,Closed,135354.47
4226,1856,Investment,2025-04-17,Active,118772.51
4227,978,Checking,2022-05-11,Active,21790.83
4228,3360,Credit Card,2021-09-23,Closed,45822.27
4229,4998,Investment,2022-06-02,Closed,55256.98
4230,2268,Investment,2024-03-07,Closed,5032.11
4231,2563,Investment,2022-04-06,Active,40719.12
4232,2036,Credit Card,2025-08-01,Active,43446.0
4233,1081,Investment,2021-08-12,Closed,25972.87
4234,4431,Checking,2024-08-28,Active,105244.33
4235,4351,Savings,2024-06-15,Active,137724.24
4236,1340,Checking,2023-12-27,Active,118583.55
4237,4827,Checking,2021-11-30,Active,37291.24
4238,3157,Checking,2022-10-21,Active,95131.19
4239,3272,Investment,2023-12-11,Closed,90000.92
4240,315,Savings,2021-06-13,Active,28627.49
4241,2590,Credit Card,2021-09-30,Active,142464.46
4242,1007,Investment,2022-10-04,Active,77347.38
4243,2187,Savings,2024-11-24,Closed,63761.65
4244,3419,Checking,2025-09-28,Active,72316.04
4245,4675,Savings,2025-03-02,Active,34316.93
4246,2693,Credit Card,2023-06-12,Active,3478.53
4247,4518,Credit Card,2022-07-03,Active,67438.24
4248,3099,Investment,2021-06-21,Active,132692.92
4249,2982,Investment,2021-04-19,Active,10266.7
4250,1752,Credit Card,2021-06-09,Active,95629.18
4251,3989,Savings,2022-05-19,Closed,55605.98
4252,1152,Credit Card,2022-03-11,Closed,55733.52
4253,2966,Investment,2022-07-31,Active,19557.43
4254,505,Credit Card,2022-03-28,Closed,68516.7
4255,1422,Credit Card,2023-06-12,Active,101392.48
4256,624,Savings,2025-11-23,Active,133945.52
4257,1722,Credit Card,2025-08-22,Active,51277.75
4258,2148,Savings,2025-08-18,Active,94623.74
4259,3521,Investment,2021-09-14,Active,74727.67
4260,4188,Savings,2021-06-23,Active,145340.74
4261,3725,Credit Card,2025-06-17,Active,37107.13
4262,2108,Checking,2025-05-06,Closed,101062.71
4263,723,Credit Card,2023-10-28,Active,56458.44
4264,4389,Credit Card,2021-10-11,Active,113852.72
4265,2583,Credit Card,2025-04-24,Closed,107006.3
4266,640,Checking,2021-09-26,Closed,92714.91
4267,3529,Checking,2021-08-11,Active,115809.33
4268,3722,Investment,2022-03-24,Active,49565.31
4269,9,Checking,2022-04-21,Active,80504.16
4270,3102,Savings,2022-09-26,Active,41084.06
4271,1047,Checking,2024-01-26,Active,38499.2
4272,139,Savings,2021-05-06,Active,16566.18
4273,2908,Investment,2021-04-08,Closed,36818.99
4274,2804,Savings,2024-11-02,Active,127445.27
4275,1966,Credit Card,2025-04-04,Active,141866.2
4276,1304,Savings,2023-03-07,Active,134094.15
4277,2985,Credit Card,2025-04-24,Active,140932.79
4278,3135,Savings,2025-08-05,Active,91246.44
4279,3044,Credit Card,2023-02-27,Closed,82181.62
4280,1800,Savings,2025-09-05,Active,90553.17
4281,2370,Checking,2022-03-02,Active,86963.72
4282,2877,Credit Card,2021-06-12,Closed,82268.31
4283,4348,Checking,2022-01-18,Active,72603.39
4284,4176,Investment,2022-05-12,Active,2311.51
4285,584,Investment,2024-02-23,Active,94858.81
4286,4822,Credit Card,2025-10-22,Closed,113502.89
4287,146,Investment,2025-09-02,Active,51550.14
4288,3437,Credit Card,2021-11-19,Closed,96229.37
4289,30,Savings,2022-03-05,Closed,15361.21
4290,4377,Investment,2025-07-12,Active,78300.85
4291,2689,Checking,2021-04-20,Active,5666.17
4292,2797,Savings,2024-09-19,Active,38186.43
4293,4796,Investment,2021-04-07,Active,31619.49
4294,171,Investment,2024-07-19,Active,137979.35
4295,2060,Investment,2023-09-11,Active,92274.69
4296,340,Credit Card,2021-11-02,Active,123791.74
4297,2203,Investment,2021-01-27,Active,95499.91
4298,4704,Checking,2023-09-18,Active,18558.49
4299,1482,Savings,2021-04-29,Closed,73500.44
4300,1473,Checking,2024-06-04,Closed,92948.56
4301,2070,Investment,2021-09-14,Active,146830.36
4302,3214,Investment,2023-05-01,Active,72770.69
4303,240,Savings,2023-09-28,Active,27851.12
4304,2799,Credit Card,2023-05-11,Active,148302.83
4305,205,Savings,2024-01-19,Active,143078.04
4306,1580,Checking,2021-01-24,Active,110608.33
4307,656,Savings,2024-07-25,Active,14041.58
4308,1298,Checking,2024-03-10,Active,125948.78
4309,4033,Checking,2022-08-28,Closed,131503.82
4310,2194,Checking,2022-03-08,Closed,4118.04
4311,2432,Savings,2021-10-31,Active,59974.34
4312,1150,Savings,2022-03-11,Active,57606.73
4313,2066,Investment,2022-07-30,Active,6201.44
4314,396,Investment,2025-06-08,Active,64793.76
4315,1941,Investment,2023-10-04,Active,11323.76
4316,1002,Checking,2024-01-18,Active,9464.47
4317,1319,Checking,2025-07-10,Active,70903.13
4318,4367,Checking,2025-01-14,Active,98467.7
4319,3737,Credit Card,2021-05-05,Closed,41077.86
4320,3511,Credit Card,2025-02-24,Active,68454.15
4321,2988,Checking,2023-07-11,Active,120930.64
4322,1843,Investment,2023-03-28,Active,95167.97
4323,2290,Investment,2025-04-23,Active,125101.9
4324,170,Savings,2025-08-03,Closed,79623.43
4325,4424,Investment,2025-01-06,Active,24754.13
4326,353,Checking,2024-01-07,Active,47714.56
4327,1754,Credit Card,2022-02-01,Active,4208.27
4328,4462,Checking,2021-12-23,Closed,127374.37
4329,18,Savings,2021-02-18,Closed,142967.69
4330,3839,Credit Card,2022-12-17,Active,67277.3
4331,1658,Investment,2025-07-22,Active,118590.37
4332,733,Savings,2023-05-20,Active,51554.07
4333,853,Savings,2023-08-23,Active,8378.35
4334,2859,Savings,2023-11-05,Active,71467.66
4335,1436,Savings,2023-03-07,Active,129903.5
4336,4458,Checking,2025-04-20,Active,83231.77
4337,107,Investment,2024-01-02,Active,16543.49
4338,3010,Checking,2023-10-26,Active,46029.95
4339,1898,Investment,2021-05-04,Active,102372.05
4340,3805,Savings,2023-09-18,Active,15438.58
4341,3648,Investment,2021-08-08,Active,618.25
4342,4349,Investment,2021-07-14,Closed,135094.98
4343,1909,Savings,2023-01-23,Active,50406.96
4344,3427,Savings,2023-09-19,Closed,17624.62
4345,103,Checking,2023-07-15,Closed,80352.67
4346,4309,Investment,2024-08-13,Active,63168.07
4347,2517,Credit Card,2021-07-26,Closed,133012.65
4348,2867,Credit Card,2025-11-27,Closed,82613.77
4349,2750,Investment,2022-01-28,Active,146562.3
4350,2809,Credit Card,2021-12-20,Closed,66916.55
4351,3112,Investment,2024-01-08,Closed,121780.66
4352,1812,Credit Card,2024-10-25,Active,58510.37
4353,3161,Savings,2021-03-11,Active,146137.6
4354,2042,Investment,2024-09-06,Active,15427.39
4355,140,Credit Card,2024-06-13,Active,101993.35
4356,629,Checking,2022-12-21,Closed,109395.06
4357,1823,Savings,2021-10-16,Active,97749.76
4358,3995,Savings,2023-10-04,Active,107800.95
4359,3429,Checking,2021-06-04,Active,95975.64
4360,4986,Credit Card,2024-12-15,Active,34900.54
4361,4138,Credit Card,2025-05-04,Active,59335.17
4362,4749,Checking,2024-10-31,Closed,28185.02
4363,4169,Credit Card,2021-06-28,Closed,59941.99
4364,1582,Checking,2021-02-24,Active,141276.17
4365,4277,Credit Card,2022-03-18,Active,41479.68
4366,4649,Investment,2022-02-24,Active,48598.88
4367,4321,Investment,2021-05-06,Closed,92523.4
4368,2039,Investment,2022-08-06,Active,44571.61
4369,2135,Investment,2021-07-12,Closed,58452.25
4370,773,Investment,2025-06-28,Active,36591.26
4371,3335,Investment,2022-08-09,Active,20007.2
4372,1647,Investment,2021-10-14,Active,109540.49
4373,4281,Checking,2023-09-17,Active,87763.32
4374,2750,Investment,2021-08-02,Active,84242.54
4375,4827,Credit Card,2021-03-24,Active,40089.57
4376,1265,Savings,2023-02-13,Closed,71778.1
4377,1686,Checking,2022-04-03,Active,50974.04
4378,788,Investment,2021-09-25,Closed,147429.11
4379,1827,Checking,2022-06-29,Active,119720.27
4380,3624,Credit Card,2025-11-11,Active,138044.2
4381,3831,Credit Card,2023-05-22,Active,127542.24
4382,1058,Investment,2022-09-14,Closed,77648.57
4383,2713,Checking,2025-04-11,Closed,89111.38
4384,546,Credit Card,2023-09-04,Active,69475.56
4385,2028,Savings,2023-01-31,Active,49491.76
4386,3722,Credit Card,2021-03-01,Active,94029.61
4387,2904,Investment,2025-07-08,Active,102601.07
4388,4314,Investment,2021-03-31,Closed,63216.28
4389,4381,Credit Card,2023-07-31,Active,34263.81
4390,2046,Savings,2021-09-01,Closed,65638.3
4391,4059,Savings,2024-01-03,Active,52847.05
4392,2345,Savings,2024-01-13,Active,138064.8
4393,2969,Credit Card,2021-09-17,Active,58341.79
4394,127,Savings,2024-09-20,Active,121135.39
4395,2534,Investment,2021-08-09,Closed,105174.99
4396,2891,Investment,2022-09-30,Active,121207.99
4397,809,Checking,2021-07-31,Active,98291.39
4398,2400,Investment,2024-10-11,Active,85441.78
4399,652,Savings,2024-07-12,Active,141127.85
4400,2568,Credit Card,2023-12-01,Active,84227.99
4401,68,Checking,2024-10-12,Active,69073.5
4402,602,Investment,2021-10-05,Closed,104747.48
4403,2636,Credit Card,2023-02-28,Active,124223.7
4404,4929,Checking,2021-01-10,Closed,42626.72
4405,3994,Credit Card,2024-03-13,Active,136865.7
4406,17,Savings,2024-09-07,Active,119103.14
4407,4407,Savings,2024-05-03,Active,85143.16
4408,367,Investment,2025-11-01,Active,124303.53
4409,4957,Investment,2024-06-19,Active,83599.35
4410,2421,Savings,2021-03-09,Active,69955.24
4411,2063,Savings,2022-10-22,Closed,96173.34
4412,4548,Savings,2023-07-17,Active,139355.26
4413,1950,Investment,2024-02-01,Active,63257.33
4414,3392,Checking,2021-03-31,Active,55075.85
4415,4455,Checking,2021-02-22,Active,1535.56
4416,2027,Checking,2021-01-01,Active,139197.46
4417,3737,Savings,2024-01-07,Closed,129857.37
4418,3925,Savings,2024-07-13,Active,8141.86
4419,1562,Investment,2021-01-21,Active,9681.41
4420,4444,Investment,2021-05-09,Active,140960.92
4421,1680,Investment,2025-11-24,Closed,141741.78
4422,3208,Checking,2021-12-09,Active,40732.54
4423,2855,Checking,2025-10-10,Active,67078.45
4424,1040,Savings,2023-07-20,Active,124857.19
4425,4869,Savings,2022-09-24,Closed,32890.67
4426,4407,Savings,2025-04-24,Active,87770.92
4427,3199,Investment,2022-02-15,Active,92556.96
4428,2877,Checking,2024-06-01,Active,91601.58
4429,1882,Credit Card,2022-05-07,Active,127452.49
4430,4131,Investment,2022-12-15,Active,133888.12
4431,1811,Investment,2022-06-22,Active,97322.08
4432,4989,Investment,2021-07-19,Active,99560.5
4433,220,Credit Card,2022-12-19,Closed,55168.94
4434,152,Savings,2024-11-30,Closed,13400.76
4435,4794,Checking,2024-05-16,Active,10140.4
4436,3834,Credit Card,2024-03-05,Active,97986.36
4437,1533,Checking,2023-08-09,Active,49580.65
4438,2157,Checking,2024-01-14,Active,84582.44
4439,992,Savings,2023-08-28,Active,50909.47
4440,4228,Investment,2022-09-09,Active,88242.27
4441,352,Checking,2025-09-20,Active,63422.79
4442,4528,Investment,2025-05-17,Active,110385.37
4443,182,Savings,2023-10-08,Active,124320.84
4444,4567,Checking,2024-07-30,Active,68796.27
4445,170,Investment,2021-06-14,Active,129677.49
4446,2637,Credit Card,2023-07-04,Active,98810.57
4447,1056,Credit Card,2022-11-08,Active,131049.89
4448,3455,Checking,2023-10-22,Active,63939.94
4449,4914,Checking,2025-02-01,Active,16039.26
4450,4605,Savings,2021-08-16,Active,57336.94
4451,1249,Savings,2022-07-14,Active,93291.34
4452,2339,Investment,2025-05-27,Active,1197.98
4453,2826,Checking,2021-08-26,Closed,134493.06
4454,3674,Credit Card,2021-10-12,Active,117274.68
4455,415,Credit Card,2024-06-26,Closed,103519.85
4456,1306,Credit Card,2025-09-12,Closed,72917.46
4457,3753,Savings,2023-03-03,Active,141616.84
4458,4354,Credit Card,2022-03-12,Closed,20238.66
4459,4396,Checking,2024-05-20,Active,128868.85
4460,466,Investment,2021-03-17,Active,40421.68
4461,3770,Checking,2022-09-22,Active,123085.82
4462,1103,Savings,2021-04-04,Active,29615.99
4463,2589,Investment,2025-05-19,Active,68774.78
4464,1760,Investment,2025-05-11,Active,139648.86
4465,3934,Credit Card,2023-02-14,Closed,54307.99
4466,2927,Savings,2022-12-12,Active,76584.01
4467,4567,Investment,2022-10-26,Active,4158.27
4468,3492,Investment,2025-04-10,Active,147871.32
4469,4104,Savings,2023-09-04,Closed,46827.04
4470,4180,Checking,2023-08-27,Active,7221.84
4471,441,Credit Card,2021-12-26,Active,39548.45
4472,2172,Savings,2022-11-29,Active,43214.27
4473,4176,Savings,2022-12-17,Active,95497.5
4474,4168,Credit Card,2022-08-10,Closed,1404.92
4475,969,Credit Card,2024-11-12,Active,5766.34
4476,3160,Savings,2022-03-11,Closed,6535.6
4477,4943,Checking,2022-11-17,Active,78625.01
4478,4838,Checking,2023-03-18,Active,80455.14
4479,3612,Credit Card,2025-10-19,Active,49191.0
4480,2289,Savings,2021-12-01,Active,99943.13
4481,2017,Savings,2024-08-19,Active,11945.27
4482,3771,Investment,2025-10-01,Active,12606.59
4483,48,Checking,2025-10-29,Closed,66502.24
4484,3775,Savings,2022-08-27,Closed,8214.5
4485,2163,Checking,2024-01-23,Active,90740.41
4486,3593,Credit Card,2021-07-23,Active,102825.54
4487,4698,Credit Card,2025-04-26,Closed,38307.59
4488,4952,Credit Card,2022-02-25,Closed,58870.13
4489,4234,Savings,2023-12-29,Closed,12683.6
4490,743,Investment,2024-12-05,Closed,57773.35
4491,2592,Checking,2023-12-09,Active,28763.25
4492,3394,Credit Card,2024-07-23,Active,108982.28
4493,3663,Checking,2025-09-11,Active,129001.36
4494,1587,Checking,2024-09-20,Active,148927.82
4495,163,Credit Card,2023-01-29,Closed,45229.17
4496,1147,Credit Card,2024-07-10,Active,93365.1
4497,4406,Investment,2025-04-11,Closed,86197.23
4498,3067,Checking,2024-03-03,Active,62656.2
4499,742,Checking,2022-04-11,Closed,78005.15
4500,3695,Savings,2025-11-11,Active,117303.15
4501,1981,Credit Card,2022-12-15,Active,26071.87
4502,1933,Credit Card,2025-04-16,Active,87658.65
4503,1413,Savings,2022-02-18,Active,104108.95
4504,458,Savings,2025-03-15,Active,52455.56
4505,4096,Checking,2021-06-08,Closed,149075.61
4506,3812,Savings,2022-07-07,Active,15851.27
4507,2319,Savings,2024-05-07,Closed,30573.68
4508,4062,Checking,2024-12-06,Active,31227.37
4509,3807,Checking,2022-06-10,Active,78937.19
4510,609,Investment,2021-04-02,Active,117285.7
4511,3970,Savings,2023-03-06,Active,41432.23
4512,1701,Investment,2022-07-28,Active,27627.95
4513,3075,Savings,2022-03-03,Active,60012.87
4514,605,Investment,2024-12-25,Active,89066.54
4515,4484,Investment,2024-09-21,Active,121823.82
4516,2710,Checking,2021-11-05,Active,108303.48
4517,723,Savings,2022-07-05,Active,128242.21
4518,781,Savings,2023-08-31,Active,100448.17
4519,4157,Checking,2023-01-20,Active,109668.13
4520,2556,Credit Card,2024-01-03,Active,58574.77
4521,1161,Savings,2025-08-11,Active,43452.06
4522,3856,Savings,2021-11-11,Active,5811.96
4523,2618,Credit Card,2025-01-23,Active,7296.04
4524,3323,Checking,2021-06-07,Active,92114.75
4525,35,Credit Card,2022-06-30,Active,71253.99
4526,1353,Credit Card,2022-02-07,Active,76233.87
4527,293,Credit Card,2025-03-21,Closed,84580.12
4528,1848,Credit Card,2022-03-25,Active,142528.38
4529,3292,Credit Card,2022-05-07,Active,79109.47
4530,1261,Credit Card,2024-02-14,Active,92072.38
4531,3595,Investment,2022-09-01,Active,7047.43
4532,2829,Credit Card,2025-01-07,Closed,106860.15
4533,1709,Savings,2025-08-18,Active,69396.99
4534,1031,Investment,2023-04-12,Active,86911.76
4535,2367,Credit Card,2021-01-21,Active,68664.71
4536,3034,Checking,2021-02-23,Closed,121192.08
4537,128,Investment,2022-11-14,Closed,52377.99
4538,2648,Checking,2023-11-23,Closed,48799.67
4539,3252,Investment,2025-11-12,Active,24988.84
4540,1387,Savings,2022-08-16,Active,38182.59
4541,149,Investment,2021-05-06,Active,103684.98
4542,4704,Checking,2021-08-04,Closed,127960.19
4543,3845,Checking,2025-09-13,Active,57579.33
4544,1984,Checking,2022-11-28,Active,126847.17
4545,1205,Checking,2025-09-03,Active,82364.26
4546,892,Savings,2021-10-01,Active,24078.42
4547,3369,Checking,2024-10-23,Active,795.84
4548,1079,Credit Card,2024-07-26,Active,45043.01
4549,1194,Savings,2022-06-20,Active,43442.94
4550,184,Savings,2021-11-01,Active,116212.65
4551,457,Checking,2021-01-31,Active,29006.87
4552,3667,Savings,2023-12-15,Active,40081.2
4553,1932,Checking,2022-11-13,Closed,85292.58
4554,1912,Savings,2022-11-19,Active,90822.83
4555,3119,Investment,2021-08-27,Closed,27977.11
4556,2300,Credit Card,2025-02-17,Closed,110420.28
4557,3079,Checking,2022-08-09,Closed,69026.62
4558,2973,Investment,2022-03-18,Active,135813.2
4559,29,Savings,2024-02-05,Active,96469.83
4560,326,Checking,2024-05-08,Closed,37274.58
4561,1946,Checking,2023-02-11,Active,73030.58
4562,1538,Credit Card,2021-09-07,Closed,70747.51
4563,1343,Checking,2023-05-14,Closed,112010.08
4564,1621,Savings,2023-05-30,Active,44076.1
4565,4901,Investment,2024-10-01,Closed,129811.2
4566,1602,Savings,2024-01-19,Active,29539.62
4567,4117,Checking,2021-11-16,Active,65110.41
4568,4867,Savings,2021-11-24,Active,148745.77
4569,4343,Savings,2025-10-16,Active,78545.55
4570,678,Credit Card,2022-02-08,Active,108419.65
4571,1782,Checking,2022-11-23,Closed,22109.91
4572,225,Credit Card,2025-04-29,Active,131678.33
4573,786,Credit Card,2022-07-24,Active,26179.62
4574,2773,Savings,2021-11-25,Active,38120.18
4575,3029,Investment,2023-03-06,Active,78599.11
4576,4648,Savings,2022-03-28,Active,5673.53
4577,3400,Savings,2021-11-17,Active,96587.08
4578,3761,Checking,2022-07-25,Active,138510.15
4579,2802,Savings,2024-02-07,Active,107494.11
4580,3661,Credit Card,2023-11-08,Active,109839.07
4581,4993,Credit Card,2021-02-14,Active,114485.46
4582,4746,Credit Card,2024-08-01,Active,84428.23
4583,2961,Credit Card,2024-03-14,Active,76560.65
4584,1517,Investment,2022-12-09,Active,34136.76
4585,1566,Checking,2021-01-29,Closed,1169.53
4586,3452,Checking,2025-11-25,Closed,90649.16
4587,2487,Credit Card,2023-10-28,Closed,102350.07
4588,2336,Credit Card,2023-08-14,Active,111601.61
4589,803,Savings,2022-07-05,Active,143143.87
4590,3120,Credit Card,2025-11-16,Active,83621.81
4591,3122,Savings,2024-03-16,Active,68982.13
4592,6,Savings,2025-03-09,Active,122904.85
4593,3023,Credit Card,2025-07-03,Active,119499.27
4594,509,Credit Card,2025-03-17,Active,110960.22
4595,1458,Credit Card,2024-08-31,Active,21853.79
4596,3344,Investment,2023-07-02,Active,117999.78
4597,4667,Credit Card,2025-08-22,Active,110975.79
4598,4657,Credit Card,2023-04-04,Closed,5792.69
4599,1642,Credit Card,2023-05-19,Active,126284.44
4600,2662,Savings,2025-04-05,Active,4007.59
4601,2623,Savings,2022-07-09,Active,146758.45
4602,551,Savings,2022-08-28,Active,130337.25
4603,1702,Checking,2023-09-07,Active,22828.89
4604,2184,Checking,2022-01-25,Active,91500.15
4605,2746,Investment,2024-10-16,Active,97756.55
4606,248,Credit Card,2024-06-21,Active,109127.67
4607,640,Savings,2025-03-11,Active,148713.83
4608,1339,Investment,2025-02-19,Active,88176.18
4609,2308,Investment,2023-06-17,Active,65512.44
4610,3124,Credit Card,2022-08-18,Active,76186.31
4611,1907,Investment,2021-03-17,Active,69300.34
4612,650,Checking,2025-02-13,Active,110107.8
4613,895,Credit Card,2021-10-04,Active,78794.85
4614,76,Investment,2023-02-01,Active,141395.48
4615,859,Investment,2021-08-19,Active,107610.44
4616,162,Credit Card,2021-02-22,Active,87833.8
4617,448,Checking,2024-09-09,Closed,25847.5
4618,1576,Checking,2024-11-09,Active,137668.56
4619,1418,Credit Card,2021-03-05,Active,2933.3
4620,3394,Checking,2022-08-16,Active,13296.98
4621,602,Investment,2021-05-01,Active,100851.14
4622,2249,Savings,2024-11-03,Active,4868.62
4623,2851,Checking,2023-01-29,Active,13680.61
4624,4278,Investment,2023-11-18,Active,6315.07
4625,3402,Investment,2021-02-01,Closed,145016.58
4626,2931,Checking,2024-08-19,Active,17844.35
4627,4280,Credit Card,2022-04-12,Active,50153.63
4628,173,Credit Card,2024-03-06,Active,40242.31
4629,1078,Investment,2023-07-27,Active,102952.27
4630,533,Savings,2022-12-03,Closed,17671.31
4631,2744,Checking,2021-09-08,Active,136128.66
4632,3559,Investment,2021-12-23,Active,38780.16
4633,3030,Savings,2024-06-16,Active,17223.41
4634,3219,Investment,2021-08-04,Active,2057.42
4635,2087,Investment,2024-11-29,Active,142083.65
4636,2849,Checking,2022-03-18,Active,74768.28
4637,4090,Savings,2021-06-02,Active,1530.99
4638,1189,Checking,2022-10-22,Active,48471.69
4639,1449,Checking,2022-09-08,Closed,108021.97
4640,283,Investment,2025-02-23,Active,47981.35
4641,1887,Savings,2025-07-23,Closed,6326.94
4642,123,Savings,2024-04-07,Active,125056.03
4643,4840,Credit Card,2021-07-21,Active,4348.17
4644,4875,Checking,2024-06-05,Active,125278.3
4645,3701,Checking,2024-12-19,Active,99433.97
4646,1514,Investment,2023-11-24,Active,110080.78
4647,2748,Credit Card,2024-12-25,Active,120178.03
4648,2169,Savings,2024-07-26,Active,106300.12
4649,361,Investment,2021-11-01,Closed,39459.53
4650,1424,Savings,2023-09-09,Closed,93990.04
4651,3226,Investment,2025-09-17,Active,82531.36
4652,681,Credit Card,2021-03-18,Active,142853.07
4653,1402,Savings,2024-03-04,Closed,22687.83
4654,2221,Checking,2022-01-23,Closed,74160.01
4655,4078,Savings,2024-06-18,Closed,68599.76
4656,4159,Checking,2021-05-17,Closed,955.18
4657,1104,Checking,2022-05-30,Active,95141.51
4658,682,Savings,2025-01-06,Active,111488.45
4659,796,Investment,2022-12-29,Active,8686.98
4660,1477,Savings,2024-10-07,Closed,58109.01
4661,3174,Savings,2024-08-09,Active,12810.62
4662,1238,Credit Card,2024-04-22,Active,102041.75
4663,3125,Investment,2024-08-12,Active,132301.27
4664,4606,Investment,2025-11-04,Closed,116494.78
4665,717,Checking,2025-10-09,Active,746.01
4666,1961,Checking,2024-07-03,Active,98914.21
4667,3912,Investment,2023-03-12,Active,113732.77
4668,170,Investment,2025-05-06,Active,133253.91
4669,1694,Credit Card,2022-03-24,Active,58973.69
4670,3313,Investment,2024-08-09,Closed,1783.81
4671,2789,Checking,2022-12-27,Active,97466.51
4672,2784,Checking,2025-08-30,Active,82485.61
4673,353,Savings,2023-05-03,Active,7669.43
4674,4838,Checking,2025-04-09,Active,147539.04
4675,3038,Credit Card,2023-06-02,Active,120097.77
4676,4793,Credit Card,2024-03-21,Active,126711.38
4677,2141,Investment,2022-03-09,Active,59169.5
4678,3046,Savings,2021-01-27,Active,66312.58
4679,756,Checking,2024-04-05,Active,111425.32
4680,2544,Savings,2024-06-05,Closed,74250.71
4681,2159,Checking,2024-06-03,Active,20522.86
4682,768,Investment,2023-07-11,Active,84741.98
4683,767,Investment,2021-09-01,Closed,66113.49
4684,3043,Checking,2021-02-17,Active,28647.13
4685,4045,Savings,2022-11-26,Active,50194.46
4686,3652,Savings,2022-12-27,Active,93308.79
4687,430,Savings,2025-01-06,Closed,5848.88
4688,1621,Checking,2024-04-09,Active,63962.83
4689,2385,Investment,2024-02-12,Closed,127623.53
4690,3242,Credit Card,2023-08-25,Active,115917.24
4691,2663,Credit Card,2021-06-03,Active,39177.32
4692,4046,Savings,2022-08-06,Active,74722.1
4693,4245,Savings,2021-08-03,Active,68999.98
4694,367,Checking,2025-04-11,Active,74140.63
4695,730,Checking,2025-10-20,Active,957.36
4696,1174,Checking,2025-07-01,Active,127137.8
4697,2107,Investment,2021-07-18,Active,89793.25
4698,202,Investment,2024-03-27,Active,73615.29
4699,4262,Credit Card,2024-01-01,Active,133050.38
4700,3266,Checking,2021-06-22,Closed,132067.46
4701,2136,Credit Card,2022-10-02,Active,42464.12
4702,4834,Investment,2022-08-15,Active,65408.45
4703,1158,Savings,2021-09-14,Closed,103627.77
4704,3637,Investment,2021-09-28,Active,3288.8
4705,2201,Checking,2025-05-18,Active,108763.44
4706,159,Savings,2025-03-08,Active,127788.13
4707,3378,Credit Card,2022-12-30,Active,135474.23
4708,4346,Credit Card,2024-04-18,Closed,81368.95
4709,3283,Savings,2022-05-28,Active,100466.98
4710,3685,Credit Card,2022-07-17,Active,131585.18
4711,520,Checking,2023-12-27,Active,35375.13
4712,2409,Investment,2024-02-14,Closed,13096.66
4713,2489,Credit Card,2022-09-14,Active,109921.72
4714,1840,Investment,2024-10-03,Active,56972.52
4715,304,Checking,2024-06-24,Active,66034.32
4716,1825,Investment,2025-05-13,Active,66696.68
4717,1771,Savings,2021-08-03,Active,27368.38
4718,4690,Checking,2021-02-02,Active,43183.87
4719,4864,Investment,2021-12-06,Active,23981.94
4720,1661,Investment,2022-08-28,Active,47943.03
4721,1308,Investment,2021-08-17,Closed,60784.67
4722,38,Investment,2025-08-08,Active,13749.37
4723,3098,Credit Card,2023-05-25,Closed,75554.57
4724,1312,Credit Card,2024-12-16,Active,110389.61
4725,3454,Savings,2023-01-09,Active,83740.39
4726,2701,Checking,2022-05-29,Active,108423.9
4727,2759,Savings,2021-02-06,Closed,29448.96
4728,1627,Credit Card,2025-03-09,Closed,147023.43
4729,3196,Checking,2024-05-19,Active,149843.54
4730,2411,Investment,2024-05-28,Active,21048.17
4731,3314,Credit Card,2025-06-14,Active,27904.59
4732,4554,Savings,2024-12-24,Active,52010.72
4733,1650,Investment,2021-02-15,Active,70211.19
4734,4923,Checking,2025-06-23,Active,119491.35
4735,4317,Investment,2024-11-26,Closed,141600.04
4736,621,Checking,2023-01-06,Active,136848.15
4737,1956,Credit Card,2022-07-22,Active,27312.61
4738,4324,Credit Card,2021-11-02,Active,41369.45
4739,713,Savings,2023-11-07,Active,116921.57
4740,4589,Checking,2023-12-03,Active,97765.35
4741,2520,Credit Card,2021-10-24,Active,68949.5
4742,2528,Savings,2022-04-01,Active,123206.64
4743,4873,Checking,2022-12-30,Active,66770.89
4744,3505,Investment,2023-07-05,Active,50440.3
4745,284,Credit Card,2025-05-11,Active,145784.16
4746,2611,Investment,2023-09-19,Active,98020.39
4747,3216,Investment,2025-10-25,Active,32982.9
4748,3188,Credit Card,2021-05-20,Active,145828.58
4749,3865,Checking,2022-07-30,Active,114789.89
4750,764,Investment,2025-08-29,Active,22899.75
4751,2589,Investment,2023-06-14,Active,96369.07
4752,4165,Savings,2025-04-25,Active,98061.14
4753,3413,Credit Card,2022-09-10,Active,66820.42
4754,1327,Investment,2024-11-25,Active,111814.73
4755,3884,Checking,2022-02-20,Closed,10713.12
4756,3204,Checking,2021-03-02,Closed,100619.99
4757,705,Investment,2024-05-04,Active,4334.82
4758,494,Savings,2021-05-06,Active,62141.69
4759,4185,Savings,2025-06-07,Active,139119.02
4760,3495,Savings,2025-08-25,Closed,78282.77
4761,4562,Investment,2023-08-29,Closed,57672.61
4762,2136,Savings,2021-01-01,Active,45000.38
4763,3860,Checking,2025-04-10,Active,52010.27
4764,1584,Credit Card,2023-07-15,Active,117043.54
4765,4356,Savings,2024-08-19,Closed,122858.27
4766,3536,Savings,2022-12-02,Active,137006.45
4767,3084,Credit Card,2023-09-08,Closed,27222.45
4768,3030,Credit Card,2025-04-09,Active,101294.34
4769,2118,Savings,2021-01-29,Active,87829.85
4770,4180,Savings,2025-03-29,Closed,54506.69
4771,2933,Savings,2022-11-06,Closed,98677.03
4772,1389,Checking,2022-01-07,Active,65986.11
4773,2718,Credit Card,2022-06-11,Closed,129907.9
4774,2934,Savings,2023-10-30,Active,10675.3
4775,4606,Investment,2025-02-01,Closed,115990.64
4776,4970,Investment,2021-12-03,Active,41247.66
4777,1967,Credit Card,2023-11-14,Active,129989.33
4778,4256,Checking,2023-07-13,Active,115511.86
4779,4242,Credit Card,2022-04-23,Active,34094.17
4780,1077,Investment,2025-08-13,Active,82592.69
4781,2546,Savings,2022-07-08,Active,9572.84
4782,2127,Checking,2025-08-07,Active,104982.51
4783,4224,Investment,2023-12-12,Active,81119.79
4784,3698,Savings,2023-04-01,Active,140745.24
4785,1427,Savings,2023-09-26,Active,66159.84
4786,3813,Checking,2021-08-01,Active,67091.92
4787,3737,Investment,2022-02-01,Active,51535.91
4788,3332,Investment,2021-09-09,Active,10214.17
4789,4005,Investment,2022-03-10,Closed,126789.24
4790,1922,Investment,2025-02-28,Active,9926.95
4791,165,Savings,2024-12-01,Active,85590.2
4792,962,Investment,2023-03-26,Closed,130136.45
4793,986,Savings,2023-05-19,Active,112136.47
4794,3254,Investment,2024-06-18,Closed,132043.79
4795,3222,Checking,2021-12-19,Active,27433.45
4796,3805,Savings,2024-03-12,Active,39016.19
4797,3317,Investment,2024-08-28,Closed,6841.08
4798,3735,Investment,2021-07-29,Closed,14254.34
4799,2193,Credit Card,2023-11-29,Closed,91647.84
4800,2736,Credit Card,2023-07-24,Active,29246.07
4801,2585,Checking,2021-11-06,Active,117879.57
4802,1550,Checking,2022-08-22,Active,116708.55
4803,1960,Credit Card,2022-05-30,Active,19722.2
4804,2343,Checking,2023-09-07,Active,52206.32
4805,2578,Savings,2023-11-27,Active,142320.44
4806,4566,Credit Card,2021-08-20,Active,66970.04
4807,4946,Investment,2021-01-04,Active,65500.33
4808,3868,Investment,2024-08-30,Active,124092.8
4809,959,Checking,2022-03-06,Closed,135310.65
4810,2440,Savings,2022-10-03,Active,29377.95
4811,2425,Credit Card,2021-11-27,Active,148164.06
4812,1827,Savings,2023-01-09,Active,104307.59
4813,1433,Checking,2025-07-28,Active,15484.75
4814,2764,Investment,2022-09-07,Closed,49462.1
4815,4881,Credit Card,2021-05-22,Active,127436.7
4816,3679,Checking,2023-08-24,Active,14746.26
4817,3933,Credit Card,2021-01-04,Closed,80162.43
4818,1032,Savings,2023-01-28,Active,6646.35
4819,2178,Savings,2025-06-30,Active,46339.13
4820,3182,Savings,2025-07-06,Closed,131281.21
4821,4181,Savings,2023-11-22,Closed,75332.58
4822,1928,Credit Card,2023-05-09,Active,108043.75
4823,4748,Checking,2023-11-06,Active,99423.75
4824,1590,Savings,2025-03-20,Closed,128985.57
4825,1581,Savings,2024-03-02,Active,56862.57
4826,189,Savings,2022-07-17,Active,22449.82
4827,4996,Savings,2025-11-05,Active,13892.2
4828,1433,Investment,2022-06-30,Active,143572.75
4829,2796,Investment,2021-04-13,Closed,81453.51
4830,1389,Savings,2021-05-03,Closed,20591.33
4831,973,Savings,2021-07-13,Active,32721.81
4832,1238,Savings,2025-01-21,Active,16175.73
4833,22,Credit Card,2025-05-19,Active,141064.84
4834,4015,Checking,2023-05-23,Closed,84042.26
4835,499,Investment,2025-01-20,Active,142528.1
4836,313,Checking,2022-09-28,Active,129732.6
4837,2677,Credit Card,2024-10-29,Closed,78361.15
4838,650,Savings,2025-07-05,Active,123106.13
4839,2247,Savings,2022-03-09,Closed,645.34
4840,2931,Credit Card,2023-10-08,Active,28271.87
4841,883,Credit Card,2021-09-03,Active,86360.34
4842,1066,Checking,2024-03-29,Closed,89487.62
4843,883,Investment,2024-05-06,Active,90539.0
4844,545,Investment,2022-04-27,Active,10331.68
4845,3411,Savings,2022-10-12,Active,136360.86
4846,3020,Credit Card,2024-03-21,Active,118033.35
4847,206,Checking,2024-03-13,Active,63371.56
4848,4259,Checking,2021-01-28,Active,51378.99
4849,1776,Investment,2025-02-28,Active,93798.12
4850,2392,Credit Card,2022-03-07,Active,94934.21
4851,1603,Credit Card,2024-09-03,Closed,31532.31
4852,482,Investment,2021-01-07,Active,141915.15
4853,3045,Credit Card,2022-02-07,Active,120712.1
4854,238,Savings,2023-01-05,Active,119260.88
4855,2818,Savings,2023-06-04,Active,101735.27
4856,4593,Checking,2024-01-25,Active,149153.34
4857,4059,Credit Card,2021-03-30,Closed,41803.15
4858,2708,Credit Card,2022-10-23,Active,102631.61
4859,4671,Savings,2025-02-08,Active,107764.99
4860,259,Credit Card,2025-09-24,Closed,113629.5
4861,2370,Checking,2021-07-24,Active,55755.97
4862,4644,Checking,2021-07-21,Active,77207.4
4863,4745,Investment,2021-05-31,Closed,74893.26
4864,218,Credit Card,2024-07-02,Active,11339.53
4865,4157,Credit Card,2025-09-01,Closed,79831.19
4866,351,Savings,2022-06-19,Active,22088.38
4867,115,Savings,2021-03-08,Active,116162.68
4868,4423,Credit Card,2025-08-24,Closed,77331.3
4869,1638,Checking,2024-05-31,Active,71999.57
4870,1756,Investment,2023-07-16,Active,112852.73
4871,1257,Credit Card,2021-04-16,Closed,85247.29
4872,2506,Credit Card,2023-11-30,Active,103939.79
4873,3744,Investment,2022-06-01,Active,120665.3
4874,2100,Credit Card,2021-02-15,Active,138667.96
4875,117,Checking,2022-10-17,Active,83256.08
4876,1989,Investment,2024-12-25,Active,74392.85
4877,275,Checking,2021-01-05,Active,77448.46
4878,2932,Checking,2022-09-16,Active,102461.78
4879,2055,Checking,2023-11-03,Active,131265.66
4880,4774,Credit Card,2022-08-06,Active,48089.8
4881,2040,Investment,2024-12-04,Active,48817.09
4882,2959,Checking,2023-06-03,Active,40705.05
4883,1273,Investment,2024-09-20,Active,9868.06
4884,480,Savings,2024-06-07,Active,18613.03
4885,1194,Credit Card,2024-04-20,Active,74689.76
4886,3534,Checking,2021-08-13,Active,132780.81
4887,2523,Savings,2023-11-21,Active,37949.07
4888,310,Investment,2024-05-11,Active,139247.75
4889,1111,Investment,2024-10-18,Active,20191.35
4890,3179,Investment,2025-08-02,Active,77681.59
4891,495,Checking,2021-01-04,Active,25122.2
4892,1697,Checking,2022-03-26,Active,63255.02
4893,4749,Investment,2025-08-18,Active,147270.2
4894,3197,Investment,2024-08-25,Active,28420.6
4895,4493,Savings,2025-01-28,Closed,75988.7
4896,815,Savings,2022-08-24,Active,42591.86
4897,1392,Checking,2021-12-25,Closed,39943.94
4898,4938,Checking,2024-08-10,Active,147219.87
4899,4198,Checking,2024-10-12,Active,109652.91
4900,3009,Credit Card,2021-01-16,Active,78943.93
4901,563,Savings,2023-06-12,Closed,23284.47
4902,3651,Savings,2023-10-05,Active,4428.74
4903,4112,Savings,2023-10-02,Closed,43359.57
4904,1002,Credit Card,2021-04-14,Active,137495.58
4905,2866,Investment,2025-02-26,Active,56282.34
4906,2754,Credit Card,2021-07-06,Active,107868.35
4907,3016,Investment,2021-12-09,Active,37399.35
4908,2601,Savings,2021-10-15,Active,72845.11
4909,1051,Credit Card,2024-02-04,Active,40041.09
4910,4297,Savings,2023-09-10,Active,99641.61
4911,185,Checking,2021-11-14,Closed,148353.24
4912,3146,Checking,2022-10-06,Active,107989.6
4913,1193,Credit Card,2021-03-09,Active,126230.83
4914,4225,Checking,2025-03-24,Active,16450.09
4915,2973,Investment,2025-04-10,Active,108389.16
4916,1861,Savings,2021-05-05,Active,132614.76
4917,2299,Checking,2025-10-07,Active,2841.59
4918,947,Savings,2021-08-20,Active,42612.85
4919,2477,Credit Card,2025-09-02,Active,13005.61
4920,2035,Investment,2023-08-11,Active,144696.33
4921,3042,Savings,2022-11-19,Active,133788.87
4922,3886,Savings,2021-02-18,Closed,8434.56
4923,2505,Investment,2024-02-28,Closed,93631.03
4924,3876,Investment,2024-06-08,Active,53054.76
4925,4847,Credit Card,2023-06-13,Active,10013.94
4926,2849,Investment,2021-02-01,Closed,118046.04
4927,3116,Savings,2023-07-15,Closed,106128.75
4928,1557,Investment,2022-03-22,Active,141862.87
4929,3629,Checking,2021-08-20,Active,75115.84
4930,391,Credit Card,2024-09-09,Active,19656.45
4931,780,Savings,2021-05-16,Closed,122276.67
4932,68,Credit Card,2025-02-08,Active,19723.7
4933,3026,Savings,2024-03-13,Active,97517.47
4934,1133,Checking,2022-03-07,Active,35228.74
4935,916,Checking,2023-04-13,Closed,147733.5
4936,3864,Credit Card,2022-09-22,Closed,87541.12
4937,325,Checking,2023-09-26,Active,90742.51
4938,4318,Credit Card,2025-07-11,Active,118875.14
4939,965,Investment,2023-01-28,Closed,19693.24
4940,4776,Savings,2021-05-03,Closed,18056.2
4941,3023,Investment,2023-11-23,Active,27674.3
4942,2470,Savings,2021-09-24,Closed,130576.23
4943,2477,Credit Card,2022-11-26,Closed,111244.74
4944,1692,Checking,2023-07-03,Active,69522.12
4945,4518,Credit Card,2023-10-15,Active,78114.37
4946,189,Investment,2023-01-02,Active,10591.09
4947,4078,Credit Card,2023-12-19,Active,42224.47
4948,496,Investment,2021-11-16,Active,116193.02
4949,4935,Savings,2022-06-08,Active,46372.55
4950,1893,Savings,2023-06-24,Closed,58764.7
4951,428,Credit Card,2022-08-10,Closed,117979.56
4952,3757,Checking,2021-08-28,Active,61364.1
4953,4310,Investment,2021-12-12,Closed,96870.16
4954,2424,Investment,2025-08-14,Closed,43589.5
4955,3422,Credit Card,2023-06-17,Active,105189.05
4956,3792,Savings,2022-04-27,Active,96267.87
4957,4260,Credit Card,2021-08-03,Closed,74578.41
4958,2334,Savings,2021-09-05,Active,41954.21
4959,2883,Investment,2022-12-05,Closed,95697.73
4960,245,Investment,2025-01-22,Active,71689.83
4961,3621,Checking,2024-08-07,Active,94821.44
4962,3058,Savings,2022-11-22,Active,148656.4
4963,584,Savings,2023-09-21,Active,116545.36
4964,2148,Savings,2021-08-02,Closed,26227.22
4965,2880,Savings,2024-04-18,Active,95928.01
4966,4708,Credit Card,2024-07-06,Closed,67445.77
4967,1042,Checking,2022-06-14,Active,55221.08
4968,1332,Checking,2022-10-31,Closed,70637.37
4969,4357,Investment,2022-12-29,Active,23823.93
4970,3306,Savings,2022-09-23,Active,32795.94
4971,2522,Savings,2021-11-13,Active,4038.81
4972,1042,Credit Card,2021-04-16,Active,1027.46
4973,2397,Investment,2024-03-15,Active,68912.61
4974,3081,Savings,2022-11-29,Active,143117.73
4975,876,Credit Card,2025-01-23,Closed,63196.3
4976,3369,Savings,2023-07-14,Closed,25950.98
4977,275,Savings,2021-04-23,Active,146149.27
4978,4694,Investment,2022-12-03,Active,118488.32
4979,486,Checking,2023-02-06,Closed,109379.11
4980,342,Investment,2023-03-24,Active,101117.49
4981,2751,Credit Card,2024-01-13,Active,100581.57
4982,1038,Investment,2022-03-22,Active,87265.85
4983,2166,Checking,2021-05-28,Active,120157.17
4984,1398,Investment,2021-03-09,Closed,60884.74
4985,280,Checking,2022-09-02,Closed,21995.51
4986,1528,Credit Card,2021-07-17,Active,104630.73
4987,3820,Checking,2022-10-08,Closed,71180.09
4988,1465,Investment,2024-03-26,Active,50929.88
4989,3526,Savings,2022-12-26,Active,142423.32
4990,1736,Savings,2022-07-08,Active,5404.53
4991,383,Savings,2022-08-11,Active,118609.16
4992,371,Investment,2023-07-22,Active,25312.43
4993,4599,Credit Card,2023-08-14,Active,136923.97
4994,4641,Investment,2022-01-30,Closed,139893.66
4995,1347,Investment,2024-01-13,Active,12765.2
4996,3211,Investment,2024-11-16,Closed,143335.15
4997,4118,Checking,2025-04-12,Active,16022.75
4998,1693,Credit Card,2021-03-09,Active,103212.44
4999,4756,Savings,2021-11-05,Active,54934.42
5000,1347,Savings,2021-10-30,Closed,74322.62
5001,363,Credit Card,2022-07-07,Active,59931.18
5002,1984,Savings,2024-07-12,Active,42159.23
5003,4993,Credit Card,2023-03-29,Closed,5679.19
5004,899,Savings,2024-12-31,Closed,16172.1
5005,3002,Credit Card,2022-10-28,Active,70328.92
5006,2029,Investment,2022-02-07,Active,20275.06
5007,2440,Investment,2024-10-04,Active,111318.92
5008,286,Investment,2022-10-01,Closed,11392.63
5009,1220,Investment,2024-06-04,Active,39898.88
5010,677,Checking,2024-04-17,Active,30162.15
5011,3809,Checking,2025-11-11,Active,92882.78
5012,3396,Checking,2023-07-28,Active,2086.26
5013,2633,Savings,2023-04-27,Active,142424.57
5014,1531,Credit Card,2025-03-23,Closed,100298.44
5015,2667,Investment,2025-07-14,Active,44468.87
5016,2927,Checking,2025-11-22,Active,87979.65
5017,257,Credit Card,2023-04-09,Closed,109941.29
5018,1442,Savings,2025-10-31,Closed,73040.15
5019,584,Checking,2025-04-07,Active,122226.94
5020,4168,Checking,2022-11-21,Active,52472.28
5021,1404,Investment,2024-10-27,Active,119579.14
5022,4766,Investment,2021-06-08,Active,141647.91
5023,1195,Savings,2021-09-25,Active,37390.98
5024,2108,Investment,2021-05-25,Active,118701.15
5025,3920,Checking,2023-03-11,Closed,61079.55
5026,3970,Savings,2021-11-28,Active,129493.06
5027,2983,Savings,2025-09-18,Closed,65216.92
5028,4094,Savings,2024-04-13,Active,149563.54
5029,2316,Savings,2021-04-08,Active,71049.7
5030,1788,Checking,2023-03-15,Active,125063.95
5031,4722,Investment,2022-01-09,Closed,78606.03
5032,3134,Checking,2024-08-12,Active,72458.77
5033,3025,Credit Card,2023-05-05,Active,8102.27
5034,406,Savings,2022-01-17,Closed,149815.86
5035,111,Savings,2024-06-15,Closed,99022.53
5036,130,Investment,2022-07-30,Active,93009.38
5037,4591,Savings,2021-03-15,Active,68164.29
5038,713,Savings,2022-06-27,Active,32780.04
5039,3869,Investment,2022-08-15,Active,75073.78
5040,4660,Savings,2022-04-12,Active,102943.17
5041,4124,Credit Card,2024-06-28,Active,39374.4
5042,4086,Investment,2025-08-13,Active,91806.23
5043,2020,Savings,2023-03-21,Active,112924.6
5044,244,Investment,2024-10-22,Active,119831.72
5045,4220,Credit Card,2021-06-25,Active,94778.41
5046,3412,Checking,2021-06-04,Active,90169.93
5047,4599,Checking,2025-01-22,Active,3402.24
5048,1703,Investment,2022-04-19,Active,65919.92
5049,2202,Credit Card,2025-05-12,Active,124444.88
5050,1522,Credit Card,2023-09-19,Active,20844.82
5051,4003,Savings,2022-04-22,Closed,27327.64
5052,1210,Credit Card,2021-07-28,Active,36097.84
5053,2623,Checking,2021-04-13,Closed,92965.66
5054,4739,Savings,2022-01-20,Closed,38413.56
5055,792,Investment,2021-06-24,Active,122314.55
5056,562,Checking,2023-05-15,Closed,26436.8
5057,2427,Credit Card,2025-09-03,Active,34098.34
5058,4761,Investment,2023-05-21,Active,142426.7
5059,2794,Investment,2025-08-23,Active,126653.2
5060,4711,Investment,2023-04-12,Active,136060.68
5061,3924,Checking,2021-05-15,Active,32223.42
5062,1103,Checking,2024-09-10,Closed,23678.99
5063,4697,Checking,2021-09-01,Active,146019.79
5064,2701,Checking,2023-01-18,Closed,140620.61
5065,3545,Credit Card,2024-04-03,Active,145506.02
5066,3753,Investment,2025-02-19,Active,53601.57
5067,4756,Investment,2021-06-04,Closed,88002.57
5068,3326,Savings,2021-05-06,Active,29998.08
5069,2251,Credit Card,2022-09-20,Active,127208.17
5070,1921,Checking,2023-07-12,Active,29966.78
5071,2064,Credit Card,2021-11-14,Active,127808.71
5072,1273,Savings,2023-05-31,Active,74868.98
5073,3846,Credit Card,2025-04-14,Active,22613.19
5074,1189,Savings,2021-07-22,Active,20112.86
5075,883,Investment,2025-07-18,Active,146006.4
5076,759,Checking,2024-09-30,Active,38977.36
5077,1672,Investment,2021-08-01,Active,15589.93
5078,1448,Credit Card,2024-04-25,Active,109446.87
5079,2679,Savings,2021-01-31,Active,25659.59
5080,829,Credit Card,2021-02-19,Active,31486.95
5081,2643,Savings,2021-06-29,Active,97703.17
5082,1653,Credit Card,2024-10-08,Active,10283.04
5083,3601,Checking,2021-06-09,Closed,34919.89
5084,1603,Credit Card,2025-04-05,Active,67212.81
5085,698,Credit Card,2024-12-07,Active,129870.0
5086,1730,Savings,2022-05-13,Active,45752.67
5087,3972,Investment,2025-06-29,Active,103555.99
5088,1206,Investment,2021-03-08,Active,85656.97
5089,4849,Credit Card,2025-01-26,Active,115988.09
5090,341,Credit Card,2021-12-22,Active,69398.79
5091,4561,Checking,2023-05-06,Active,64369.42
5092,1442,Credit Card,2023-01-27,Active,16463.37
5093,2478,Savings,2022-10-22,Closed,51137.45
5094,1641,Investment,2022-03-21,Active,118110.48
5095,3394,Credit Card,2023-08-13,Closed,12719.33
5096,824,Checking,2023-05-30,Active,41269.34
5097,1856,Checking,2023-07-17,Closed,112974.95
5098,1941,Investment,2023-02-23,Active,19494.53
5099,2128,Checking,2023-09-18,Closed,91018.5
5100,3071,Checking,2022-05-06,Active,16648.58
5101,4331,Credit Card,2025-07-28,Active,99625.33
5102,3178,Investment,2024-06-27,Active,148097.8
5103,3492,Savings,2023-07-04,Active,41291.41
5104,4544,Savings,2023-05-31,Active,10244.96
5105,867,Investment,2024-08-13,Closed,83017.12
5106,3705,Investment,2022-10-05,Active,73964.19
5107,2118,Checking,2021-01-30,Active,95908.98
5108,2823,Checking,2022-05-21,Closed,146187.57
5109,2673,Checking,2025-06-25,Active,58968.22
5110,843,Checking,2023-06-09,Active,106047.34
5111,4436,Credit Card,2025-09-28,Active,34390.82
5112,3818,Investment,2021-09-15,Closed,50776.82
5113,2832,Investment,2023-06-21,Active,87489.85
5114,730,Savings,2022-06-13,Active,140095.55
5115,507,Credit Card,2024-06-16,Closed,29894.88
5116,461,Credit Card,2022-03-23,Active,24489.33
5117,4284,Savings,2022-01-17,Active,141112.22
5118,1218,Investment,2024-06-19,Closed,77005.49
5119,2529,Credit Card,2022-02-20,Active,92830.08
5120,886,Investment,2025-11-20,Closed,61689.36
5121,4197,Investment,2023-01-12,Active,21693.0
5122,2210,Investment,2022-04-10,Closed,29824.15
5123,3320,Investment,2021-12-28,Active,11985.65
5124,950,Investment,2025-07-13,Active,129251.55
5125,2806,Credit Card,2024-05-07,Active,146595.92
5126,4961,Credit Card,2022-07-06,Active,64036.19
5127,4655,Credit Card,2023-12-04,Active,91234.01
5128,4409,Savings,2023-04-26,Active,91207.62
5129,3783,Savings,2024-12-12,Active,49128.01
5130,2267,Investment,2021-09-06,Active,105270.82
5131,2452,Checking,2022-03-26,Active,134615.79
5132,973,Savings,2022-06-24,Active,53755.35
5133,2540,Checking,2025-01-19,Closed,69660.46
5134,3190,Credit Card,2021-10-29,Active,82761.75
5135,2956,Credit Card,2023-10-10,Active,46731.03
5136,3032,Investment,2021-11-22,Closed,148776.42
5137,162,Credit Card,2022-02-16,Active,138175.08
5138,3531,Savings,2023-02-18,Active,144726.52
5139,3618,Investment,2024-03-14,Active,11999.28
5140,4,Checking,2024-04-08,Closed,105746.96
5141,2897,Checking,2025-04-19,Active,3955.55
5142,1390,Savings,2025-08-20,Active,142616.39
5143,3344,Credit Card,2021-07-30,Active,41155.94
5144,513,Checking,2023-10-20,Active,84756.64
5145,1140,Savings,2021-04-18,Active,13662.1
5146,1726,Checking,2024-06-20,Active,27310.82
5147,2916,Checking,2021-04-02,Active,45925.63
5148,2104,Investment,2024-10-13,Active,92726.64
5149,450,Credit Card,2024-12-21,Active,48639.22
5150,1972,Savings,2023-09-14,Active,38241.94
5151,4052,Investment,2022-12-08,Active,47339.57
5152,4458,Credit Card,2022-08-03,Active,123791.69
5153,1900,Savings,2022-02-05,Active,116637.63
5154,4572,Credit Card,2024-01-20,Closed,51726.13
5155,4676,Savings,2021-03-28,Active,84437.33
5156,435,Savings,2024-02-20,Active,13834.75
5157,338,Investment,2021-08-29,Active,61135.35
5158,2087,Credit Card,2024-09-16,Active,30601.29
5159,4637,Credit Card,2022-05-13,Active,144796.02
5160,3966,Savings,2025-02-23,Active,43063.46
5161,1915,Checking,2025-03-18,Closed,17099.08
5162,1245,Checking,2025-08-31,Active,14257.32
5163,3137,Checking,2024-10-05,Closed,99940.14
5164,4662,Savings,2021-12-04,Active,79448.62
5165,3082,Checking,2023-08-03,Active,99381.84
5166,224,Checking,2024-01-20,Active,138853.5
5167,1930,Savings,2024-01-15,Closed,149585.17
5168,3930,Savings,2021-01-13,Active,67734.84
5169,2593,Credit Card,2022-05-07,Closed,46786.54
5170,523,Savings,2021-05-23,Active,44151.15
5171,3698,Savings,2024-11-22,Closed,37727.5
5172,4634,Investment,2024-12-07,Active,46271.65
5173,137,Savings,2024-09-20,Active,75578.77
5174,2150,Savings,2024-06-29,Active,34208.99
5175,3891,Credit Card,2024-07-21,Active,39571.34
5176,83,Checking,2024-05-28,Active,98407.01
5177,2992,Investment,2025-04-21,Active,78418.28
5178,3083,Savings,2024-06-14,Active,35715.61
5179,735,Investment,2021-02-20,Closed,34358.8
5180,1746,Savings,2023-12-01,Closed,57907.83
5181,2622,Savings,2025-08-07,Active,81265.96
5182,430,Savings,2025-10-26,Active,86684.1
5183,3205,Savings,2023-12-04,Active,144445.45
5184,2968,Credit Card,2024-01-27,Active,110992.27
5185,223,Checking,2021-05-31,Active,147308.39
5186,2984,Credit Card,2024-10-21,Active,116181.88
5187,4511,Credit Card,2025-10-06,Closed,89397.75
5188,33,Credit Card,2023-07-04,Active,55282.46
5189,4501,Investment,2025-10-19,Active,146039.71
5190,1104,Checking,2021-12-15,Closed,68711.39
5191,448,Credit Card,2021-10-02,Active,112357.92
5192,4891,Savings,2023-12-21,Active,4395.04
5193,1711,Checking,2021-12-27,Active,16321.16
5194,428,Investment,2022-04-16,Active,76475.79
5195,554,Savings,2021-04-23,Closed,26262.25
5196,2799,Investment,2025-08-02,Active,149036.27
5197,938,Investment,2021-11-15,Active,69764.53
5198,457,Investment,2023-10-09,Active,31573.3
5199,190,Savings,2025-06-20,Active,52668.12
5200,3826,Investment,2023-03-04,Closed,125434.87
5201,1428,Savings,2021-08-30,Closed,43207.9
5202,1314,Savings,2021-07-22,Active,45782.78
5203,4728,Credit Card,2025-01-08,Active,96028.45
5204,3011,Credit Card,2023-03-26,Closed,24363.04
5205,4752,Credit Card,2021-12-17,Active,87728.05
5206,4644,Credit Card,2022-09-15,Active,112730.53
5207,4084,Savings,2023-01-17,Closed,64425.27
5208,1606,Investment,2025-03-27,Active,52653.13
5209,3420,Credit Card,2022-08-22,Closed,136507.11
5210,4078,Investment,2023-06-14,Active,134848.69
5211,2649,Investment,2024-10-18,Closed,108575.55
5212,2635,Investment,2021-08-29,Active,141188.83
5213,429,Investment,2023-03-23,Closed,138545.46
5214,2762,Checking,2021-05-17,Active,88091.69
5215,43,Savings,2022-10-04,Active,62218.11
5216,3739,Credit Card,2021-01-06,Active,64000.3
5217,3096,Investment,2024-06-04,Active,7434.76
5218,4469,Credit Card,2021-04-07,Closed,61381.19
5219,56,Investment,2024-11-19,Active,76329.1
5220,1504,Credit Card,2023-10-31,Active,107545.88
5221,838,Savings,2023-05-06,Closed,49870.85
5222,1334,Savings,2021-02-26,Active,50527.17
5223,901,Savings,2022-01-13,Active,26596.45
5224,2308,Investment,2022-06-28,Active,134755.3
5225,3097,Credit Card,2022-05-14,Active,133085.92
5226,2406,Investment,2023-11-14,Active,88721.66
5227,3861,Checking,2024-07-14,Active,100720.51
5228,1078,Credit Card,2024-10-10,Active,55770.59
5229,4591,Savings,2024-05-10,Active,33928.8
5230,1860,Credit Card,2022-11-10,Active,65271.95
5231,2847,Credit Card,2022-04-02,Active,21901.34
5232,4507,Investment,2025-01-05,Active,12335.58
5233,58,Checking,2024-03-16,Active,82457.03
5234,4068,Credit Card,2024-09-28,Closed,37789.49
5235,519,Checking,2021-09-08,Active,134105.97
5236,3468,Savings,2022-05-05,Closed,127666.28
5237,4625,Checking,2024-01-17,Active,47519.07
5238,24,Credit Card,2022-08-01,Closed,95449.11
5239,836,Investment,2024-06-20,Active,9708.64
5240,2967,Investment,2024-06-17,Active,116593.08
5241,1704,Credit Card,2022-06-21,Active,90264.42
5242,2233,Checking,2021-12-11,Active,107554.78
5243,1335,Credit Card,2021-02-04,Active,131524.08
5244,1532,Investment,2024-01-22,Active,41079.29
5245,296,Investment,2025-09-03,Closed,26523.22
5246,2695,Credit Card,2021-03-13,Active,18354.9
5247,990,Checking,2024-05-26,Active,68972.13
5248,3668,Investment,2025-04-04,Active,147354.56
5249,3628,Investment,2025-08-24,Active,148048.91
5250,3293,Investment,2021-07-09,Active,17355.42
5251,2991,Checking,2025-07-30,Active,122663.29
5252,2151,Savings,2025-06-03,Closed,127250.96
5253,2566,Credit Card,2025-05-10,Active,80945.27
5254,1312,Investment,2023-09-20,Active,104129.59
5255,4777,Savings,2024-06-22,Active,62670.74
5256,905,Credit Card,2025-08-08,Closed,84721.39
5257,2063,Checking,2024-05-09,Closed,133019.45
5258,4291,Savings,2024-08-13,Closed,63995.25
5259,160,Savings,2021-01-23,Active,53440.68
5260,631,Savings,2024-09-09,Active,138472.69
5261,2121,Investment,2023-01-19,Active,50482.0
5262,3845,Credit Card,2022-02-25,Active,132181.19
5263,4608,Investment,2022-12-10,Active,31075.37
5264,2938,Credit Card,2024-03-07,Active,36789.98
5265,4429,Investment,2025-02-15,Closed,130670.74
5266,926,Checking,2024-02-24,Active,18437.92
5267,1889,Investment,2022-04-24,Active,131673.18
5268,1310,Savings,2022-03-03,Active,40259.44
5269,1364,Checking,2022-07-19,Closed,2361.58
5270,3812,Checking,2025-12-04,Active,73705.98
5271,3975,Investment,2025-04-30,Active,37229.96
5272,4178,Checking,2023-09-21,Active,29201.3
5273,1411,Checking,2021-12-20,Active,27566.88
5274,444,Credit Card,2022-09-18,Active,98991.94
5275,1960,Credit Card,2025-10-31,Active,90756.78
5276,4219,Checking,2025-05-09,Closed,132165.76
5277,4802,Investment,2022-12-25,Active,120567.01
5278,282,Credit Card,2025-06-29,Active,100458.09
5279,2792,Checking,2024-06-28,Active,105643.77
5280,1527,Credit Card,2023-11-13,Active,20400.12
5281,799,Checking,2023-10-19,Active,81106.68
5282,1829,Checking,2025-10-11,Active,74416.44
5283,2260,Credit Card,2022-03-06,Active,34012.68
5284,486,Credit Card,2025-09-16,Closed,86308.99
5285,2721,Checking,2024-12-19,Closed,33873.05
5286,2015,Checking,2022-12-13,Active,61571.62
5287,1338,Savings,2025-04-06,Active,12713.79
5288,2742,Savings,2025-10-21,Closed,92632.26
5289,4531,Credit Card,2023-01-24,Closed,26764.92
5290,758,Investment,2023-03-01,Active,95264.03
5291,3417,Checking,2021-12-03,Active,141778.98
5292,1088,Checking,2022-07-03,Closed,126045.49
5293,3093,Credit Card,2023-06-06,Active,100338.86
5294,1746,Savings,2023-03-08,Active,17882.57
5295,2009,Credit Card,2025-01-22,Active,95131.43
5296,823,Savings,2021-08-03,Active,38814.86
5297,4963,Credit Card,2023-02-12,Active,88690.15
5298,4616,Credit Card,2021-06-19,Active,53717.75
5299,4784,Investment,2022-07-24,Active,53094.22
5300,3820,Savings,2025-09-22,Active,43682.25
5301,2054,Credit Card,2025-05-31,Active,101993.73
5302,3669,Credit Card,2025-09-10,Closed,35024.42
5303,2107,Checking,2024-04-16,Active,122089.68
5304,2668,Credit Card,2021-07-26,Active,39160.02
5305,3446,Credit Card,2024-11-21,Closed,46764.67
5306,559,Credit Card,2025-06-23,Active,24427.63
5307,1103,Investment,2024-12-11,Active,57146.55
5308,141,Savings,2024-02-22,Active,37875.33
5309,674,Credit Card,2023-09-02,Active,11927.9
5310,4883,Savings,2021-07-20,Closed,105584.3
5311,4090,Credit Card,2022-11-28,Active,92479.37
5312,3996,Investment,2023-09-21,Active,112386.38
5313,3616,Checking,2025-02-20,Active,38078.2
5314,1242,Credit Card,2021-12-01,Active,25043.12
5315,2600,Checking,2025-04-11,Active,127845.58
5316,1725,Checking,2022-07-18,Active,43551.8
5317,1126,Savings,2022-01-05,Closed,137106.35
5318,357,Credit Card,2023-06-30,Active,90080.26
5319,2831,Investment,2022-03-20,Active,141473.37
5320,426,Investment,2025-10-19,Active,24598.65
5321,4881,Investment,2024-05-22,Closed,31855.71
5322,3055,Checking,2021-11-23,Active,79881.2
5323,4338,Investment,2022-01-23,Active,53778.49
5324,4474,Savings,2025-05-28,Closed,141655.96
5325,1304,Credit Card,2021-06-29,Active,131913.46
5326,500,Credit Card,2024-02-15,Active,79401.54
5327,817,Credit Card,2025-06-25,Active,84423.59
5328,4071,Savings,2025-08-03,Active,20668.01
5329,17,Credit Card,2023-04-24,Active,30470.9
5330,4819,Credit Card,2025-03-07,Active,28617.09
5331,2529,Savings,2022-02-05,Active,84793.8
5332,3718,Checking,2024-12-29,Closed,19578.93
5333,104,Checking,2022-07-08,Active,28193.97
5334,1216,Savings,2022-07-22,Active,129953.06
5335,664,Investment,2024-10-26,Active,17182.96
5336,1579,Savings,2022-03-30,Active,97367.39
5337,32,Investment,2024-09-08,Active,46214.31
5338,3934,Savings,2023-10-27,Active,138457.33
5339,974,Checking,2021-10-05,Active,55187.75
5340,4422,Investment,2024-04-19,Active,7952.59
5341,2485,Checking,2025-10-10,Active,70878.48
5342,1334,Credit Card,2022-07-30,Active,26884.06
5343,306,Investment,2023-06-22,Active,53671.54
5344,4428,Checking,2022-03-08,Active,140131.0
5345,4633,Investment,2023-08-08,Active,16457.8
5346,3324,Checking,2023-01-04,Active,131944.54
5347,396,Credit Card,2021-04-18,Active,44865.38
5348,171,Savings,2025-03-19,Closed,65917.79
5349,485,Savings,2021-08-28,Active,15046.98
5350,1128,Investment,2022-11-27,Active,14270.24
5351,276,Savings,2021-02-09,Closed,129110.56
5352,4403,Investment,2022-12-16,Active,36253.69
5353,3890,Savings,2024-08-09,Active,128713.34
5354,3695,Checking,2024-08-01,Active,120388.39
5355,3000,Checking,2023-10-27,Closed,34417.3
5356,389,Checking,2021-12-28,Active,89040.31
5357,638,Savings,2024-01-03,Active,61353.63
5358,3888,Credit Card,2021-10-02,Active,14458.99
5359,4881,Checking,2024-09-21,Active,143277.03
5360,709,Savings,2021-04-18,Closed,23356.34
5361,3610,Credit Card,2021-02-20,Active,57847.16
5362,3723,Credit Card,2024-10-11,Active,101635.1
5363,1312,Savings,2025-11-05,Active,49238.25
5364,3223,Credit Card,2022-11-21,Closed,56720.87
5365,630,Checking,2023-06-05,Active,55902.18
5366,4876,Checking,2025-09-22,Active,58039.17
5367,1846,Credit Card,2022-12-29,Active,125035.06
5368,1672,Savings,2023-06-23,Active,65829.81
5369,3702,Investment,2025-11-11,Active,25520.87
5370,3948,Checking,2023-03-10,Closed,45967.74
5371,3607,Checking,2024-04-19,Active,120809.62
5372,2748,Savings,2021-12-07,Active,108747.16
5373,1399,Checking,2024-11-18,Active,89807.08
5374,3497,Savings,2022-06-18,Active,43701.69
5375,3686,Checking,2023-12-27,Closed,41136.18
5376,3951,Investment,2021-06-20,Active,104343.31
5377,1549,Investment,2022-08-18,Active,10829.67
5378,3508,Checking,2021-04-06,Active,57321.32
5379,2812,Credit Card,2022-04-26,Active,139083.73
5380,786,Credit Card,2025-05-01,Active,121860.24
5381,2090,Checking,2021-01-10,Active,3925.68
5382,2140,Investment,2022-03-14,Active,105710.28
5383,3407,Checking,2025-09-12,Active,51091.18
5384,3025,Savings,2022-12-23,Closed,39498.67
5385,2154,Investment,2024-07-21,Active,114946.44
5386,3678,Investment,2024-03-22,Active,20381.38
5387,2396,Checking,2021-11-28,Active,32342.94
5388,4344,Investment,2021-12-10,Active,60836.16
5389,2096,Investment,2024-04-13,Active,9728.75
5390,3712,Investment,2023-12-07,Closed,138997.95
5391,2601,Checking,2022-04-22,Active,50365.8
5392,47,Investment,2024-01-18,Closed,78604.55
5393,4878,Credit Card,2022-06-20,Active,16574.28
5394,4936,Savings,2022-04-01,Active,62202.86
5395,582,Savings,2024-08-15,Closed,50762.44
5396,1773,Checking,2023-06-19,Active,131612.61
5397,1204,Credit Card,2025-01-31,Closed,28984.73
5398,605,Investment,2025-06-30,Active,68133.25
5399,3001,Savings,2022-02-22,Active,84625.75
5400,2013,Checking,2023-02-10,Active,102758.66
5401,165,Credit Card,2021-05-14,Active,121146.23
5402,2242,Checking,2025-06-07,Closed,24078.31
5403,4624,Credit Card,2025-08-30,Active,98837.16
5404,1732,Investment,2023-05-26,Active,79822.63
5405,117,Savings,2023-03-05,Active,106519.42
5406,4296,Credit Card,2024-04-26,Active,11091.43
5407,749,Checking,2023-07-24,Active,132755.15
5408,2036,Investment,2024-12-18,Active,93056.77
5409,831,Credit Card,2023-12-20,Closed,125108.81
5410,4842,Investment,2021-04-27,Closed,120053.13
5411,1918,Savings,2023-09-02,Active,146217.99
5412,4679,Savings,2025-06-16,Closed,52082.92
5413,1388,Credit Card,2023-10-02,Closed,139008.26
5414,691,Checking,2021-03-30,Closed,95771.28
5415,3626,Credit Card,2023-08-22,Active,742.11
5416,3785,Checking,2021-04-23,Active,20273.64
5417,3263,Checking,2023-02-20,Active,57000.16
5418,27,Credit Card,2023-12-15,Active,121710.53
5419,336,Investment,2021-01-14,Active,124487.35
5420,822,Savings,2021-01-13,Active,20295.07
5421,957,Investment,2021-12-13,Active,131158.7
5422,343,Checking,2022-10-15,Active,18723.25
5423,628,Checking,2025-04-09,Closed,85160.68
5424,2201,Checking,2025-01-27,Active,117543.38
5425,3795,Investment,2023-06-13,Active,6430.08
5426,901,Credit Card,2022-07-31,Active,12693.69
5427,3487,Savings,2022-04-15,Active,111680.85
5428,2973,Investment,2021-08-18,Active,116064.94
5429,4834,Investment,2022-11-06,Active,65179.15
5430,1195,Checking,2021-08-11,Closed,3454.22
5431,1278,Credit Card,2025-07-23,Active,128142.87
5432,4875,Credit Card,2023-03-11,Active,5887.02
5433,1287,Credit Card,2024-12-17,Active,135206.96
5434,686,Savings,2025-09-26,Active,125157.7
5435,2158,Checking,2024-07-27,Active,104449.76
5436,2829,Credit Card,2024-06-19,Active,147440.1
5437,1398,Savings,2022-08-26,Active,97801.82
5438,1134,Savings,2023-05-08,Active,144745.55
5439,1470,Checking,2022-04-11,Closed,94588.87
5440,2356,Investment,2023-10-28,Closed,141482.07
5441,1592,Checking,2021-11-11,Active,2986.57
5442,739,Savings,2024-11-14,Active,2644.79
5443,868,Investment,2025-05-13,Closed,64084.07
5444,3787,Credit Card,2022-07-28,Active,27094.06
5445,4008,Checking,2024-02-10,Closed,136846.94
5446,507,Credit Card,2021-03-31,Closed,34943.5
5447,4740,Investment,2023-03-03,Closed,130111.03
5448,3580,Investment,2021-12-24,Active,95098.69
5449,4987,Investment,2025-10-05,Active,126729.21
5450,4901,Checking,2021-05-24,Active,118905.34
5451,4037,Investment,2021-09-09,Active,123350.03
5452,4878,Credit Card,2022-11-03,Active,95873.53
5453,2169,Credit Card,2025-02-09,Closed,51953.78
5454,3784,Checking,2025-01-08,Active,103336.01
5455,3689,Credit Card,2021-08-16,Active,38572.64
5456,3815,Savings,2023-10-26,Active,78408.12
5457,3804,Savings,2025-04-26,Active,140623.9
5458,1422,Investment,2025-07-09,Closed,64224.37
5459,2625,Credit Card,2022-06-11,Active,75193.1
5460,2500,Credit Card,2025-04-23,Closed,103444.67
5461,2808,Credit Card,2024-07-10,Active,28771.16
5462,247,Checking,2025-01-14,Active,96658.47
5463,2460,Investment,2022-04-24,Closed,49290.57
5464,4616,Credit Card,2022-08-25,Active,83342.15
5465,4532,Savings,2021-12-19,Active,147042.9
5466,2504,Credit Card,2025-06-05,Active,33145.29
5467,3176,Savings,2023-05-05,Active,116241.82
5468,4292,Investment,2024-05-11,Active,115669.57
5469,3020,Savings,2022-09-14,Active,145992.55
5470,1812,Checking,2025-09-19,Active,30674.26
5471,3824,Investment,2024-08-01,Active,118954.51
5472,639,Investment,2023-01-19,Closed,145636.93
5473,814,Checking,2022-09-29,Active,138841.39
5474,2918,Checking,2025-03-14,Closed,125740.4
5475,1736,Credit Card,2021-05-22,Active,91628.34
5476,1315,Checking,2024-01-29,Active,54049.33
5477,3791,Investment,2025-11-28,Active,6338.33
5478,526,Savings,2023-02-10,Closed,132132.73
5479,2985,Credit Card,2021-02-16,Closed,123130.78
5480,4961,Savings,2025-03-23,Active,130827.12
5481,3037,Checking,2021-05-12,Active,9787.02
5482,4738,Credit Card,2025-10-17,Active,33533.5
5483,291,Investment,2021-10-12,Closed,34180.44
5484,116,Investment,2024-10-19,Active,59848.5
5485,2369,Investment,2021-10-27,Closed,94462.09
5486,4536,Savings,2021-01-18,Closed,129594.23
5487,1352,Investment,2025-11-20,Closed,62868.62
5488,1855,Checking,2024-11-24,Active,46754.68
5489,649,Checking,2025-03-10,Closed,51285.95
5490,4889,Investment,2023-10-28,Active,41810.02
5491,2181,Savings,2025-10-08,Closed,108320.43
5492,2391,Savings,2021-10-02,Active,119220.52
5493,2108,Investment,2025-02-05,Active,42552.5
5494,1629,Savings,2023-11-03,Active,62247.97
5495,2462,Savings,2024-12-22,Active,136287.79
5496,419,Credit Card,2022-12-30,Closed,39304.93
5497,4569,Credit Card,2025-06-07,Closed,131629.63
5498,1095,Investment,2025-06-20,Active,97927.75
5499,2734,Investment,2025-07-31,Active,28476.77
5500,2358,Credit Card,2022-11-28,Active,4443.88
5501,2291,Checking,2021-11-07,Active,1908.88
5502,2460,Investment,2024-07-26,Active,16872.61
5503,3877,Credit Card,2023-07-02,Active,56078.84
5504,4636,Checking,2025-02-22,Active,66307.73
5505,4477,Investment,2023-02-18,Active,146482.25
5506,3532,Savings,2024-05-02,Active,35918.72
5507,2773,Savings,2025-06-29,Active,5363.09
5508,1048,Credit Card,2024-09-02,Active,141377.97
5509,4873,Savings,2022-11-17,Active,60346.56
5510,1689,Investment,2023-07-20,Active,16273.87
5511,2940,Credit Card,2021-11-20,Active,79859.82
5512,4010,Checking,2025-07-11,Active,33522.04
5513,779,Checking,2025-02-20,Active,67013.76
5514,999,Savings,2023-10-02,Active,55043.5
5515,1607,Savings,2023-04-23,Active,124929.88
5516,1445,Credit Card,2021-09-12,Active,51299.09
5517,4745,Credit Card,2022-09-25,Active,83202.6
5518,4487,Checking,2023-09-02,Closed,139805.54
5519,1893,Savings,2022-10-25,Active,134458.95
5520,4207,Checking,2024-10-26,Active,137140.38
5521,2283,Savings,2024-01-08,Active,65266.21
5522,3965,Investment,2022-03-13,Active,30266.52
5523,1656,Checking,2025-10-19,Closed,12825.67
5524,1264,Savings,2021-01-01,Closed,99310.12
5525,3897,Credit Card,2024-02-18,Active,100162.99
5526,3868,Credit Card,2023-09-13,Active,47516.41
5527,3253,Investment,2024-09-08,Active,7547.37
5528,4833,Credit Card,2023-06-20,Active,124119.55
5529,3077,Checking,2024-06-15,Active,149524.04
5530,4478,Investment,2022-10-05,Active,85023.33
5531,2256,Checking,2022-08-20,Closed,43202.37
5532,4685,Savings,2022-04-30,Active,114995.49
5533,687,Credit Card,2021-06-28,Closed,113639.17
5534,4440,Credit Card,2022-10-13,Active,25937.16
5535,1026,Checking,2021-07-23,Closed,107627.23
5536,81,Savings,2025-01-05,Closed,37848.54
5537,1892,Credit Card,2024-11-03,Active,82704.68
5538,1407,Checking,2021-10-24,Closed,122963.27
5539,3269,Savings,2021-07-11,Active,125559.69
5540,1970,Investment,2025-06-26,Active,97373.78
5541,2384,Credit Card,2023-11-13,Active,143008.34
5542,2523,Savings,2025-11-17,Active,1094.47
5543,2395,Credit Card,2025-05-22,Closed,110843.98
5544,3842,Checking,2022-08-19,Active,134855.38
5545,2838,Checking,2025-11-13,Active,15015.18
5546,2003,Savings,2022-02-15,Active,33642.81
5547,1985,Investment,2024-12-16,Active,6443.8
5548,3742,Credit Card,2025-02-13,Closed,103281.43
5549,3111,Checking,2023-04-08,Closed,149944.21
5550,1531,Credit Card,2025-08-22,Active,68744.3
5551,3128,Investment,2023-05-26,Active,140483.31
5552,4716,Credit Card,2024-08-05,Active,77583.1
5553,2958,Savings,2024-12-28,Closed,12740.79
5554,388,Investment,2023-05-12,Active,52248.15
5555,1714,Investment,2021-10-06,Active,74719.64
5556,879,Credit Card,2024-08-21,Active,27505.06
5557,2229,Credit Card,2021-01-29,Active,85536.3
5558,4264,Savings,2022-08-04,Active,87668.6
5559,3177,Checking,2021-04-13,Active,132339.0
5560,4524,Savings,2024-09-13,Active,135300.43
5561,4000,Investment,2021-08-05,Active,79908.83
5562,4518,Savings,2021-09-07,Active,71774.89
5563,4640,Savings,2021-07-14,Active,143061.72
5564,4377,Savings,2023-09-06,Active,62290.65
5565,23,Checking,2021-07-19,Closed,110684.71
5566,3741,Checking,2023-05-13,Active,76956.75
5567,4260,Investment,2023-06-02,Active,112535.3
5568,1034,Savings,2023-04-23,Active,89766.68
5569,709,Savings,2022-11-15,Active,25624.26
5570,880,Investment,2025-06-19,Closed,50880.87
5571,659,Investment,2023-09-26,Active,12115.6
5572,684,Investment,2025-09-29,Active,85618.9
5573,948,Credit Card,2022-05-06,Active,107122.34
5574,4006,Investment,2024-10-17,Active,117621.19
5575,2824,Savings,2022-12-03,Closed,63749.47
5576,3031,Checking,2021-05-09,Active,48412.97
5577,3473,Credit Card,2024-07-06,Active,57814.23
5578,4884,Investment,2021-08-13,Active,70585.83
5579,2702,Savings,2022-05-31,Closed,26237.19
5580,762,Savings,2025-11-14,Active,18661.84
5581,2735,Savings,2021-02-18,Active,42845.97
5582,102,Investment,2025-01-01,Active,148763.11
5583,3407,Investment,2025-09-28,Active,67154.87
5584,2423,Credit Card,2023-05-27,Active,106474.6
5585,4415,Checking,2021-10-19,Closed,33041.81
5586,4569,Savings,2024-09-12,Active,113842.56
5587,2703,Investment,2022-10-30,Closed,42284.56
5588,328,Credit Card,2025-05-15,Active,33081.87
5589,534,Checking,2022-11-29,Active,46896.19
5590,3107,Checking,2023-02-04,Closed,48820.88
5591,3426,Investment,2024-06-23,Active,82054.22
5592,2184,Investment,2022-08-24,Closed,12192.79
5593,2523,Savings,2021-06-27,Active,111767.76
5594,4249,Savings,2025-09-08,Active,129655.97
5595,715,Investment,2021-02-22,Active,116592.05
5596,1109,Investment,2024-06-05,Closed,125911.66
5597,3004,Savings,2023-05-14,Active,131566.47
5598,4087,Checking,2024-07-17,Active,133849.05
5599,1910,Investment,2022-03-15,Closed,128316.39
5600,3990,Credit Card,2023-07-20,Active,127110.94
5601,275,Credit Card,2025-11-02,Active,88018.75
5602,1000,Checking,2025-03-15,Active,147944.52
5603,451,Savings,2021-01-26,Active,5758.4
5604,2012,Savings,2022-11-18,Closed,110532.9
5605,929,Savings,2023-09-22,Active,122422.54
5606,435,Checking,2022-03-09,Active,65852.83
5607,3233,Investment,2022-07-31,Active,14918.38
5608,4109,Investment,2022-07-01,Closed,107563.7
5609,3826,Credit Card,2023-12-14,Active,128106.18
5610,4028,Credit Card,2024-06-22,Closed,105235.29
5611,3909,Checking,2021-06-24,Active,131132.93
5612,710,Credit Card,2023-07-28,Closed,10521.94
5613,444,Savings,2023-02-09,Active,95973.25
5614,4679,Credit Card,2025-07-03,Active,3602.29
5615,1673,Investment,2021-09-30,Closed,59176.08
5616,3487,Credit Card,2024-01-16,Active,3152.17
5617,1876,Investment,2022-01-19,Active,9540.35
5618,1871,Credit Card,2021-04-12,Active,39598.3
5619,792,Savings,2022-07-13,Active,110282.88
5620,3335,Checking,2023-02-05,Active,32792.24
5621,1457,Credit Card,2025-09-15,Active,71719.82
5622,435,Investment,2022-05-25,Active,149076.89
5623,4424,Savings,2022-07-08,Closed,8533.73
5624,2600,Investment,2022-02-26,Closed,60065.43
5625,1176,Investment,2024-11-23,Closed,73891.63
5626,1248,Savings,2021-08-21,Active,45353.19
5627,2629,Checking,2023-04-08,Active,108328.09
5628,988,Savings,2022-12-07,Active,102751.34
5629,2492,Credit Card,2024-02-18,Active,146989.13
5630,544,Checking,2022-01-01,Active,78210.63
5631,2718,Checking,2024-03-27,Active,7636.07
5632,242,Savings,2025-11-12,Active,16048.26
5633,3696,Savings,2021-03-07,Closed,107600.56
5634,1502,Investment,2022-05-14,Active,33050.51
5635,1676,Savings,2022-09-05,Active,9859.64
5636,3604,Investment,2021-09-11,Closed,24786.15
5637,614,Investment,2025-04-05,Closed,91028.67
5638,2412,Savings,2025-01-30,Active,15232.65
5639,849,Savings,2023-10-11,Closed,133905.0
5640,4440,Savings,2025-04-20,Active,106426.24
5641,712,Credit Card,2023-09-11,Active,109940.03
5642,4017,Investment,2024-11-01,Active,12486.53
5643,1178,Checking,2022-07-15,Active,88223.85
5644,658,Investment,2024-06-28,Active,14263.66
5645,3248,Savings,2023-03-15,Closed,14239.94
5646,2875,Checking,2023-09-19,Closed,47803.89
5647,4353,Investment,2024-11-12,Closed,24854.88
5648,1755,Credit Card,2023-06-24,Closed,69642.23
5649,3794,Savings,2021-09-09,Active,86495.71
5650,4676,Checking,2022-02-04,Closed,57262.79
5651,3919,Investment,2021-01-03,Active,715.91
5652,1403,Investment,2024-08-17,Closed,116342.95
5653,2267,Credit Card,2022-09-19,Active,66646.99
5654,2378,Checking,2022-02-06,Active,33302.37
5655,4466,Checking,2023-10-15,Closed,148147.19
5656,2350,Credit Card,2023-05-18,Active,110799.15
5657,719,Investment,2024-09-10,Active,90357.35
5658,4188,Credit Card,2023-09-24,Active,104967.18
5659,64,Savings,2022-03-06,Active,57024.14
5660,3299,Investment,2023-10-24,Active,97401.76
5661,1696,Credit Card,2023-08-22,Active,145531.02
5662,4024,Credit Card,2023-12-25,Active,49488.06
5663,3167,Savings,2022-10-27,Active,87208.4
5664,2136,Investment,2025-03-11,Active,31165.95
5665,4140,Savings,2021-08-17,Active,22939.34
5666,2835,Credit Card,2023-08-02,Active,39173.29
5667,1132,Investment,2021-12-02,Closed,46233.39
5668,1955,Credit Card,2024-11-18,Active,86013.26
5669,2583,Investment,2023-01-28,Active,15157.69
5670,4671,Investment,2021-11-05,Closed,27008.68
5671,2075,Investment,2023-10-04,Closed,864.91
5672,4551,Checking,2021-11-08,Closed,144288.9
5673,499,Savings,2021-04-11,Active,47760.74
5674,4327,Investment,2024-10-18,Active,17424.25
5675,3767,Savings,2024-09-03,Closed,92085.04
5676,4941,Savings,2022-05-16,Active,37242.78
5677,1604,Savings,2025-01-23,Closed,122931.06
5678,4538,Savings,2023-11-16,Closed,78539.58
5679,4337,Credit Card,2021-11-03,Active,143959.0
5680,1724,Investment,2024-02-16,Active,136702.06
5681,3104,Savings,2022-12-15,Active,37796.47
5682,305,Savings,2023-10-03,Closed,81741.3
5683,4019,Credit Card,2022-04-22,Active,17543.93
5684,4945,Checking,2023-12-07,Closed,141328.09
5685,2095,Investment,2024-05-07,Active,100200.67
5686,1709,Savings,2022-08-16,Active,9098.29
5687,3233,Savings,2023-08-08,Active,61544.69
5688,3555,Checking,2022-01-15,Active,67703.75
5689,3608,Investment,2023-07-25,Closed,144293.2
5690,1876,Investment,2024-12-07,Active,80149.77
5691,554,Checking,2024-05-31,Active,97983.14
5692,3587,Investment,2022-06-27,Active,32972.62
5693,2962,Investment,2022-03-18,Active,6914.03
5694,3478,Credit Card,2021-11-20,Active,58493.11
5695,454,Savings,2024-12-23,Active,23138.15
5696,4556,Investment,2024-11-20,Closed,28576.93
5697,2869,Credit Card,2021-08-11,Active,92309.64
5698,3350,Investment,2025-03-25,Active,32115.48
5699,4754,Checking,2022-09-09,Closed,36113.61
5700,2985,Savings,2023-08-26,Active,70332.43
5701,1671,Credit Card,2024-05-12,Closed,114939.09
5702,3251,Credit Card,2024-09-14,Active,2181.17
5703,1146,Credit Card,2024-02-07,Active,76464.25
5704,2908,Checking,2023-12-11,Active,87051.89
5705,4824,Investment,2023-11-13,Closed,134957.06
5706,4657,Credit Card,2021-11-26,Active,103667.91
5707,2677,Credit Card,2021-05-13,Active,46913.68
5708,3828,Savings,2025-03-12,Active,108264.84
5709,3996,Credit Card,2023-02-07,Active,125533.45
5710,2635,Investment,2022-04-26,Active,92984.02
5711,3210,Checking,2021-07-25,Closed,75170.59
5712,4702,Investment,2024-05-24,Closed,21791.75
5713,1317,Investment,2021-10-17,Active,130602.98
5714,3104,Checking,2025-02-04,Active,140181.15
5715,1942,Checking,2021-03-11,Active,74768.33
5716,1113,Credit Card,2023-08-01,Active,128482.04
5717,3902,Investment,2025-09-22,Closed,114715.69
5718,3580,Savings,2024-11-21,Active,134619.31
5719,887,Credit Card,2022-06-01,Active,130690.49
5720,3092,Checking,2024-08-22,Active,139631.47
5721,4225,Checking,2025-11-23,Active,114370.19
5722,308,Credit Card,2023-10-17,Active,8672.2
5723,3298,Checking,2024-06-07,Active,55209.24
5724,2838,Savings,2024-03-10,Active,129810.08
5725,2117,Credit Card,2022-06-09,Active,141606.43
5726,2775,Savings,2022-01-10,Active,19511.78
5727,2488,Credit Card,2025-03-02,Active,115134.98
5728,1553,Credit Card,2024-06-27,Active,136535.56
5729,3294,Savings,2024-03-01,Active,140695.68
5730,1954,Checking,2024-02-04,Active,65375.79
5731,2680,Checking,2024-04-17,Closed,2482.42
5732,3567,Credit Card,2024-05-09,Active,2446.34
5733,3534,Savings,2025-08-11,Closed,135565.78
5734,522,Savings,2025-07-13,Closed,44044.75
5735,4117,Checking,2024-08-20,Active,68279.96
5736,1563,Investment,2021-02-20,Active,125006.58
5737,1191,Credit Card,2021-05-22,Active,20284.19
5738,3612,Investment,2025-07-08,Active,76044.4
5739,1922,Savings,2021-01-16,Active,8932.97
5740,1184,Credit Card,2021-06-03,Active,48402.58
5741,428,Savings,2024-02-21,Active,85857.95
5742,1227,Investment,2024-08-29,Active,39769.73
5743,4476,Investment,2022-12-26,Active,39884.95
5744,4519,Credit Card,2021-05-20,Active,144218.97
5745,4868,Savings,2025-11-25,Closed,53304.72
5746,2522,Checking,2023-07-30,Active,135718.58
5747,422,Credit Card,2024-11-08,Active,76797.03
5748,2508,Investment,2023-12-21,Active,50769.73
5749,3118,Savings,2021-11-10,Active,128756.16
5750,388,Credit Card,2025-09-04,Closed,149489.95
5751,4788,Credit Card,2024-08-21,Active,94108.91
5752,886,Checking,2023-01-09,Active,21209.99
5753,1812,Checking,2022-11-17,Closed,59512.51
5754,3072,Investment,2025-10-27,Closed,125531.85
5755,2950,Credit Card,2021-03-01,Active,125246.82
5756,2956,Credit Card,2024-08-11,Closed,64515.75
5757,3971,Savings,2024-01-07,Closed,86153.63
5758,2037,Checking,2024-04-10,Active,73383.32
5759,1850,Savings,2023-08-04,Active,105888.78
5760,2668,Savings,2025-11-16,Active,104238.96
5761,4641,Investment,2025-02-07,Active,89077.22
5762,221,Investment,2021-10-10,Closed,136024.53
5763,2229,Checking,2023-10-16,Active,28500.13
5764,1867,Checking,2021-12-11,Active,11603.33
5765,4759,Savings,2021-04-11,Closed,97381.21
5766,1095,Investment,2022-04-26,Closed,29225.89
5767,4524,Savings,2021-08-12,Active,1611.69
5768,4402,Checking,2022-05-14,Active,55814.22
5769,1332,Investment,2022-05-27,Active,31489.13
5770,3162,Savings,2022-03-21,Active,77488.53
5771,2165,Savings,2024-07-20,Active,62818.49
5772,3305,Investment,2024-02-06,Closed,114181.63
5773,280,Credit Card,2025-03-12,Active,5190.48
5774,2952,Credit Card,2024-02-14,Active,81899.12
5775,2684,Credit Card,2023-08-19,Active,136973.39
5776,2573,Savings,2022-07-07,Active,68381.47
5777,873,Checking,2024-02-21,Closed,68387.1
5778,2243,Checking,2024-06-22,Active,132047.01
5779,4257,Checking,2025-11-20,Active,100621.03
5780,936,Credit Card,2022-08-28,Closed,61248.26
5781,4888,Credit Card,2024-09-09,Active,17023.0
5782,764,Checking,2021-03-14,Closed,137847.29
5783,3400,Savings,2025-09-24,Closed,58937.85
5784,4394,Credit Card,2024-02-08,Active,128572.5
5785,2570,Credit Card,2024-09-28,Active,116702.94
5786,3269,Investment,2022-03-27,Closed,64121.13
5787,2954,Credit Card,2024-05-22,Active,25718.26
5788,1873,Credit Card,2022-07-19,Active,35332.28
5789,4597,Investment,2021-07-29,Active,28090.09
5790,3515,Credit Card,2022-07-06,Active,79210.63
5791,3212,Credit Card,2021-07-18,Closed,133031.11
5792,4495,Savings,2023-11-25,Closed,33079.54
5793,2746,Checking,2024-01-06,Active,112904.08
5794,1645,Credit Card,2021-06-27,Active,94677.26
5795,633,Savings,2024-10-19,Active,64930.52
5796,896,Checking,2023-06-29,Active,73029.42
5797,2372,Savings,2023-08-31,Active,46354.21
5798,4733,Savings,2025-06-04,Closed,26036.21
5799,1440,Checking,2022-04-10,Closed,114666.33
5800,624,Investment,2024-06-03,Active,132228.47
5801,2837,Credit Card,2023-12-06,Active,99398.39
5802,985,Credit Card,2022-03-18,Closed,46009.7
5803,4324,Credit Card,2023-07-06,Closed,41443.46
5804,3700,Investment,2022-02-04,Active,86418.58
5805,3440,Investment,2021-08-02,Active,61395.29
5806,3599,Checking,2023-09-21,Closed,19143.45
5807,1990,Credit Card,2025-02-26,Active,22825.18
5808,1019,Checking,2021-06-26,Active,39474.8
5809,2566,Savings,2021-06-09,Active,16118.34
5810,1060,Investment,2023-11-19,Active,47035.83
5811,2058,Checking,2021-01-13,Closed,126812.14
5812,714,Investment,2024-10-05,Active,133667.37
5813,3119,Checking,2022-05-31,Active,46237.63
5814,1740,Investment,2022-05-18,Active,126550.69
5815,165,Credit Card,2021-07-17,Closed,92146.84
5816,2262,Checking,2023-06-11,Closed,102889.82
5817,2448,Credit Card,2021-06-06,Closed,34571.09
5818,3893,Credit Card,2023-05-22,Active,108713.03
5819,727,Credit Card,2022-02-17,Active,94578.87
5820,4152,Checking,2021-05-21,Active,73300.99
5821,4701,Investment,2023-02-06,Active,98719.59
5822,2451,Checking,2022-12-08,Active,87639.78
5823,809,Credit Card,2022-07-27,Active,80066.36
5824,1552,Investment,2024-01-17,Active,57857.22
5825,298,Investment,2025-11-21,Active,89417.69
5826,3493,Checking,2025-01-27,Active,80497.2
5827,1977,Checking,2023-12-02,Closed,124252.61
5828,2548,Savings,2023-12-21,Closed,107171.02
5829,1601,Checking,2024-08-28,Active,68623.39
5830,144,Credit Card,2025-06-02,Closed,41683.3
5831,2789,Savings,2021-01-07,Active,99618.09
5832,3094,Checking,2024-10-07,Active,53963.83
5833,1019,Checking,2024-10-12,Active,125876.3
5834,3928,Savings,2022-04-18,Active,4764.68
5835,4039,Investment,2024-07-30,Active,107317.31
5836,1137,Investment,2025-07-13,Active,25365.98
5837,4066,Investment,2022-03-31,Active,9357.95
5838,1701,Investment,2021-10-27,Active,50126.58
5839,394,Investment,2022-06-18,Active,53817.4
5840,2682,Savings,2025-09-24,Active,63039.51
5841,2999,Savings,2022-06-17,Active,144817.17
5842,2818,Savings,2025-10-30,Closed,133349.61
5843,2501,Credit Card,2025-09-24,Active,29613.45
5844,2841,Investment,2025-07-16,Active,22187.47
5845,486,Investment,2024-07-21,Active,107394.69
5846,4998,Investment,2024-02-25,Active,70324.29
5847,91,Credit Card,2024-12-05,Active,39125.58
5848,1986,Investment,2021-08-23,Active,14123.61
5849,565,Checking,2024-05-30,Active,65414.32
5850,3440,Checking,2022-09-28,Active,104871.28
5851,2364,Savings,2025-08-20,Closed,6587.98
5852,3382,Savings,2021-09-18,Active,28806.22
5853,2128,Credit Card,2022-02-22,Closed,91577.89
5854,1538,Credit Card,2024-01-07,Active,55408.76
5855,4607,Savings,2024-03-03,Active,49242.79
5856,3954,Investment,2022-07-25,Active,26803.22
5857,2219,Investment,2024-06-29,Closed,53627.51
5858,3001,Checking,2022-10-07,Active,77479.55
5859,4204,Credit Card,2024-10-10,Closed,30676.26
5860,1542,Investment,2023-05-27,Closed,63801.63
5861,3720,Savings,2021-04-30,Active,110411.44
5862,642,Savings,2021-12-10,Active,37185.59
5863,4226,Credit Card,2023-10-07,Active,96330.33
5864,2145,Checking,2022-01-01,Active,43442.89
5865,4189,Credit Card,2022-03-16,Active,101546.69
5866,2717,Investment,2025-03-26,Active,84802.75
5867,4313,Savings,2024-12-29,Closed,132892.84
5868,1641,Savings,2024-02-25,Active,23028.31
5869,2346,Checking,2022-03-17,Active,140766.0
5870,2039,Credit Card,2025-03-28,Active,144688.65
5871,2884,Investment,2021-05-10,Active,102201.43
5872,2348,Investment,2025-06-06,Closed,141861.04
5873,175,Investment,2025-05-30,Active,145832.49
5874,2096,Checking,2023-08-22,Active,71635.76
5875,2629,Checking,2023-05-01,Active,82058.65
5876,630,Savings,2021-03-21,Active,24769.06
5877,841,Savings,2025-01-05,Active,87528.14
5878,2977,Savings,2021-08-07,Active,129094.7
5879,3421,Savings,2024-05-06,Active,29058.96
5880,4551,Credit Card,2022-12-29,Active,39632.71
5881,1037,Investment,2021-12-03,Active,94372.41
5882,3379,Savings,2025-03-04,Active,44598.36
5883,2617,Investment,2022-02-20,Active,50743.3
5884,298,Credit Card,2022-07-01,Active,125293.43
5885,3218,Investment,2023-09-28,Closed,82792.11
5886,265,Checking,2025-04-18,Active,96010.64
5887,4961,Savings,2021-07-25,Active,63696.2
5888,2446,Savings,2022-01-17,Active,106086.38
5889,3222,Credit Card,2022-01-25,Active,119067.95
5890,3396,Checking,2024-06-04,Active,29242.02
5891,3170,Savings,2025-08-12,Active,5747.08
5892,2796,Checking,2023-06-30,Closed,37477.58
5893,1641,Checking,2024-12-11,Active,44345.77
5894,2774,Investment,2021-10-09,Closed,65837.48
5895,1325,Investment,2024-07-14,Active,131981.97
5896,1764,Investment,2022-11-07,Active,3774.23
5897,4779,Checking,2022-04-22,Closed,76569.97
5898,642,Credit Card,2024-05-13,Active,72514.57
5899,4594,Investment,2023-06-14,Closed,85640.75
5900,4971,Savings,2024-03-05,Active,149787.66
5901,1011,Credit Card,2024-07-09,Closed,41294.46
5902,965,Savings,2021-12-21,Active,89994.43
5903,72,Savings,2021-03-15,Active,14111.18
5904,2760,Investment,2021-08-20,Active,78196.99
5905,3248,Investment,2022-03-22,Active,50318.83
5906,1661,Investment,2021-12-06,Active,20019.52
5907,4859,Investment,2024-05-23,Closed,144437.55
5908,4110,Credit Card,2023-06-06,Active,32273.3
5909,729,Savings,2023-02-28,Active,9376.23
5910,3319,Checking,2022-12-28,Active,105265.64
5911,2074,Investment,2025-09-22,Active,118165.66
5912,3298,Credit Card,2025-02-12,Active,112483.23
5913,641,Credit Card,2021-02-07,Active,66122.64
5914,544,Checking,2024-09-19,Active,102208.59
5915,1179,Credit Card,2023-08-03,Closed,6702.98
5916,4472,Credit Card,2024-03-30,Closed,91668.79
5917,4980,Credit Card,2022-01-23,Active,30969.61
5918,1320,Checking,2022-01-21,Active,85322.1
5919,2732,Checking,2021-12-09,Active,52169.67
5920,4491,Checking,2023-06-07,Closed,21272.6
5921,41,Checking,2025-03-30,Active,102478.19
5922,392,Checking,2024-08-30,Active,19057.42
5923,2474,Checking,2025-03-07,Active,818.76
5924,489,Credit Card,2024-02-18,Active,99952.4
5925,1984,Credit Card,2024-10-13,Closed,94572.47
5926,1324,Investment,2024-05-16,Active,117647.93
5927,2087,Savings,2021-05-28,Active,120660.08
5928,2484,Savings,2023-07-16,Active,103967.4
5929,1796,Savings,2024-12-03,Active,51415.51
5930,4913,Investment,2025-01-22,Active,127163.88
5931,1037,Checking,2022-06-04,Active,68305.68
5932,2265,Credit Card,2021-10-11,Active,139400.35
5933,3279,Credit Card,2023-12-18,Active,68104.54
5934,3544,Savings,2023-10-28,Active,85474.4
5935,4490,Checking,2024-08-19,Active,23285.75
5936,3148,Checking,2023-03-10,Active,132616.43
5937,4399,Investment,2021-03-22,Active,24628.88
5938,4981,Investment,2025-04-10,Active,91305.57
5939,2023,Checking,2023-01-04,Active,93600.89
5940,613,Credit Card,2023-08-19,Active,35742.23
5941,3604,Savings,2021-04-23,Active,134349.03
5942,1960,Investment,2023-10-19,Active,79941.89
5943,422,Savings,2022-09-24,Closed,114619.81
5944,2832,Investment,2024-02-02,Active,115412.33
5945,1625,Checking,2023-08-15,Closed,21184.41
5946,941,Savings,2022-10-25,Active,34460.92
5947,61,Savings,2022-02-13,Active,142684.55
5948,4714,Investment,2025-07-13,Active,67033.38
5949,2060,Savings,2021-05-18,Active,10957.31
5950,823,Checking,2023-01-01,Closed,75721.31
5951,4999,Credit Card,2022-08-19,Active,21581.84
5952,3542,Checking,2022-02-09,Active,45743.65
5953,1739,Checking,2021-02-06,Active,96483.64
5954,2550,Checking,2024-11-17,Active,11873.09
5955,3121,Credit Card,2024-08-04,Active,128900.5
5956,3107,Investment,2023-06-04,Active,31469.74
5957,2508,Savings,2023-05-08,Active,12978.68
5958,2470,Savings,2022-10-28,Active,77498.16
5959,1112,Savings,2022-03-12,Active,103197.53
5960,2530,Credit Card,2023-11-14,Active,123668.45
5961,4880,Savings,2023-07-05,Active,89615.32
5962,3329,Investment,2022-12-29,Closed,47634.98
5963,1966,Savings,2024-08-06,Active,26854.48
5964,4977,Checking,2023-10-14,Closed,44482.91
5965,3549,Checking,2022-08-14,Active,29843.69
5966,626,Credit Card,2022-10-25,Active,23756.82
5967,2141,Savings,2023-08-01,Active,132585.57
5968,3708,Checking,2022-11-16,Active,60281.99
5969,1162,Checking,2023-10-16,Active,97785.84
5970,4679,Credit Card,2021-08-24,Active,129915.84
5971,2837,Investment,2021-09-14,Closed,30550.5
5972,3387,Savings,2022-09-02,Closed,139917.99
5973,608,Investment,2022-01-19,Active,102789.72
5974,2334,Investment,2022-02-20,Closed,63017.74
5975,3941,Investment,2024-06-05,Closed,99037.66
5976,3194,Savings,2023-09-09,Closed,89580.82
5977,3346,Savings,2024-12-23,Active,133901.46
5978,730,Savings,2024-11-16,Active,33479.46
5979,4000,Savings,2024-06-13,Active,124564.3
5980,10,Investment,2021-12-17,Closed,18533.55
5981,4643,Checking,2023-02-28,Active,128580.53
5982,2320,Checking,2024-06-30,Active,18384.52
5983,3766,Investment,2022-12-28,Active,146213.43
5984,341,Savings,2025-06-19,Active,87682.55
5985,2673,Savings,2024-11-16,Closed,4872.74
5986,3431,Savings,2023-11-22,Active,145618.38
5987,3756,Credit Card,2024-03-05,Closed,11208.89
5988,694,Checking,2025-03-23,Closed,57689.16
5989,3020,Savings,2024-06-13,Active,24124.61
5990,2764,Checking,2023-07-15,Active,119629.91
5991,355,Checking,2023-05-18,Active,8699.55
5992,1824,Investment,2022-08-08,Active,12213.56
5993,404,Investment,2021-10-09,Active,4165.22
5994,1139,Credit Card,2022-04-25,Active,105483.53
5995,798,Savings,2024-11-22,Active,147241.95
5996,289,Savings,2023-08-10,Active,29951.74
5997,1677,Credit Card,2022-05-12,Active,33776.91
5998,4722,Credit Card,2024-01-13,Active,16281.8
5999,983,Investment,2022-05-09,Closed,137942.62
6000,1996,Investment,2024-01-14,Active,66131.16
6001,3833,Investment,2023-03-10,Active,37256.67
6002,63,Credit Card,2024-07-24,Active,19970.37
6003,3140,Investment,2025-07-17,Active,16055.75
6004,2095,Credit Card,2024-11-06,Closed,51151.77
6005,2219,Checking,2022-02-10,Closed,23706.1
6006,191,Checking,2023-02-22,Active,101552.72
6007,4564,Credit Card,2024-07-26,Active,88347.29
6008,3597,Checking,2021-10-17,Active,126523.14
6009,4211,Checking,2021-06-12,Active,2009.49
6010,39,Credit Card,2023-11-27,Active,138352.62
6011,1790,Checking,2024-04-13,Active,134815.07
6012,4745,Checking,2024-12-15,Active,105262.2
6013,3589,Investment,2024-04-25,Active,133977.07
6014,174,Credit Card,2024-07-05,Active,149802.84
6015,2291,Credit Card,2024-03-16,Active,130267.29
6016,2318,Savings,2022-05-05,Closed,14974.31
6017,4839,Checking,2021-12-07,Active,106070.95
6018,2302,Credit Card,2024-08-23,Active,119529.85
6019,3354,Investment,2021-06-27,Active,146853.15
6020,3347,Savings,2025-07-15,Active,124714.59
6021,4257,Credit Card,2025-02-26,Active,141694.32
6022,3505,Savings,2022-04-22,Active,76137.47
6023,1605,Checking,2023-10-01,Active,72675.36
6024,2411,Checking,2021-06-06,Active,71636.79
6025,1301,Investment,2021-12-25,Active,90346.46
6026,1001,Credit Card,2025-01-11,Active,54338.61
6027,4376,Credit Card,2022-03-07,Active,120469.95
6028,1920,Investment,2022-10-07,Active,148999.38
6029,972,Credit Card,2023-04-23,Active,107326.68
6030,3364,Credit Card,2025-08-12,Closed,16405.24
6031,1558,Checking,2021-12-16,Active,116519.49
6032,1457,Checking,2025-09-01,Active,78451.56
6033,2793,Checking,2024-11-04,Active,82861.58
6034,4307,Checking,2021-06-16,Active,14515.68
6035,3146,Savings,2021-04-04,Active,115002.61
6036,3037,Credit Card,2022-05-27,Closed,76651.11
6037,4180,Checking,2024-04-27,Active,117796.37
6038,395,Checking,2024-01-07,Active,104140.85
6039,2758,Savings,2023-05-29,Active,60166.82
6040,3134,Checking,2023-03-21,Active,68221.92
6041,3253,Savings,2024-02-23,Closed,79537.14
6042,4545,Credit Card,2024-02-13,Closed,77131.33
6043,3768,Checking,2021-07-03,Active,126640.75
6044,4357,Credit Card,2022-04-16,Closed,100589.33
6045,3635,Checking,2025-03-11,Active,146238.23
6046,104,Credit Card,2024-08-20,Closed,35272.84
6047,14,Checking,2024-07-08,Active,149680.22
6048,1349,Savings,2021-07-13,Active,105793.53
6049,2442,Savings,2025-09-14,Active,94545.88
6050,757,Credit Card,2025-08-29,Active,3625.95
6051,2422,Investment,2022-09-26,Closed,80112.44
6052,4823,Savings,2022-08-31,Active,84611.99
6053,1811,Checking,2022-09-08,Active,139503.24
6054,4840,Investment,2023-07-14,Active,37388.12
6055,2947,Checking,2021-01-15,Active,16046.89
6056,2983,Checking,2021-07-02,Active,94628.82
6057,1757,Investment,2021-02-23,Closed,128909.11
6058,578,Checking,2023-09-04,Closed,105574.77
6059,871,Investment,2023-03-06,Active,128293.32
6060,2547,Savings,2025-06-19,Active,139703.92
6061,4278,Savings,2023-09-28,Active,115371.79
6062,581,Checking,2023-11-15,Closed,86326.96
6063,4951,Savings,2021-10-14,Active,38534.5
6064,2098,Credit Card,2021-04-25,Active,66270.02
6065,2533,Investment,2023-10-18,Active,12899.8
6066,1823,Investment,2025-05-18,Active,97693.82
6067,3308,Checking,2021-11-09,Active,61520.82
6068,2233,Credit Card,2024-04-11,Active,71821.66
6069,1291,Savings,2025-11-05,Active,134194.49
6070,235,Investment,2021-05-09,Active,104963.97
6071,3198,Investment,2023-05-18,Active,122753.63
6072,1100,Credit Card,2021-07-24,Active,126424.56
6073,4208,Checking,2022-05-28,Active,72472.76
6074,3000,Investment,2024-11-21,Active,124130.66
6075,1302,Investment,2025-08-31,Active,58547.1
6076,2839,Credit Card,2023-02-26,Active,102248.1
6077,2585,Investment,2023-03-21,Closed,68903.8
6078,2746,Checking,2023-07-28,Active,123415.88
6079,1150,Investment,2021-03-21,Active,16132.7
6080,145,Credit Card,2024-11-19,Active,114897.91
6081,4667,Investment,2023-05-16,Active,120698.48
6082,3353,Credit Card,2022-01-09,Active,21018.56
6083,3772,Checking,2023-05-13,Active,4727.44
6084,1947,Credit Card,2022-01-20,Active,80559.13
6085,4225,Checking,2023-05-06,Closed,101008.17
6086,4232,Savings,2025-02-25,Active,122959.1
6087,1673,Savings,2022-07-28,Active,89103.78
6088,4064,Credit Card,2024-01-12,Active,20051.6
6089,1015,Checking,2024-11-16,Active,106939.05
6090,1795,Savings,2024-04-08,Active,84982.52
6091,2299,Checking,2021-01-16,Active,73753.21
6092,3444,Credit Card,2022-12-07,Active,16352.35
6093,2491,Credit Card,2021-03-28,Closed,50257.84
6094,4,Credit Card,2021-10-31,Closed,82466.02
6095,306,Checking,2024-10-09,Active,91782.44
6096,1172,Investment,2024-10-29,Active,41049.5
6097,1581,Checking,2023-03-20,Active,77692.3
6098,1581,Investment,2025-04-23,Active,79829.32
6099,4431,Investment,2022-01-20,Active,61581.1
6100,3397,Investment,2021-06-12,Active,58633.44
6101,3647,Investment,2024-10-07,Active,68584.74
6102,3750,Savings,2022-10-14,Closed,107520.51
6103,4674,Credit Card,2024-12-18,Active,103496.03
6104,814,Credit Card,2023-01-03,Closed,138807.81
6105,4459,Checking,2025-02-01,Active,14895.24
6106,1133,Credit Card,2022-06-13,Active,119341.21
6107,3870,Credit Card,2021-03-14,Active,118992.11
6108,3871,Credit Card,2022-11-23,Active,48654.92
6109,1336,Credit Card,2022-06-28,Active,81749.23
6110,4397,Investment,2023-12-28,Closed,77730.94
6111,4848,Credit Card,2025-01-05,Active,15662.64
6112,4703,Savings,2021-08-20,Closed,9804.27
6113,2281,Checking,2025-09-13,Active,131412.72
6114,180,Savings,2021-07-27,Active,125527.92
6115,4407,Credit Card,2025-10-25,Active,83039.84
6116,1430,Checking,2024-01-23,Active,2989.27
6117,3199,Credit Card,2021-12-29,Closed,80175.8
6118,1606,Credit Card,2025-06-18,Closed,139084.83
6119,1516,Investment,2022-03-18,Active,72487.51
6120,1862,Checking,2022-04-22,Active,36663.83
6121,2610,Credit Card,2025-05-10,Active,59816.81
6122,4097,Savings,2022-08-04,Active,125347.47
6123,345,Credit Card,2025-11-08,Active,143767.95
6124,3171,Investment,2024-02-26,Active,73332.89
6125,1542,Investment,2021-04-28,Active,86147.97
6126,623,Credit Card,2024-11-24,Closed,67164.42
6127,559,Checking,2023-08-12,Active,18156.29
6128,325,Credit Card,2022-03-18,Closed,109498.11
6129,1336,Investment,2022-10-15,Closed,20382.72
6130,465,Checking,2025-01-27,Active,79237.63
6131,2839,Credit Card,2023-07-19,Active,3984.11
6132,449,Credit Card,2025-04-17,Active,41490.23
6133,2822,Investment,2023-05-24,Active,6668.82
6134,3067,Investment,2025-01-29,Active,74782.63
6135,3554,Savings,2021-11-13,Active,24982.78
6136,3695,Savings,2022-10-16,Active,84885.45
6137,180,Savings,2022-10-19,Closed,4871.09
6138,1859,Investment,2024-08-07,Closed,105510.14
6139,237,Investment,2024-09-24,Active,1219.03
6140,1774,Credit Card,2021-11-09,Active,124717.46
6141,1154,Investment,2022-04-11,Closed,137527.75
6142,3445,Investment,2023-10-04,Active,140360.2
6143,3179,Credit Card,2025-11-08,Active,124698.26
6144,2272,Credit Card,2021-08-28,Active,23853.29
6145,4601,Checking,2024-05-22,Closed,66475.49
6146,3902,Credit Card,2025-11-14,Closed,119078.93
6147,4339,Investment,2022-11-25,Active,59474.37
6148,2452,Checking,2023-01-21,Active,41917.17
6149,3674,Savings,2024-03-08,Active,58194.9
6150,1044,Credit Card,2025-10-02,Active,60077.57
6151,1183,Investment,2022-01-11,Active,49272.5
6152,709,Investment,2024-02-02,Closed,79779.1
6153,1971,Checking,2022-06-16,Active,43054.95
6154,3920,Investment,2024-09-24,Closed,45436.11
6155,3339,Savings,2025-05-12,Closed,99010.91
6156,634,Savings,2021-02-07,Active,78819.16
6157,3595,Savings,2025-10-13,Closed,73224.44
6158,4658,Checking,2023-05-07,Closed,100271.21
6159,4142,Investment,2025-06-16,Closed,100308.86
6160,2317,Savings,2025-02-04,Active,49911.42
6161,250,Credit Card,2024-09-23,Closed,80480.71
6162,2426,Savings,2023-04-07,Active,123527.39
6163,3320,Credit Card,2022-03-05,Closed,49903.67
6164,4353,Investment,2025-01-17,Active,115898.9
6165,2836,Checking,2022-04-22,Active,10020.21
6166,588,Savings,2024-10-17,Active,94479.61
6167,4111,Investment,2024-08-07,Active,79981.17
6168,3524,Investment,2024-09-15,Active,118282.04
6169,2077,Investment,2023-06-14,Active,117608.49
6170,840,Checking,2023-10-10,Active,85217.57
6171,3398,Checking,2023-08-07,Active,149363.98
6172,2743,Savings,2023-01-27,Active,58454.88
6173,638,Savings,2025-02-20,Active,149236.18
6174,3065,Savings,2022-11-17,Active,107880.23
6175,4598,Savings,2023-07-16,Active,17654.32
6176,4449,Savings,2022-05-04,Active,141132.76
6177,1474,Investment,2021-11-22,Active,12840.02
6178,662,Checking,2023-10-22,Active,21897.29
6179,2278,Checking,2024-05-15,Active,108112.53
6180,4372,Investment,2022-06-05,Active,122423.41
6181,2727,Investment,2023-01-08,Closed,37366.6
6182,1775,Savings,2021-11-03,Active,132575.45
6183,560,Savings,2022-01-21,Active,82694.59
6184,1975,Investment,2023-05-02,Active,93740.1
6185,2040,Checking,2023-01-04,Active,58811.36
6186,4227,Investment,2025-07-23,Active,21162.29
6187,3713,Credit Card,2022-10-09,Active,64335.25
6188,3885,Savings,2021-08-08,Closed,8473.16
6189,1177,Credit Card,2022-06-16,Closed,127473.34
6190,4303,Credit Card,2022-07-21,Active,90483.7
6191,3110,Checking,2023-03-29,Active,70371.96
6192,1626,Investment,2021-04-22,Active,138326.62
6193,3488,Investment,2022-08-19,Active,75554.46
6194,4358,Investment,2024-03-05,Active,147900.01
6195,2195,Credit Card,2025-04-04,Closed,136234.25
6196,1987,Savings,2021-06-18,Active,119605.31
6197,352,Savings,2024-04-01,Closed,46204.43
6198,2013,Checking,2024-11-04,Active,102972.39
6199,1174,Checking,2021-10-11,Active,143655.9
6200,607,Checking,2022-11-30,Active,96991.66
6201,4160,Checking,2022-12-26,Active,57800.65
6202,2285,Credit Card,2021-03-07,Active,126112.48
6203,3177,Credit Card,2024-10-02,Active,149438.6
6204,4003,Checking,2021-01-17,Closed,74974.74
6205,3046,Checking,2021-06-08,Active,31243.49
6206,1298,Investment,2025-01-25,Active,71633.64
6207,2351,Investment,2025-04-06,Active,36355.16
6208,3492,Credit Card,2023-08-16,Active,63620.66
6209,1796,Checking,2021-06-08,Active,21478.96
6210,1901,Credit Card,2024-01-21,Active,36784.57
6211,3561,Savings,2023-09-13,Active,112174.9
6212,4490,Savings,2022-12-04,Active,93335.15
6213,2275,Credit Card,2025-04-10,Closed,82056.33
6214,1136,Savings,2022-07-10,Active,136774.02
6215,655,Credit Card,2021-11-02,Active,141337.62
6216,4111,Savings,2024-06-10,Active,103553.55
6217,172,Checking,2023-09-05,Active,17104.64
6218,2703,Checking,2023-08-16,Closed,67854.56
6219,480,Investment,2023-07-26,Active,126326.51
6220,2459,Credit Card,2022-06-04,Active,110551.17
6221,3842,Investment,2022-10-30,Active,15913.98
6222,903,Investment,2023-02-05,Closed,32028.09
6223,340,Credit Card,2021-09-25,Active,58387.02
6224,2423,Investment,2022-10-12,Active,85997.73
6225,2292,Credit Card,2023-05-26,Active,77275.6
6226,816,Checking,2025-07-12,Active,29260.25
6227,2837,Credit Card,2024-02-11,Closed,20718.57
6228,1560,Savings,2024-10-27,Closed,52820.92
6229,1535,Checking,2023-10-03,Active,58635.94
6230,1510,Checking,2021-08-15,Active,35682.07
6231,3596,Savings,2025-07-26,Active,73547.89
6232,3562,Credit Card,2023-04-29,Closed,6757.53
6233,2564,Checking,2024-03-31,Active,84698.39
6234,3316,Credit Card,2024-09-19,Active,111895.38
6235,1964,Investment,2022-12-09,Active,28741.52
6236,2731,Checking,2025-06-03,Active,11434.97
6237,634,Checking,2025-11-01,Closed,1302.78
6238,362,Checking,2021-01-09,Active,27227.81
6239,452,Savings,2023-01-06,Active,112595.08
6240,349,Savings,2024-01-15,Active,57830.43
6241,404,Checking,2023-12-20,Active,63987.81
6242,581,Investment,2025-10-06,Active,125451.49
6243,128,Checking,2025-11-06,Active,70789.42
6244,4396,Credit Card,2022-01-07,Closed,123754.0
6245,4631,Checking,2024-06-11,Active,135731.9
6246,1569,Checking,2024-03-08,Closed,63097.8
6247,478,Investment,2025-02-16,Active,69576.22
6248,3520,Checking,2025-05-15,Active,69994.26
6249,1613,Investment,2021-09-06,Active,36174.35
6250,2854,Savings,2021-04-19,Active,135006.64
6251,2788,Investment,2021-02-01,Active,19433.27
6252,3794,Checking,2025-05-26,Active,23595.22
6253,2256,Investment,2021-06-30,Active,116799.97
6254,2572,Credit Card,2023-06-03,Closed,80760.54
6255,3104,Investment,2023-08-15,Active,62054.39
6256,984,Savings,2022-07-24,Active,1749.64
6257,42,Checking,2025-09-07,Active,32153.27
6258,3634,Savings,2022-06-23,Closed,76831.64
6259,4007,Checking,2025-02-07,Active,113809.95
6260,1969,Savings,2023-11-06,Active,143845.44
6261,1207,Savings,2022-10-28,Active,72391.68
6262,1348,Savings,2024-08-08,Active,108241.37
6263,2201,Checking,2022-11-06,Active,51675.62
6264,972,Investment,2023-08-23,Closed,55677.16
6265,4416,Investment,2023-05-14,Active,6823.84
6266,414,Checking,2021-03-15,Active,89969.24
6267,1005,Investment,2023-12-21,Active,96796.08
6268,2197,Savings,2023-10-21,Active,94011.67
6269,1689,Checking,2022-09-10,Active,8885.82
6270,3234,Investment,2024-04-20,Active,13386.19
6271,2622,Credit Card,2024-12-03,Active,101573.13
6272,392,Checking,2024-08-21,Closed,55895.31
6273,2773,Credit Card,2023-08-02,Active,142066.42
6274,1737,Savings,2021-08-13,Active,140689.0
6275,4024,Credit Card,2021-04-22,Active,38790.05
6276,4391,Credit Card,2024-07-31,Active,16257.69
6277,1623,Checking,2024-07-16,Active,76229.74
6278,2444,Checking,2025-10-13,Active,26956.44
6279,1850,Investment,2021-11-26,Active,148625.58
6280,3716,Checking,2021-04-05,Closed,129339.12
6281,3677,Savings,2022-05-27,Closed,99335.2
6282,548,Investment,2021-04-07,Active,29292.56
6283,363,Credit Card,2022-12-10,Closed,12896.44
6284,3875,Savings,2024-03-28,Active,94239.85
6285,4375,Investment,2021-11-16,Active,97269.04
6286,3937,Credit Card,2023-08-17,Closed,127472.69
6287,4898,Checking,2024-05-25,Closed,104430.46
6288,2464,Investment,2021-08-26,Closed,2097.44
6289,2945,Investment,2023-02-26,Active,13199.07
6290,4556,Savings,2022-01-18,Active,106068.47
6291,3939,Investment,2022-10-04,Active,33296.41
6292,4605,Savings,2025-07-15,Active,87981.55
6293,2636,Savings,2022-04-03,Closed,30135.08
6294,2146,Savings,2024-03-30,Closed,148279.53
6295,774,Investment,2023-11-23,Active,99060.2
6296,2620,Investment,2024-08-17,Closed,33082.95
6297,2599,Credit Card,2024-09-12,Closed,140475.51
6298,1390,Checking,2021-12-20,Closed,121477.55
6299,4652,Savings,2025-04-06,Active,116176.79
6300,4332,Savings,2025-05-04,Active,2121.13
6301,2865,Checking,2024-01-01,Closed,55551.75
6302,2013,Credit Card,2022-06-05,Active,107995.53
6303,322,Credit Card,2023-11-05,Active,43893.97
6304,4568,Savings,2024-01-24,Active,134101.36
6305,1528,Savings,2023-06-22,Closed,126926.67
6306,3625,Savings,2023-11-03,Active,7538.92
6307,4776,Savings,2025-09-07,Active,140991.81
6308,4112,Checking,2021-06-11,Closed,99491.17
6309,705,Investment,2023-10-03,Active,18321.27
6310,1851,Checking,2022-08-06,Active,8463.84
6311,4026,Savings,2025-11-21,Closed,10374.32
6312,2547,Investment,2022-10-17,Active,16269.94
6313,544,Credit Card,2023-10-26,Active,3186.64
6314,510,Checking,2021-02-27,Active,34535.38
6315,484,Savings,2025-09-04,Active,41804.84
6316,4486,Checking,2024-04-20,Active,137398.49
6317,653,Savings,2021-07-11,Active,16786.95
6318,4576,Checking,2025-11-06,Active,70177.6
6319,4031,Credit Card,2021-10-29,Active,37845.81
6320,3673,Investment,2024-12-26,Active,48684.38
6321,619,Credit Card,2023-11-27,Closed,84350.88
6322,809,Savings,2023-02-04,Active,136859.62
6323,2690,Investment,2024-06-25,Active,73364.36
6324,365,Checking,2024-07-13,Active,77543.8
6325,973,Savings,2024-05-20,Active,129923.22
6326,1837,Savings,2022-04-02,Closed,52457.65
6327,994,Investment,2024-03-06,Closed,81746.08
6328,578,Investment,2021-10-05,Closed,62008.62
6329,4754,Investment,2021-08-31,Active,109441.65
6330,3749,Investment,2025-11-16,Active,101423.15
6331,4116,Investment,2025-07-21,Closed,53585.58
6332,2429,Investment,2024-01-09,Active,126061.13
6333,3686,Credit Card,2023-06-25,Closed,73821.24
6334,3952,Checking,2022-03-15,Active,135416.22
6335,2606,Investment,2021-03-11,Active,29225.16
6336,2034,Investment,2025-05-18,Active,125760.45
6337,1835,Savings,2024-03-05,Active,70410.11
6338,2315,Checking,2024-11-16,Active,65383.54
6339,4608,Investment,2023-10-22,Active,67595.21
6340,3660,Credit Card,2022-05-19,Active,126097.22
6341,25,Credit Card,2025-03-04,Active,12662.92
6342,3768,Savings,2025-12-03,Active,10473.1
6343,1785,Credit Card,2021-01-07,Closed,102225.66
6344,4783,Checking,2021-12-09,Active,147485.93
6345,1282,Credit Card,2024-04-20,Active,116694.17
6346,4096,Savings,2023-03-27,Active,77054.08
6347,4404,Investment,2022-03-17,Active,66076.25
6348,4769,Checking,2025-01-26,Active,62906.06
6349,1544,Checking,2024-11-03,Active,111262.24
6350,1842,Credit Card,2025-05-02,Active,93885.63
6351,4612,Investment,2025-08-20,Active,133990.28
6352,3721,Credit Card,2021-01-07,Closed,73454.57
6353,916,Investment,2024-12-11,Active,44325.26
6354,4329,Credit Card,2024-07-16,Closed,36321.43
6355,1656,Credit Card,2023-05-16,Active,145503.38
6356,2054,Investment,2021-08-02,Active,94855.47
6357,3210,Savings,2023-07-22,Active,2120.0
6358,4972,Savings,2023-02-17,Closed,8992.56
6359,2021,Checking,2021-10-20,Active,131244.74
6360,3262,Investment,2023-05-19,Active,9922.09
6361,628,Investment,2023-11-13,Active,69982.69
6362,60,Credit Card,2022-07-03,Active,107605.3
6363,370,Checking,2023-09-03,Active,22902.47
6364,646,Checking,2022-05-12,Closed,5337.15
6365,287,Credit Card,2022-01-26,Closed,16793.37
6366,737,Savings,2023-08-29,Active,13939.66
6367,3953,Credit Card,2024-12-18,Active,42184.43
6368,2830,Credit Card,2023-01-16,Active,13340.71
6369,1502,Savings,2022-05-22,Active,54944.48
6370,615,Credit Card,2023-04-30,Active,52666.72
6371,3365,Savings,2023-04-12,Active,103693.02
6372,3129,Savings,2022-02-14,Closed,107390.07
6373,4170,Credit Card,2023-03-30,Active,8648.44
6374,2414,Savings,2022-06-21,Active,27314.15
6375,2598,Checking,2025-10-02,Active,147401.31
6376,718,Credit Card,2023-04-27,Active,59943.92
6377,3777,Investment,2021-02-10,Closed,92192.9
6378,3932,Checking,2023-09-22,Active,40078.93
6379,2531,Credit Card,2025-06-20,Active,41468.49
6380,2257,Investment,2024-01-27,Active,115746.41
6381,532,Credit Card,2024-11-04,Active,52241.95
6382,201,Checking,2024-03-14,Active,29852.06
6383,2877,Checking,2025-02-14,Active,6371.87
6384,3102,Savings,2022-03-04,Active,95728.78
6385,3310,Checking,2023-01-16,Active,22144.89
6386,3734,Checking,2021-06-25,Active,45234.57
6387,4775,Savings,2021-08-01,Closed,115005.51
6388,2296,Savings,2025-03-22,Active,113573.5
6389,212,Checking,2025-02-09,Active,97243.18
6390,2969,Checking,2021-04-10,Closed,128894.17
6391,1959,Savings,2024-03-06,Active,122826.36
6392,3204,Credit Card,2021-09-18,Active,20547.28
6393,4526,Credit Card,2023-05-28,Closed,112144.81
6394,981,Savings,2021-08-16,Active,146801.78
6395,886,Savings,2021-10-14,Active,132628.24
6396,3503,Savings,2021-12-21,Active,77094.21
6397,1393,Credit Card,2022-07-04,Active,62458.23
6398,4674,Investment,2021-07-02,Closed,60297.16
6399,4695,Checking,2023-06-14,Closed,93215.41
6400,700,Investment,2021-07-14,Active,92134.45
6401,1224,Savings,2022-05-01,Active,84967.57
6402,2040,Savings,2025-02-07,Active,31335.63
6403,3059,Credit Card,2022-05-22,Closed,25551.52
6404,4452,Investment,2025-10-24,Active,107894.4
6405,2901,Checking,2024-11-30,Active,107952.24
6406,230,Credit Card,2024-03-22,Active,40335.58
6407,3657,Investment,2024-09-24,Active,113528.44
6408,3516,Savings,2024-02-02,Active,12089.25
6409,1054,Credit Card,2022-08-18,Closed,82336.32
6410,793,Savings,2023-03-31,Closed,19960.69
6411,4000,Savings,2021-01-09,Closed,128064.55
6412,2334,Investment,2024-08-11,Active,21655.86
6413,1331,Savings,2022-03-22,Active,38203.99
6414,3546,Investment,2022-02-14,Active,59215.09
6415,644,Credit Card,2021-11-21,Active,16052.15
6416,2805,Investment,2021-10-07,Active,71783.9
6417,61,Credit Card,2022-07-23,Closed,42813.43
6418,740,Investment,2023-06-26,Active,32617.07
6419,2203,Checking,2021-06-09,Active,69007.22
6420,2454,Checking,2024-09-29,Closed,103864.02
6421,1496,Credit Card,2025-03-28,Active,26900.72
6422,2022,Savings,2024-07-18,Active,45186.48
6423,2201,Savings,2024-09-19,Active,109166.87
6424,973,Credit Card,2024-03-27,Active,137900.23
6425,4507,Investment,2024-08-28,Closed,48061.1
6426,2162,Savings,2023-10-09,Active,111711.41
6427,3691,Investment,2021-02-26,Closed,27100.16
6428,5,Investment,2021-08-01,Active,28486.34
6429,2464,Investment,2022-02-04,Closed,148337.54
6430,2123,Credit Card,2024-06-08,Closed,25169.69
6431,4244,Savings,2022-05-28,Closed,18014.1
6432,1409,Savings,2023-11-29,Active,48746.89
6433,3482,Savings,2024-01-31,Active,129079.12
6434,4585,Checking,2025-10-18,Active,3688.87
6435,3883,Checking,2024-08-06,Active,26071.51
6436,295,Savings,2024-04-03,Active,26951.93
6437,943,Credit Card,2021-01-09,Active,29731.75
6438,2831,Credit Card,2024-10-22,Closed,84952.9
6439,1734,Savings,2021-04-12,Closed,129865.36
6440,4760,Checking,2021-09-25,Active,47614.57
6441,187,Savings,2021-02-01,Active,72139.37
6442,4600,Savings,2025-06-23,Active,125709.96
6443,4688,Savings,2025-06-06,Active,118429.23
6444,2054,Savings,2022-03-10,Closed,118586.23
6445,1901,Savings,2021-12-31,Active,7850.25
6446,37,Investment,2025-10-19,Closed,96454.63
6447,103,Investment,2022-04-23,Active,73862.48
6448,2844,Investment,2021-04-11,Active,22689.01
6449,3124,Credit Card,2021-01-28,Active,143333.79
6450,410,Credit Card,2024-01-14,Active,141937.24
6451,691,Savings,2025-05-18,Active,97094.43
6452,4180,Investment,2023-05-04,Active,3719.62
6453,4691,Investment,2024-04-09,Active,86888.22
6454,898,Investment,2021-07-30,Active,56305.41
6455,4774,Savings,2021-05-08,Closed,44706.64
6456,4103,Investment,2025-01-15,Active,70949.35
6457,2818,Checking,2024-06-10,Active,22325.65
6458,4934,Investment,2024-03-25,Active,78410.16
6459,1670,Savings,2022-07-06,Active,147879.73
6460,3618,Investment,2024-01-13,Closed,11624.0
6461,2558,Savings,2024-09-07,Active,101137.27
6462,4874,Credit Card,2025-04-04,Closed,12717.31
6463,4764,Investment,2022-09-11,Closed,8216.16
6464,3832,Checking,2021-06-30,Active,35210.93
6465,1546,Investment,2022-03-25,Active,135459.01
6466,1217,Investment,2021-08-23,Active,30698.28
6467,91,Checking,2022-11-25,Active,48419.81
6468,4451,Investment,2024-08-15,Closed,37516.67
6469,903,Credit Card,2024-09-10,Active,81524.57
6470,463,Checking,2023-02-08,Active,51756.0
6471,1195,Checking,2025-10-24,Active,126689.98
6472,4276,Credit Card,2025-04-06,Active,89812.78
6473,940,Savings,2024-07-01,Closed,49123.64
6474,4757,Checking,2022-11-19,Closed,31190.69
6475,3227,Investment,2024-09-01,Closed,46168.0
6476,983,Savings,2022-07-25,Active,33091.38
6477,3691,Checking,2022-06-25,Active,105141.76
6478,4644,Checking,2024-01-25,Active,123953.59
6479,40,Savings,2023-04-20,Active,27584.59
6480,2224,Savings,2022-04-27,Closed,52426.16
6481,2176,Credit Card,2024-03-10,Active,100071.02
6482,4980,Checking,2024-07-04,Closed,75337.49
6483,2707,Credit Card,2025-10-25,Active,148632.04
6484,4900,Credit Card,2021-08-19,Active,130940.86
6485,3283,Checking,2024-04-01,Active,40822.9
6486,4936,Credit Card,2025-01-01,Active,4778.58
6487,2324,Credit Card,2024-06-17,Active,78914.59
6488,4984,Checking,2025-12-05,Active,143415.02
6489,3412,Credit Card,2024-04-16,Closed,92177.09
6490,766,Savings,2024-05-19,Active,140196.88
6491,1562,Investment,2021-06-25,Closed,88570.95
6492,1380,Investment,2023-03-09,Active,3072.68
6493,1947,Checking,2024-12-20,Closed,52374.25
6494,2759,Checking,2024-02-29,Closed,42074.33
6495,4227,Checking,2021-08-25,Closed,67388.69
6496,471,Checking,2024-03-24,Closed,93765.14
6497,3028,Checking,2021-07-20,Active,90993.72
6498,209,Investment,2024-01-12,Active,32663.41
6499,4087,Credit Card,2022-08-16,Active,103741.46
6500,4367,Savings,2022-02-05,Active,79021.98
6501,3561,Credit Card,2023-02-28,Active,132715.82
6502,2014,Investment,2022-06-08,Active,119060.8
6503,3362,Checking,2023-11-26,Active,70609.72
6504,4571,Investment,2025-11-24,Active,26787.56
6505,663,Investment,2024-05-10,Active,94412.68
6506,1786,Investment,2021-02-16,Active,69903.26
6507,3472,Savings,2021-09-21,Active,49395.59
6508,4351,Checking,2024-01-20,Active,97200.09
6509,953,Investment,2021-12-05,Closed,63084.31
6510,2971,Checking,2025-10-10,Active,67751.75
6511,4120,Credit Card,2025-10-27,Active,19458.65
6512,3187,Investment,2023-08-18,Active,9634.21
6513,1139,Credit Card,2025-07-06,Closed,132313.62
6514,2586,Checking,2023-10-15,Active,51122.05
6515,2444,Credit Card,2025-11-27,Active,119715.13
6516,3609,Credit Card,2024-03-09,Active,89465.33
6517,523,Checking,2022-06-05,Active,147960.87
6518,2168,Checking,2021-02-27,Active,45876.36
6519,2464,Investment,2022-09-30,Active,97550.25
6520,3065,Checking,2021-10-24,Closed,52729.94
6521,4520,Investment,2025-08-17,Active,119226.34
6522,395,Investment,2023-07-26,Closed,111583.82
6523,3982,Savings,2023-01-01,Active,96817.5
6524,1489,Savings,2021-01-29,Active,125745.85
6525,2628,Investment,2023-09-12,Active,60955.12
6526,2844,Checking,2025-05-24,Active,149696.08
6527,2273,Checking,2023-01-26,Closed,65930.5
6528,1916,Savings,2023-06-12,Active,6871.78
6529,3454,Checking,2025-02-14,Active,85538.61
6530,1199,Checking,2023-07-31,Closed,62561.55
6531,1691,Savings,2025-10-21,Active,27441.42
6532,3437,Checking,2021-01-03,Closed,149609.39
6533,3666,Investment,2021-12-22,Active,50697.69
6534,552,Savings,2025-09-12,Active,119048.37
6535,3561,Savings,2021-07-21,Active,98524.94
6536,2130,Investment,2021-10-07,Active,12793.79
6537,4513,Savings,2021-09-20,Active,97093.7
6538,1087,Checking,2024-08-11,Active,25327.67
6539,1825,Credit Card,2021-03-30,Closed,70921.4
6540,2531,Investment,2021-02-04,Active,81909.16
6541,3050,Savings,2022-03-27,Active,114146.06
6542,2787,Credit Card,2023-04-07,Active,48900.06
6543,3398,Investment,2021-12-30,Active,29402.34
6544,873,Credit Card,2025-05-10,Active,36044.01
6545,2357,Savings,2024-02-27,Active,52021.01
6546,4809,Credit Card,2023-04-30,Active,142710.29
6547,3825,Checking,2025-03-20,Closed,57907.72
6548,1715,Checking,2025-01-11,Active,149214.65
6549,1319,Investment,2021-07-16,Active,70219.54
6550,784,Savings,2023-11-15,Active,124856.8
6551,2740,Investment,2022-11-20,Active,145349.56
6552,718,Credit Card,2021-10-02,Active,27169.9
6553,4463,Savings,2024-01-24,Active,43909.73
6554,639,Checking,2023-08-19,Active,40289.86
6555,2801,Credit Card,2024-07-13,Closed,134378.01
6556,3181,Investment,2024-04-06,Active,51901.51
6557,3367,Checking,2023-07-14,Active,73083.48
6558,1117,Savings,2021-03-30,Active,146288.42
6559,3929,Credit Card,2024-11-18,Active,94993.07
6560,3641,Investment,2022-11-29,Active,146933.82
6561,1415,Checking,2022-03-03,Active,140279.96
6562,1515,Savings,2022-08-23,Active,35030.26
6563,3688,Investment,2021-07-07,Closed,47011.5
6564,1780,Savings,2024-09-17,Active,137458.71
6565,4910,Investment,2024-06-29,Active,137717.31
6566,542,Credit Card,2021-05-21,Active,143806.5
6567,1325,Checking,2023-06-25,Active,108952.56
6568,3455,Investment,2025-07-21,Closed,94767.83
6569,1030,Checking,2021-04-08,Active,75050.17
6570,2012,Checking,2021-06-03,Active,6498.18
6571,940,Credit Card,2021-03-05,Closed,5862.18
6572,2717,Checking,2022-01-16,Active,88017.54
6573,3171,Investment,2023-05-06,Active,13797.45
6574,1641,Credit Card,2024-01-28,Active,71090.41
6575,1488,Investment,2021-10-05,Active,123990.03
6576,1497,Checking,2025-02-20,Active,51409.98
6577,1757,Credit Card,2022-01-07,Active,79556.3
6578,4460,Checking,2025-11-11,Closed,116056.4
6579,3353,Investment,2024-05-10,Active,69666.36
6580,3268,Credit Card,2022-10-07,Active,85980.84
6581,4884,Checking,2021-12-03,Active,63843.84
6582,598,Credit Card,2021-12-07,Active,102717.96
6583,2124,Credit Card,2023-07-18,Active,142395.54
6584,3328,Credit Card,2021-03-11,Closed,81847.67
6585,988,Savings,2024-02-17,Active,24921.45
6586,2184,Credit Card,2024-10-22,Active,42126.11
6587,2475,Credit Card,2024-01-03,Active,117881.88
6588,3237,Credit Card,2025-05-13,Active,145610.71
6589,659,Credit Card,2024-12-03,Active,18148.97
6590,3015,Savings,2023-08-08,Active,38880.26
6591,3109,Checking,2025-01-10,Closed,10100.24
6592,1663,Checking,2025-06-05,Active,35528.88
6593,4384,Investment,2021-09-23,Closed,117972.08
6594,3249,Savings,2021-08-25,Active,110137.19
6595,2881,Credit Card,2022-10-23,Active,111098.4
6596,1207,Checking,2022-11-18,Active,66502.84
6597,86,Investment,2025-08-15,Closed,66489.31
6598,1784,Investment,2021-05-04,Active,36558.94
6599,1752,Investment,2022-06-07,Closed,24554.55
6600,3923,Savings,2022-12-05,Active,122601.67
6601,715,Savings,2025-04-08,Active,77791.1
6602,4624,Checking,2025-08-13,Active,132561.38
6603,2626,Investment,2021-01-27,Active,93549.85
6604,2486,Credit Card,2023-12-26,Active,2129.6
6605,302,Checking,2023-03-13,Active,14541.56
6606,710,Investment,2022-06-27,Active,69360.65
6607,4115,Investment,2022-11-15,Closed,24575.46
6608,3846,Investment,2024-12-17,Active,101399.74
6609,1452,Savings,2022-09-27,Active,143777.25
6610,2499,Credit Card,2022-07-06,Closed,130340.45
6611,2875,Credit Card,2021-06-20,Closed,51771.56
6612,287,Credit Card,2021-05-23,Active,58046.62
6613,1741,Credit Card,2022-05-15,Active,48986.99
6614,2734,Checking,2025-06-26,Active,19204.39
6615,1166,Checking,2021-10-14,Active,84196.55
6616,1676,Savings,2021-06-11,Active,143966.21
6617,4970,Checking,2022-05-17,Active,4058.22
6618,4636,Savings,2024-12-07,Active,23154.9
6619,325,Credit Card,2021-12-04,Active,121507.18
6620,3496,Investment,2023-04-15,Active,123106.48
6621,3309,Savings,2025-11-19,Active,83128.15
6622,3098,Investment,2024-12-19,Closed,43783.65
6623,151,Checking,2024-09-26,Closed,73416.97
6624,2685,Credit Card,2024-11-15,Closed,28200.46
6625,4897,Checking,2022-12-18,Active,21597.49
6626,1781,Credit Card,2023-01-16,Active,8243.62
6627,1326,Savings,2022-11-24,Active,102843.38
6628,1627,Credit Card,2023-06-04,Closed,64715.42
6629,1824,Checking,2023-08-11,Closed,71597.74
6630,2690,Credit Card,2023-06-10,Active,3919.14
6631,708,Savings,2022-07-03,Active,18368.41
6632,2133,Credit Card,2025-07-01,Closed,27491.12
6633,2843,Credit Card,2023-02-07,Active,24827.4
6634,3250,Credit Card,2025-07-18,Active,47923.02
6635,1263,Credit Card,2023-03-05,Active,2554.67
6636,4284,Savings,2025-07-30,Closed,8540.4
6637,1303,Credit Card,2021-11-01,Active,144147.52
6638,4752,Investment,2021-11-03,Closed,76063.15
6639,4329,Checking,2021-01-30,Active,60287.51
6640,2790,Savings,2025-04-24,Active,43121.95
6641,2553,Savings,2025-02-12,Active,47444.59
6642,1732,Investment,2025-03-10,Active,142309.78
6643,784,Savings,2023-06-05,Closed,3170.28
6644,1327,Credit Card,2023-10-15,Active,134466.46
6645,370,Credit Card,2025-11-27,Active,27889.17
6646,2407,Checking,2025-07-05,Closed,85733.59
6647,1858,Investment,2024-05-18,Closed,110261.02
6648,4200,Checking,2025-09-27,Active,139691.35
6649,4161,Checking,2023-01-27,Active,115958.07
6650,203,Credit Card,2025-02-26,Active,26013.41
6651,2425,Investment,2024-02-13,Active,95130.97
6652,2526,Credit Card,2021-08-03,Closed,145190.94
6653,2133,Investment,2021-01-13,Closed,122313.13
6654,2862,Checking,2025-10-01,Active,104870.37
6655,3282,Savings,2024-06-03,Active,88934.38
6656,1635,Checking,2023-07-24,Active,59995.74
6657,4289,Checking,2022-08-01,Active,104966.03
6658,3308,Savings,2024-11-13,Active,2214.31
6659,4767,Investment,2022-09-27,Active,46062.81
6660,2576,Savings,2024-09-02,Active,21218.67
6661,3114,Investment,2023-10-02,Active,15818.46
6662,2754,Investment,2022-05-11,Active,137686.5
6663,3073,Investment,2025-04-13,Active,124183.66
6664,1688,Investment,2024-11-01,Active,56997.8
6665,1938,Checking,2023-03-25,Active,14611.58
6666,3317,Credit Card,2025-07-07,Active,148590.62
6667,1133,Checking,2022-09-29,Closed,18091.53
6668,4278,Credit Card,2023-10-09,Closed,82372.0
6669,2577,Savings,2023-04-14,Active,109948.79
6670,1672,Credit Card,2021-12-21,Active,2005.2
6671,671,Savings,2021-02-25,Active,104197.16
6672,2195,Checking,2024-03-16,Active,11946.2
6673,695,Savings,2021-07-03,Active,121089.48
6674,3714,Credit Card,2025-07-22,Closed,39101.82
6675,4589,Credit Card,2021-07-10,Closed,85515.25
6676,791,Credit Card,2024-04-19,Active,28728.41
6677,4102,Savings,2021-04-26,Active,26335.54
6678,2639,Savings,2025-07-04,Active,128448.25
6679,3915,Checking,2025-03-16,Active,112539.42
6680,354,Savings,2024-04-12,Closed,77851.21
6681,2974,Credit Card,2023-07-08,Active,61753.38
6682,2361,Credit Card,2021-12-02,Active,27180.35
6683,2537,Investment,2024-10-22,Active,142125.45
6684,3164,Checking,2024-07-03,Active,123672.11
6685,2394,Investment,2023-03-28,Closed,91180.0
6686,1079,Checking,2025-11-01,Closed,116378.02
6687,1428,Investment,2024-03-16,Active,20165.48
6688,1930,Checking,2024-12-06,Closed,146464.62
6689,4168,Savings,2023-04-21,Active,124251.81
6690,2479,Credit Card,2025-03-27,Active,34971.85
6691,3601,Checking,2023-01-08,Active,85651.77
6692,167,Savings,2024-11-10,Active,58712.78
6693,4876,Checking,2023-10-25,Active,83790.14
6694,2282,Savings,2021-01-04,Closed,77871.22
6695,3440,Savings,2024-11-18,Closed,83051.1
6696,2261,Credit Card,2024-06-19,Active,102855.37
6697,2403,Investment,2025-07-13,Active,39964.13
6698,3734,Checking,2022-10-31,Active,35548.3
6699,4019,Savings,2024-07-20,Closed,134145.83
6700,147,Investment,2025-09-10,Active,134436.19
6701,1059,Savings,2022-05-26,Active,143721.54
6702,134,Savings,2021-01-29,Closed,80681.98
6703,3451,Investment,2024-07-30,Active,94066.97
6704,3457,Credit Card,2022-10-06,Active,1212.58
6705,1208,Savings,2021-11-02,Active,18580.99
6706,4211,Checking,2024-01-27,Closed,93702.82
6707,1678,Credit Card,2025-06-16,Active,116151.21
6708,1430,Savings,2025-01-08,Active,25379.61
6709,1177,Credit Card,2022-04-07,Active,21158.89
6710,585,Investment,2025-04-25,Active,77604.74
6711,4557,Checking,2023-12-12,Active,113737.68
6712,4786,Credit Card,2024-08-20,Active,148623.08
6713,1345,Savings,2022-03-16,Active,26880.01
6714,2467,Investment,2023-05-21,Active,90456.92
6715,4646,Checking,2023-06-30,Active,76493.27
6716,769,Investment,2025-04-18,Active,22432.68
6717,909,Savings,2022-05-07,Closed,140547.48
6718,2606,Savings,2025-01-05,Active,116981.83
6719,2825,Credit Card,2024-09-17,Active,38974.61
6720,1076,Investment,2021-11-13,Active,107305.51
6721,2164,Investment,2023-11-23,Active,115954.62
6722,1355,Credit Card,2021-12-25,Closed,30495.69
6723,1789,Credit Card,2023-10-04,Active,97338.86
6724,4299,Investment,2022-03-11,Active,127068.2
6725,1189,Checking,2025-02-12,Active,60323.57
6726,37,Savings,2025-08-29,Active,96039.4
6727,3725,Savings,2023-09-26,Closed,112126.45
6728,3128,Credit Card,2023-09-17,Active,87443.11
6729,3619,Checking,2023-09-24,Active,70437.18
6730,1920,Savings,2022-04-09,Active,149375.02
6731,4109,Investment,2022-03-10,Active,28059.93
6732,4376,Credit Card,2025-01-21,Active,49315.02
6733,4868,Credit Card,2025-02-06,Closed,57282.45
6734,859,Savings,2024-06-07,Closed,140897.25
6735,4297,Savings,2021-09-03,Active,69481.85
6736,3284,Credit Card,2021-11-13,Active,131954.77
6737,2894,Savings,2021-11-21,Active,98724.63
6738,3724,Investment,2022-11-03,Active,130576.42
6739,2011,Savings,2023-07-04,Active,12291.12
6740,187,Checking,2021-05-11,Closed,48516.29
6741,2705,Investment,2022-11-13,Closed,69213.77
6742,2411,Savings,2023-09-10,Active,17226.24
6743,3430,Credit Card,2023-07-18,Active,39433.06
6744,4955,Checking,2025-06-05,Closed,142404.84
6745,3266,Investment,2023-09-27,Active,35638.8
6746,1358,Savings,2022-08-10,Active,101339.3
6747,16,Savings,2021-01-20,Active,45745.26
6748,4370,Checking,2023-09-10,Active,106175.27
6749,150,Savings,2025-07-15,Active,8688.54
6750,1883,Checking,2023-11-10,Active,112849.59
6751,2208,Checking,2022-02-26,Active,66432.86
6752,1803,Savings,2021-08-12,Active,119501.42
6753,237,Credit Card,2025-06-16,Active,115787.69
6754,4433,Credit Card,2023-10-19,Closed,34627.08
6755,1454,Savings,2024-08-08,Closed,79014.84
6756,4837,Savings,2021-10-21,Closed,31994.33
6757,4735,Checking,2021-07-12,Closed,27188.63
6758,2265,Investment,2023-05-29,Closed,136641.68
6759,331,Savings,2025-04-23,Active,127814.48
6760,4742,Credit Card,2021-05-19,Closed,72211.56
6761,3832,Investment,2024-08-22,Closed,127086.93
6762,2101,Credit Card,2022-07-13,Active,18440.08
6763,2876,Checking,2021-06-17,Active,51785.73
6764,1364,Savings,2023-06-21,Active,50468.83
6765,3764,Checking,2022-04-14,Active,148787.6
6766,381,Investment,2023-12-13,Active,50950.76
6767,2470,Savings,2021-12-26,Active,20118.15
6768,3895,Savings,2025-07-02,Closed,103848.75
6769,3051,Checking,2021-11-21,Active,126467.63
6770,1377,Savings,2023-09-25,Active,10821.6
6771,988,Credit Card,2024-12-06,Active,43434.23
6772,3163,Savings,2023-02-25,Active,62983.24
6773,3598,Credit Card,2025-03-31,Closed,20211.91
6774,3611,Checking,2023-08-13,Active,61405.12
6775,2888,Credit Card,2022-01-22,Closed,137821.77
6776,2715,Investment,2024-07-31,Active,134541.04
6777,500,Investment,2024-06-10,Active,39304.74
6778,4375,Investment,2023-06-14,Active,64351.38
6779,2379,Investment,2025-03-30,Active,92330.14
6780,4628,Investment,2021-07-11,Closed,112906.04
6781,3192,Checking,2025-04-23,Active,36594.26
6782,4891,Checking,2021-01-05,Active,117423.4
6783,192,Investment,2021-03-07,Closed,81293.96
6784,958,Savings,2025-09-09,Closed,30902.41
6785,2050,Investment,2021-05-25,Active,31562.58
6786,1503,Credit Card,2022-01-16,Active,110102.96
6787,725,Savings,2024-07-02,Active,93935.27
6788,1230,Investment,2021-11-26,Active,97445.21
6789,3025,Credit Card,2022-06-27,Active,115424.21
6790,3951,Investment,2021-11-25,Closed,106496.79
6791,1432,Credit Card,2022-08-18,Closed,122558.86
6792,3766,Checking,2025-07-29,Closed,47115.75
6793,3343,Investment,2023-03-14,Closed,85483.45
6794,4734,Credit Card,2025-03-08,Active,130161.95
6795,3080,Savings,2021-09-05,Closed,64646.19
6796,4358,Savings,2025-11-14,Active,68170.26
6797,700,Savings,2025-08-11,Active,146518.41
6798,4957,Savings,2025-10-21,Active,81918.49
6799,4242,Investment,2025-10-27,Active,90216.17
6800,1449,Checking,2023-10-22,Active,141995.88
6801,1322,Savings,2023-04-12,Active,119804.25
6802,4550,Credit Card,2021-08-17,Closed,71999.29
6803,276,Investment,2021-12-21,Active,25985.23
6804,2660,Checking,2025-03-29,Active,29203.26
6805,3435,Credit Card,2021-09-25,Active,34857.87
6806,1502,Savings,2025-06-22,Active,4695.33
6807,814,Savings,2025-11-11,Active,132919.36
6808,1087,Checking,2021-04-30,Active,37212.58
6809,382,Checking,2024-02-27,Active,75299.58
6810,965,Credit Card,2021-11-11,Closed,137182.55
6811,3255,Investment,2024-09-10,Closed,136798.38
6812,3822,Savings,2023-11-17,Active,29315.75
6813,799,Savings,2023-10-01,Active,8005.37
6814,4993,Investment,2022-03-19,Active,12515.47
6815,3989,Credit Card,2023-05-02,Active,45809.6
6816,834,Investment,2024-12-31,Closed,84722.53
6817,817,Credit Card,2024-02-14,Active,10708.53
6818,1257,Credit Card,2021-01-06,Closed,52866.07
6819,4202,Checking,2022-11-20,Active,6361.55
6820,3303,Credit Card,2024-01-11,Active,95256.88
6821,4768,Savings,2025-10-02,Active,8648.82
6822,813,Investment,2021-04-07,Active,129751.73
6823,4496,Investment,2023-07-17,Active,21309.11
6824,2783,Credit Card,2023-08-26,Active,19749.63
6825,1432,Savings,2022-11-20,Active,99482.35
6826,1513,Savings,2023-08-31,Active,40727.2
6827,2339,Credit Card,2024-10-19,Active,93966.87
6828,2026,Checking,2024-10-26,Closed,86697.29
6829,4472,Credit Card,2021-09-29,Active,117350.89
6830,3846,Savings,2023-06-21,Active,93000.77
6831,3619,Investment,2024-09-27,Active,84748.68
6832,3636,Checking,2022-10-17,Closed,30633.42
6833,37,Investment,2023-04-01,Active,60948.95
6834,3956,Credit Card,2024-06-26,Active,91528.03
6835,4738,Checking,2025-09-09,Closed,31689.42
6836,1116,Checking,2021-12-14,Closed,58830.36
6837,4365,Savings,2021-01-31,Closed,10803.32
6838,2916,Credit Card,2022-09-14,Active,101985.2
6839,1494,Checking,2024-05-03,Active,57658.32
6840,159,Credit Card,2024-09-24,Active,84280.46
6841,582,Credit Card,2024-08-02,Active,121277.3
6842,4406,Credit Card,2022-04-04,Closed,5574.86
6843,1096,Savings,2021-10-04,Active,135445.54
6844,672,Investment,2024-09-20,Active,131782.95
6845,4187,Investment,2024-07-23,Active,62620.77
6846,1988,Checking,2024-01-12,Active,81063.34
6847,3209,Investment,2021-03-10,Active,99336.62
6848,2154,Credit Card,2022-04-14,Active,73296.26
6849,4967,Checking,2022-01-28,Closed,24494.73
6850,537,Credit Card,2021-03-10,Active,59858.03
6851,626,Credit Card,2025-03-28,Closed,102484.56
6852,3253,Savings,2021-08-01,Closed,50694.1
6853,4322,Investment,2024-01-02,Active,149550.63
6854,4143,Credit Card,2025-07-26,Active,133212.96
6855,4837,Investment,2024-05-16,Active,64165.3
6856,3435,Checking,2023-11-21,Closed,49839.54
6857,860,Investment,2024-03-22,Active,96767.35
6858,3890,Savings,2022-02-02,Active,71469.9
6859,3708,Credit Card,2023-11-09,Active,48048.03
6860,2337,Investment,2023-09-04,Active,59825.46
6861,4268,Credit Card,2025-04-26,Active,83041.24
6862,4158,Savings,2024-10-03,Active,81274.06
6863,3058,Investment,2025-11-01,Active,113041.81
6864,1898,Investment,2021-12-08,Active,46572.51
6865,582,Credit Card,2025-01-26,Closed,54899.7
6866,3874,Checking,2023-07-19,Active,139594.11
6867,2821,Investment,2025-07-31,Active,58766.46
6868,4625,Checking,2024-01-07,Active,123422.0
6869,1031,Savings,2023-07-12,Active,7240.58
6870,2669,Investment,2022-06-06,Active,122555.8
6871,3461,Credit Card,2025-01-12,Closed,6341.07
6872,3292,Credit Card,2024-07-23,Active,129381.02
6873,1956,Credit Card,2023-09-20,Active,104331.37
6874,4414,Savings,2022-03-08,Active,34397.0
6875,729,Savings,2022-06-24,Active,53969.46
6876,2340,Credit Card,2023-11-13,Active,75504.01
6877,1425,Checking,2025-03-07,Closed,64730.68
6878,2637,Credit Card,2022-03-02,Closed,91776.49
6879,719,Checking,2021-03-13,Active,23172.56
6880,4399,Checking,2021-06-18,Active,3427.92
6881,1375,Investment,2025-03-11,Closed,61697.64
6882,738,Checking,2023-08-14,Closed,119525.39
6883,2527,Checking,2024-11-22,Closed,145945.39
6884,1177,Investment,2023-10-10,Closed,52180.09
6885,1211,Credit Card,2025-11-04,Active,53493.18
6886,697,Savings,2021-11-12,Active,54552.19
6887,1650,Savings,2023-01-25,Closed,49490.67
6888,4797,Investment,2021-11-17,Active,143863.55
6889,3802,Investment,2025-11-06,Closed,136253.25
6890,3080,Credit Card,2021-12-09,Active,91102.57
6891,1556,Checking,2022-03-12,Active,123115.69
6892,397,Investment,2025-04-14,Active,17778.65
6893,3777,Credit Card,2025-03-26,Active,59738.35
6894,4418,Credit Card,2022-03-29,Closed,40166.98
6895,960,Credit Card,2023-09-26,Active,68637.35
6896,1657,Savings,2021-07-14,Active,33783.15
6897,2613,Savings,2025-10-15,Active,89982.55
6898,3091,Checking,2021-12-21,Closed,43364.54
6899,245,Savings,2025-09-16,Closed,52591.21
6900,2443,Investment,2021-08-07,Active,84388.75
6901,3346,Investment,2024-11-23,Active,137863.32
6902,1554,Investment,2024-06-02,Active,143017.03
6903,1071,Investment,2023-07-01,Active,24324.68
6904,4307,Investment,2022-08-17,Active,133123.08
6905,3002,Checking,2022-12-30,Active,21604.16
6906,4918,Checking,2024-10-05,Active,138699.03
6907,4851,Credit Card,2025-01-04,Active,48575.87
6908,2760,Credit Card,2024-03-27,Active,141592.11
6909,688,Investment,2025-05-04,Active,41100.73
6910,3998,Credit Card,2021-04-29,Active,145613.72
6911,2956,Checking,2024-10-20,Active,47300.57
6912,577,Savings,2021-01-10,Active,96164.35
6913,1678,Investment,2023-10-30,Active,94921.45
6914,597,Investment,2022-05-21,Active,127224.91
6915,1077,Savings,2021-05-17,Active,120771.43
6916,51,Credit Card,2021-03-11,Closed,81429.2
6917,4987,Credit Card,2023-08-24,Active,12588.71
6918,496,Credit Card,2023-12-14,Closed,47400.6
6919,1437,Credit Card,2022-12-12,Closed,141180.68
6920,4238,Savings,2023-02-25,Active,25226.66
6921,452,Credit Card,2025-03-09,Active,42840.13
6922,776,Checking,2023-08-01,Active,52405.1
6923,3136,Savings,2023-10-17,Active,93198.09
6924,3371,Checking,2025-03-25,Closed,148410.94
6925,3113,Investment,2022-05-30,Active,107382.53
6926,2740,Savings,2025-04-03,Active,12851.9
6927,2985,Savings,2024-07-25,Active,45972.76
6928,3958,Checking,2021-02-17,Active,78398.21
6929,60,Investment,2024-11-08,Closed,19898.83
6930,2038,Savings,2025-12-03,Active,51757.7
6931,4475,Investment,2021-11-19,Active,32790.85
6932,1919,Investment,2021-11-16,Active,129983.83
6933,2764,Investment,2021-04-30,Active,45959.86
6934,1728,Savings,2023-07-22,Active,134359.31
6935,1900,Checking,2025-10-21,Active,39380.41
6936,3366,Investment,2022-06-10,Closed,54838.79
6937,245,Checking,2022-05-25,Active,111076.81
6938,698,Credit Card,2024-01-14,Active,9723.83
6939,4791,Checking,2023-10-11,Active,122203.8
6940,991,Checking,2024-11-18,Active,113464.75
6941,1773,Checking,2022-03-23,Active,114643.83
6942,4784,Checking,2024-01-10,Active,123082.09
6943,337,Investment,2024-09-21,Active,8699.1
6944,4334,Investment,2023-09-12,Active,100208.99
6945,3214,Credit Card,2023-02-05,Active,23746.11
6946,2880,Investment,2022-01-15,Closed,58827.3
6947,2881,Credit Card,2023-08-16,Active,104122.03
6948,2403,Savings,2022-10-01,Active,74391.99
6949,2796,Checking,2021-02-17,Active,22390.97
6950,2946,Investment,2021-09-25,Closed,47164.23
6951,2289,Savings,2021-10-09,Active,13980.89
6952,3158,Credit Card,2021-04-29,Active,29039.32
6953,839,Investment,2022-07-17,Active,103512.88
6954,1488,Checking,2025-03-10,Active,99849.73
6955,3740,Investment,2023-10-19,Active,18470.9
6956,2077,Credit Card,2021-04-14,Active,77841.85
6957,1747,Savings,2023-02-08,Active,149204.01
6958,4018,Credit Card,2022-11-24,Active,33104.81
6959,3826,Credit Card,2022-02-14,Closed,147425.48
6960,3537,Checking,2022-03-22,Closed,48382.0
6961,4394,Savings,2022-12-31,Closed,132430.75
6962,3532,Credit Card,2022-12-31,Closed,128537.62
6963,4807,Credit Card,2021-05-19,Closed,33254.37
6964,234,Savings,2024-08-04,Closed,113103.65
6965,2628,Checking,2023-12-17,Active,100566.09
6966,2556,Savings,2024-07-29,Active,61531.06
6967,3830,Checking,2023-04-20,Active,69267.82
6968,194,Investment,2022-10-11,Active,15322.04
6969,2844,Credit Card,2025-05-01,Active,120584.05
6970,356,Credit Card,2023-10-09,Active,84579.24
6971,3289,Investment,2025-06-17,Active,13415.92
6972,4545,Checking,2023-12-17,Active,73455.71
6973,4119,Savings,2023-06-17,Closed,135629.29
6974,649,Savings,2025-02-02,Closed,76298.34
6975,958,Investment,2022-12-31,Active,97397.01
6976,2137,Checking,2022-01-17,Closed,7760.43
6977,567,Checking,2025-05-13,Closed,93935.7
6978,3945,Checking,2023-05-05,Active,40216.69
6979,2734,Savings,2025-04-14,Closed,131509.68
6980,1028,Checking,2025-02-13,Active,106692.38
6981,685,Checking,2024-04-06,Active,100087.05
6982,1419,Checking,2023-10-15,Active,141136.41
6983,3882,Savings,2025-05-20,Active,51343.56
6984,3701,Savings,2023-01-19,Active,140780.4
6985,1967,Checking,2025-07-21,Active,129159.45
6986,4168,Checking,2024-06-09,Active,61752.03
6987,2059,Savings,2025-06-26,Active,66707.37
6988,645,Checking,2025-02-18,Active,126144.61
6989,3237,Checking,2022-03-06,Active,78990.28
6990,3165,Investment,2025-04-10,Active,97966.41
6991,4640,Investment,2024-01-06,Active,52796.85
6992,2618,Credit Card,2022-09-09,Active,93100.09
6993,895,Checking,2024-01-26,Active,145880.68
6994,1218,Credit Card,2023-01-06,Closed,1032.42
6995,4730,Investment,2024-04-03,Active,38758.56
6996,847,Credit Card,2022-04-29,Active,139893.96
6997,2280,Checking,2024-11-19,Closed,134813.24
6998,3374,Investment,2022-06-05,Active,97639.75
6999,3151,Savings,2024-11-17,Active,29184.66
7000,4492,Checking,2024-11-14,Active,13678.37
7001,2729,Credit Card,2022-04-25,Active,116915.93
7002,1096,Checking,2025-05-19,Closed,114792.66
7003,2050,Credit Card,2025-02-02,Active,49723.89
7004,2469,Savings,2021-04-21,Active,24661.55
7005,3961,Checking,2023-02-15,Active,14822.41
7006,446,Investment,2023-05-18,Closed,19411.12
7007,1449,Savings,2023-07-08,Active,38538.02
7008,2221,Checking,2022-12-20,Active,61134.75
7009,4005,Savings,2022-09-01,Active,110018.78
7010,64,Savings,2025-10-09,Active,62674.64
7011,2267,Savings,2022-08-28,Closed,15874.11
7012,4251,Savings,2022-06-09,Active,66932.14
7013,2834,Savings,2022-07-07,Active,69299.58
7014,1953,Savings,2022-11-23,Active,85044.38
7015,3738,Credit Card,2021-09-15,Closed,78270.04
7016,4176,Savings,2025-09-15,Active,24616.65
7017,2724,Savings,2025-10-05,Active,4426.67
7018,1491,Investment,2023-07-06,Active,97831.2
7019,4745,Savings,2021-01-16,Active,77914.44
7020,4032,Checking,2025-11-26,Active,139207.19
7021,78,Investment,2022-11-27,Closed,109377.45
7022,1151,Savings,2021-11-30,Active,127467.82
7023,1313,Checking,2025-01-21,Active,110223.24
7024,101,Savings,2024-07-22,Active,99428.5
7025,2304,Checking,2021-09-30,Active,34300.96
7026,4465,Savings,2023-09-08,Active,56253.81
7027,1722,Checking,2023-01-06,Active,19228.34
7028,2572,Investment,2024-09-20,Active,81684.34
7029,3301,Investment,2023-02-13,Active,96168.83
7030,1547,Credit Card,2023-04-14,Closed,109746.05
7031,2492,Checking,2024-06-16,Closed,81530.0
7032,2631,Checking,2025-10-11,Active,106606.22
7033,2537,Credit Card,2022-08-25,Active,37520.64
7034,1324,Investment,2024-05-06,Closed,74849.94
7035,4028,Credit Card,2025-10-14,Active,130817.99
7036,1280,Savings,2024-01-15,Active,75770.13
7037,4454,Investment,2023-12-12,Active,59935.44
7038,3431,Savings,2023-03-31,Active,122122.57
7039,1514,Checking,2025-06-12,Active,15061.76
7040,2127,Checking,2025-02-07,Closed,76841.89
7041,2420,Investment,2024-05-25,Closed,1350.9
7042,2919,Credit Card,2024-10-19,Active,11063.08
7043,2136,Investment,2021-03-06,Active,96628.2
7044,4048,Credit Card,2023-03-24,Active,146595.34
7045,3474,Credit Card,2023-09-16,Active,68974.48
7046,1849,Checking,2022-12-15,Active,77268.33
7047,2136,Investment,2023-01-19,Active,123319.61
7048,1771,Credit Card,2022-03-29,Active,63582.67
7049,2710,Credit Card,2021-08-11,Active,23651.95
7050,1751,Checking,2025-09-29,Active,73297.31
7051,298,Investment,2022-12-02,Closed,61538.79
7052,2983,Investment,2024-10-04,Active,25582.04
7053,4625,Savings,2024-01-28,Active,116168.89
7054,2446,Checking,2022-06-13,Active,57592.71
7055,4752,Investment,2025-09-24,Active,76632.84
7056,1227,Savings,2023-02-01,Active,121212.04
7057,4878,Investment,2022-04-04,Active,113154.37
7058,1308,Checking,2024-06-09,Active,13064.74
7059,658,Investment,2024-12-08,Closed,67428.51
7060,2163,Credit Card,2025-08-19,Closed,78863.79
7061,3579,Investment,2025-09-04,Active,20107.72
7062,3748,Checking,2021-05-10,Active,60886.64
7063,2075,Checking,2022-05-30,Active,59386.61
7064,4939,Checking,2023-10-18,Closed,103134.9
7065,934,Savings,2022-12-04,Closed,40585.82
7066,172,Credit Card,2022-12-20,Active,86860.89
7067,4776,Credit Card,2025-07-09,Active,98666.98
7068,995,Checking,2025-09-30,Closed,43654.32
7069,3199,Credit Card,2021-06-13,Active,21708.11
7070,3637,Checking,2022-09-28,Active,54002.22
7071,1375,Savings,2025-09-06,Active,127901.1
7072,4108,Savings,2024-03-04,Closed,4978.02
7073,945,Savings,2021-04-12,Active,68207.0
7074,2262,Checking,2022-04-04,Active,6037.0
7075,2551,Savings,2024-08-15,Active,60601.7
7076,988,Savings,2025-11-01,Active,39303.49
7077,4666,Investment,2024-03-23,Active,60352.03
7078,1868,Credit Card,2021-07-25,Active,77042.19
7079,65,Investment,2024-02-08,Closed,66632.68
7080,433,Savings,2022-07-04,Active,123909.97
7081,3678,Checking,2024-05-11,Active,48668.46
7082,378,Investment,2025-08-28,Active,22881.81
7083,4328,Savings,2021-11-22,Active,85489.2
7084,4103,Investment,2022-07-28,Closed,142225.58
7085,645,Investment,2024-01-07,Active,144922.19
7086,4247,Credit Card,2024-11-22,Active,148608.98
7087,660,Savings,2021-11-01,Active,85638.16
7088,287,Savings,2022-12-19,Closed,6831.15
7089,3211,Investment,2021-10-27,Active,34257.56
7090,1141,Credit Card,2023-03-13,Active,57542.27
7091,909,Investment,2022-05-19,Active,106259.29
7092,3845,Investment,2021-07-30,Active,125694.08
7093,4153,Investment,2022-07-28,Active,137481.65
7094,4127,Checking,2023-10-07,Active,85523.21
7095,2089,Checking,2023-04-24,Active,56614.15
7096,4997,Savings,2022-07-27,Active,61036.6
7097,362,Investment,2021-09-08,Closed,75707.82
7098,4538,Investment,2025-04-08,Closed,146947.7
7099,3601,Credit Card,2023-12-15,Active,110130.55
7100,2515,Investment,2024-06-19,Active,119931.74
7101,1714,Savings,2021-03-26,Closed,139856.55
7102,4675,Savings,2024-02-28,Active,57021.83
7103,177,Investment,2022-05-23,Active,95040.97
7104,3592,Credit Card,2025-12-06,Active,130178.82
7105,1551,Investment,2025-11-07,Active,67688.25
7106,4297,Savings,2021-01-18,Closed,12394.03
7107,597,Investment,2024-02-01,Active,80953.89
7108,4461,Investment,2021-02-13,Active,143426.46
7109,953,Savings,2024-11-14,Active,38075.0
7110,3390,Credit Card,2022-11-23,Active,56987.31
7111,3557,Savings,2023-03-10,Closed,112506.26
7112,1719,Savings,2023-03-12,Active,31723.67
7113,1172,Savings,2025-06-19,Active,32015.16
7114,477,Savings,2022-08-05,Active,8969.6
7115,4032,Savings,2024-05-02,Active,45684.95
7116,4401,Savings,2023-07-03,Closed,108594.17
7117,758,Savings,2021-12-24,Active,50605.4
7118,3665,Savings,2025-09-04,Closed,94655.41
7119,2843,Checking,2024-05-07,Active,27219.81
7120,1064,Savings,2024-04-22,Active,133255.22
7121,557,Savings,2022-04-25,Closed,2665.77
7122,2342,Investment,2022-10-20,Active,107163.57
7123,4525,Checking,2022-10-22,Closed,106032.41
7124,4931,Checking,2024-07-31,Active,147304.34
7125,4948,Savings,2021-11-15,Active,131023.12
7126,3371,Investment,2024-04-02,Active,93669.5
7127,4474,Savings,2025-09-17,Closed,84364.44
7128,718,Checking,2022-05-04,Active,107281.5
7129,1787,Savings,2022-05-27,Active,137715.39
7130,3736,Savings,2025-03-11,Closed,10988.66
7131,512,Investment,2022-08-05,Closed,11943.46
7132,2364,Investment,2023-01-18,Active,135977.79
7133,2618,Checking,2024-01-03,Active,96958.83
7134,96,Credit Card,2023-03-27,Active,119912.86
7135,4740,Savings,2022-01-13,Active,9992.25
7136,4018,Credit Card,2025-03-03,Active,96815.29
7137,1206,Checking,2021-03-27,Active,149356.24
7138,4584,Checking,2024-05-12,Active,72376.33
7139,1882,Savings,2021-10-30,Closed,45349.79
7140,3603,Savings,2023-11-29,Active,14052.4
7141,2532,Checking,2022-07-02,Active,76588.61
7142,4391,Credit Card,2022-02-21,Active,37930.57
7143,2780,Investment,2022-05-24,Active,21229.92
7144,4900,Credit Card,2025-04-02,Active,121203.03
7145,4106,Credit Card,2022-11-11,Closed,112437.84
7146,355,Savings,2021-11-15,Active,76280.38
7147,1555,Checking,2021-06-17,Active,56440.58
7148,562,Checking,2024-05-08,Active,44177.63
7149,1967,Investment,2025-02-22,Active,139340.99
7150,1965,Checking,2022-09-28,Active,100591.49
7151,1250,Credit Card,2025-10-08,Active,52555.48
7152,2639,Investment,2024-05-27,Active,16404.64
7153,3085,Savings,2025-04-11,Closed,126012.88
7154,2404,Checking,2022-07-31,Closed,119094.75
7155,3835,Investment,2025-06-01,Closed,13567.68
7156,3843,Investment,2023-05-26,Active,84669.77
7157,3417,Checking,2021-09-14,Active,25936.2
7158,4807,Credit Card,2023-10-06,Active,9177.85
7159,766,Credit Card,2024-11-11,Active,7521.66
7160,239,Savings,2023-12-16,Active,138171.54
7161,1467,Checking,2022-03-10,Closed,52006.55
7162,949,Investment,2023-09-08,Active,126822.64
7163,2663,Credit Card,2021-09-01,Active,133891.55
7164,4138,Checking,2023-11-19,Active,46844.37
7165,3413,Credit Card,2021-02-20,Active,63127.03
7166,198,Checking,2023-02-04,Active,96660.47
7167,4808,Credit Card,2025-02-25,Active,71471.44
7168,118,Savings,2022-06-15,Active,114074.93
7169,3927,Checking,2022-03-08,Closed,84056.35
7170,3615,Savings,2022-11-10,Closed,34040.44
7171,1355,Credit Card,2025-11-21,Active,17791.13
7172,1891,Savings,2024-10-22,Active,83024.27
7173,447,Savings,2025-10-31,Active,9411.63
7174,3935,Investment,2025-03-13,Active,4700.35
7175,1956,Savings,2025-08-18,Active,81635.36
7176,1625,Checking,2022-11-09,Closed,26501.66
7177,2542,Checking,2024-10-02,Active,71267.54
7178,437,Savings,2023-11-07,Active,76372.89
7179,3221,Checking,2025-10-13,Active,14812.33
7180,819,Savings,2022-10-01,Active,125964.06
7181,1801,Credit Card,2025-07-15,Active,107418.94
7182,4121,Savings,2024-03-18,Active,123789.4
7183,2584,Credit Card,2023-07-16,Closed,94116.37
7184,1906,Savings,2022-02-06,Active,41198.08
7185,132,Checking,2022-03-21,Active,82354.8
7186,667,Checking,2023-10-23,Active,99564.91
7187,2866,Credit Card,2022-04-29,Active,128267.43
7188,3522,Savings,2021-09-14,Active,142679.5
7189,4386,Checking,2024-09-20,Active,92031.87
7190,4665,Credit Card,2024-09-02,Active,66762.16
7191,1605,Savings,2022-05-03,Active,26837.15
7192,1677,Investment,2024-11-28,Active,50771.29
7193,4518,Checking,2022-11-30,Active,133770.1
7194,80,Checking,2024-07-31,Active,28903.93
7195,2434,Investment,2025-03-28,Active,67761.67
7196,3028,Savings,2021-05-14,Active,143362.49
7197,2294,Credit Card,2023-03-23,Active,82149.25
7198,3029,Checking,2025-12-05,Active,65497.81
7199,1371,Checking,2021-04-02,Active,6574.28
7200,3715,Savings,2024-04-22,Active,3224.72
7201,3685,Investment,2025-08-10,Active,120335.14
7202,3451,Checking,2024-07-16,Active,110530.15
7203,4601,Savings,2025-01-25,Active,128240.22
7204,3616,Savings,2025-07-07,Active,124938.65
7205,4628,Savings,2023-06-01,Active,14752.08
7206,2945,Savings,2022-03-30,Closed,129624.15
7207,2626,Checking,2022-02-18,Closed,147317.95
7208,1076,Investment,2025-08-01,Active,119479.62
7209,1299,Checking,2022-06-08,Active,5419.48
7210,2563,Savings,2024-03-21,Closed,125954.14
7211,2738,Checking,2025-10-21,Active,51876.84
7212,370,Savings,2022-01-14,Closed,142992.91
7213,2191,Investment,2021-01-27,Active,147141.72
7214,4000,Credit Card,2024-12-11,Active,137334.33
7215,2838,Checking,2021-06-16,Active,120784.01
7216,2547,Checking,2022-01-07,Active,88019.07
7217,4363,Credit Card,2024-12-23,Active,58454.52
7218,1905,Credit Card,2024-12-23,Active,73935.41
7219,4846,Investment,2022-01-18,Closed,92012.54
7220,1629,Savings,2024-06-18,Active,52218.16
7221,660,Credit Card,2025-09-08,Closed,1333.55
7222,2057,Credit Card,2025-07-23,Active,110649.8
7223,1893,Credit Card,2021-01-23,Active,37897.13
7224,2232,Checking,2024-02-12,Active,135676.31
7225,4607,Savings,2023-11-14,Closed,77716.58
7226,2398,Savings,2022-08-20,Active,101118.05
7227,1690,Credit Card,2021-08-17,Active,21845.49
7228,173,Checking,2022-04-11,Active,81972.07
7229,61,Checking,2022-03-31,Active,17866.3
7230,2455,Investment,2021-01-26,Active,56369.25
7231,4679,Investment,2023-08-17,Active,11242.33
7232,3411,Credit Card,2022-03-17,Active,111052.87
7233,2359,Checking,2022-04-25,Active,32384.6
7234,2137,Investment,2025-03-22,Active,133926.65
7235,173,Savings,2025-06-12,Active,83413.36
7236,4328,Checking,2024-07-24,Closed,12487.42
7237,3746,Checking,2024-08-30,Active,102777.64
7238,4386,Checking,2025-10-21,Closed,34247.42
7239,1176,Checking,2023-09-20,Active,57436.22
7240,2857,Credit Card,2022-12-04,Active,80338.61
7241,3562,Investment,2025-07-27,Active,114256.63
7242,4449,Savings,2023-06-29,Active,31787.33
7243,1367,Savings,2022-02-13,Active,112938.6
7244,3945,Credit Card,2021-05-05,Active,36240.35
7245,1152,Credit Card,2023-09-04,Active,24416.81
7246,2889,Credit Card,2022-12-04,Active,39714.87
7247,4586,Savings,2021-04-14,Active,108312.48
7248,2031,Checking,2021-09-05,Active,75903.6
7249,2289,Checking,2025-01-16,Active,112069.19
7250,762,Savings,2022-06-03,Active,71324.55
7251,3999,Credit Card,2024-07-26,Active,88150.54
7252,2124,Credit Card,2024-09-06,Closed,148864.08
7253,4376,Checking,2025-11-12,Active,124103.11
7254,1182,Checking,2022-08-30,Closed,22893.17
7255,588,Credit Card,2025-01-19,Closed,14692.8
7256,1775,Credit Card,2022-12-21,Closed,28775.74
7257,2026,Checking,2023-08-25,Active,129435.12
7258,2635,Credit Card,2022-10-22,Closed,29052.04
7259,4501,Credit Card,2021-09-03,Active,128283.52
7260,2896,Investment,2023-08-07,Active,149185.67
7261,463,Investment,2025-03-11,Active,84901.04
7262,1180,Savings,2025-03-20,Closed,62405.1
7263,1120,Credit Card,2023-12-27,Active,96008.39
7264,872,Checking,2024-04-30,Active,115244.24
7265,3669,Credit Card,2022-07-24,Closed,41635.44
7266,3371,Savings,2022-12-16,Active,3160.99
7267,3518,Savings,2025-11-19,Active,71520.13
7268,1889,Credit Card,2023-05-01,Active,56378.35
7269,1890,Checking,2023-10-12,Active,15164.97
7270,3229,Checking,2022-05-15,Closed,9476.83
7271,476,Credit Card,2024-05-29,Active,120961.52
7272,2108,Investment,2021-12-18,Active,22806.23
7273,543,Savings,2021-04-12,Closed,54166.71
7274,2620,Credit Card,2023-10-16,Closed,39998.11
7275,2386,Savings,2024-05-20,Closed,59322.49
7276,1867,Savings,2022-10-30,Active,60307.28
7277,4263,Credit Card,2022-05-22,Active,25464.55
7278,4159,Investment,2024-04-27,Active,117186.49
7279,1736,Savings,2025-04-16,Active,136512.48
7280,3205,Investment,2022-07-27,Active,54894.77
7281,2753,Investment,2025-11-13,Active,120146.37
7282,2660,Savings,2022-08-20,Closed,20463.18
7283,3389,Checking,2023-07-20,Active,139505.3
7284,3913,Checking,2021-05-06,Active,64954.14
7285,4778,Investment,2021-07-08,Closed,66171.38
7286,1527,Savings,2025-06-11,Active,105438.02
7287,3749,Investment,2024-08-22,Active,88661.81
7288,549,Credit Card,2022-09-04,Closed,72131.97
7289,1461,Credit Card,2021-02-19,Active,34223.45
7290,1834,Investment,2023-06-26,Closed,89931.64
7291,3566,Investment,2021-10-09,Closed,22980.12
7292,2239,Investment,2022-05-17,Active,113115.62
7293,1809,Checking,2021-03-21,Closed,88631.4
7294,1417,Savings,2022-03-02,Active,71346.38
7295,4020,Savings,2025-03-26,Active,129630.87
7296,1811,Savings,2024-06-28,Active,16712.51
7297,3718,Checking,2024-02-09,Closed,21724.88
7298,4699,Investment,2023-12-14,Closed,33371.51
7299,960,Credit Card,2021-04-09,Closed,32223.86
7300,2459,Investment,2025-05-19,Active,120933.49
7301,17,Credit Card,2021-03-17,Closed,92686.5
7302,2139,Savings,2023-07-25,Active,128016.57
7303,3266,Checking,2025-05-08,Closed,128333.81
7304,1264,Checking,2025-02-06,Closed,86229.84
7305,1088,Investment,2024-03-12,Closed,35232.53
7306,3497,Investment,2025-02-08,Closed,124246.29
7307,1890,Investment,2024-06-30,Closed,34929.73
7308,3049,Investment,2021-09-20,Active,60752.55
7309,152,Investment,2025-06-07,Active,55483.95
7310,2104,Credit Card,2021-01-19,Active,106546.47
7311,4181,Checking,2022-04-19,Active,10416.62
7312,2600,Savings,2021-11-02,Active,121677.29
7313,3844,Checking,2024-05-08,Closed,72763.43
7314,4758,Investment,2024-09-06,Active,137555.33
7315,1427,Investment,2023-02-05,Active,62424.13
7316,2138,Savings,2021-03-24,Active,20100.04
7317,4596,Savings,2021-02-23,Active,135917.14
7318,1471,Credit Card,2024-10-23,Active,126222.33
7319,3549,Investment,2021-06-20,Active,14326.71
7320,2945,Investment,2024-02-25,Closed,61680.82
7321,1501,Investment,2025-10-06,Active,146040.53
7322,430,Savings,2022-09-04,Active,29970.39
7323,4677,Savings,2021-12-26,Active,4281.28
7324,4735,Checking,2024-12-28,Active,116273.6
7325,4906,Investment,2021-06-09,Closed,115049.03
7326,4719,Credit Card,2024-02-17,Closed,66938.48
7327,2429,Investment,2021-12-10,Active,125803.64
7328,4653,Credit Card,2024-02-07,Active,102023.57
7329,3744,Credit Card,2021-02-22,Active,70536.63
7330,394,Savings,2025-03-22,Closed,40547.83
7331,3182,Credit Card,2024-11-09,Active,88285.44
7332,3383,Credit Card,2023-07-30,Closed,17060.7
7333,4950,Checking,2025-09-19,Closed,61763.45
7334,357,Savings,2023-10-01,Active,109059.02
7335,377,Checking,2021-02-28,Closed,85576.78
7336,3850,Investment,2023-04-03,Active,8330.72
7337,1312,Checking,2021-01-29,Active,103495.28
7338,3524,Savings,2022-09-23,Active,76988.06
7339,1119,Credit Card,2022-05-24,Active,27511.23
7340,243,Credit Card,2024-05-18,Active,25196.47
7341,2130,Investment,2022-11-20,Active,95189.09
7342,890,Checking,2021-10-30,Active,54476.32
7343,216,Credit Card,2024-03-27,Active,12418.27
7344,1550,Investment,2024-03-11,Active,39517.08
7345,1305,Credit Card,2022-11-06,Active,66974.44
7346,3191,Investment,2022-10-17,Active,63561.29
7347,4932,Checking,2022-10-25,Active,61437.78
7348,4189,Investment,2024-06-15,Active,101625.89
7349,4023,Checking,2021-11-09,Active,106891.43
7350,814,Savings,2022-08-11,Active,61098.05
7351,2453,Savings,2022-04-30,Active,141202.64
7352,4731,Credit Card,2024-06-27,Closed,6344.23
7353,4776,Checking,2025-07-24,Closed,89854.72
7354,4483,Savings,2021-08-21,Active,118330.88
7355,3870,Checking,2021-05-27,Active,45843.46
7356,483,Checking,2023-10-11,Active,33923.96
7357,3459,Investment,2022-06-04,Active,131549.99
7358,3154,Investment,2024-12-25,Active,81068.24
7359,211,Checking,2022-01-23,Active,96845.84
7360,3774,Investment,2025-06-19,Active,50783.64
7361,4435,Investment,2025-03-02,Active,11840.07
7362,4154,Credit Card,2024-11-23,Active,109663.04
7363,2062,Investment,2022-01-05,Active,34868.01
7364,3790,Investment,2025-02-08,Active,35187.22
7365,4210,Checking,2021-01-07,Active,135762.44
7366,2099,Savings,2024-09-29,Active,98115.67
7367,3423,Credit Card,2025-02-01,Active,18913.84
7368,66,Credit Card,2025-08-12,Active,141493.85
7369,1156,Checking,2021-01-29,Closed,54958.51
7370,3074,Savings,2021-12-23,Active,39301.07
7371,3981,Checking,2023-12-09,Active,45106.01
7372,1370,Checking,2021-07-10,Active,65974.95
7373,2316,Investment,2023-03-24,Active,128793.31
7374,3985,Savings,2022-03-26,Active,13145.79
7375,2051,Credit Card,2021-08-12,Closed,10962.2
7376,1556,Checking,2025-11-06,Active,42334.08
7377,1226,Investment,2021-08-26,Active,38276.91
7378,3881,Investment,2025-07-18,Active,69636.5
7379,398,Credit Card,2022-04-13,Active,106313.2
7380,321,Credit Card,2025-04-24,Closed,78346.52
7381,2220,Investment,2021-09-11,Active,73661.3
7382,2221,Investment,2021-04-25,Closed,121596.58
7383,2153,Savings,2021-08-28,Active,57890.87
7384,46,Checking,2025-10-15,Active,139281.54
7385,4518,Savings,2024-08-05,Active,92193.06
7386,1656,Savings,2021-04-02,Active,11792.01
7387,1840,Investment,2022-02-28,Active,38329.19
7388,2638,Checking,2025-06-02,Active,97421.3
7389,4213,Checking,2023-04-19,Closed,25072.88
7390,2448,Checking,2022-02-02,Closed,21357.89
7391,3748,Credit Card,2022-01-20,Active,18962.08
7392,4698,Checking,2023-01-27,Closed,101253.94
7393,1196,Credit Card,2024-01-05,Active,81644.26
7394,4090,Savings,2024-07-02,Active,57222.76
7395,325,Savings,2024-08-14,Closed,77209.64
7396,1608,Credit Card,2025-02-03,Closed,122369.4
7397,2963,Investment,2025-01-12,Active,20428.26
7398,454,Credit Card,2023-04-17,Active,117757.32
7399,1294,Checking,2021-09-13,Active,104641.92
7400,4889,Credit Card,2025-04-05,Active,12323.04
7401,901,Investment,2022-11-16,Closed,71054.99
7402,4535,Credit Card,2024-11-03,Closed,113282.32
7403,1729,Checking,2022-07-04,Active,149608.64
7404,1069,Savings,2024-05-29,Active,1783.11
7405,1381,Savings,2025-10-10,Active,94184.8
7406,2077,Investment,2023-07-13,Active,103490.84
7407,2931,Credit Card,2022-08-17,Active,121004.11
7408,2651,Credit Card,2022-10-24,Active,90292.44
7409,360,Checking,2023-03-04,Active,36426.02
7410,4495,Credit Card,2023-08-31,Active,115231.0
7411,10,Checking,2023-03-22,Active,118363.56
7412,4750,Checking,2025-03-29,Active,89621.18
7413,398,Savings,2022-12-09,Active,146400.04
7414,4313,Checking,2024-03-21,Active,137257.2
7415,4072,Investment,2023-08-11,Active,8136.52
7416,4121,Checking,2025-12-06,Active,34859.58
7417,1334,Savings,2024-04-02,Active,30824.56
7418,3174,Investment,2025-06-22,Closed,9561.21
7419,1156,Investment,2024-03-01,Active,53336.13
7420,4430,Checking,2022-09-22,Active,140524.24
7421,3678,Checking,2024-04-19,Active,21944.96
7422,1806,Savings,2022-05-25,Active,78249.56
7423,4593,Credit Card,2023-11-09,Active,45922.56
7424,647,Savings,2023-05-16,Closed,41652.49
7425,1124,Savings,2021-07-19,Active,13702.68
7426,2672,Credit Card,2022-09-09,Active,97226.91
7427,4213,Credit Card,2025-03-22,Active,22284.83
7428,2447,Investment,2025-03-30,Active,3235.35
7429,578,Checking,2023-03-08,Active,74466.2
7430,2022,Investment,2023-09-15,Closed,35105.5
7431,2744,Credit Card,2021-07-15,Closed,2056.1
7432,1559,Investment,2025-11-08,Active,9024.25
7433,326,Savings,2022-05-14,Active,1851.36
7434,2486,Checking,2021-02-11,Active,11760.35
7435,4553,Investment,2022-12-03,Active,135053.81
7436,2543,Investment,2022-02-14,Active,41447.24
7437,2988,Checking,2025-08-15,Active,23877.68
7438,130,Savings,2022-05-30,Active,136877.82
7439,4333,Investment,2023-06-10,Closed,68854.7
7440,2829,Credit Card,2023-02-25,Closed,134349.39
7441,4110,Savings,2025-04-30,Closed,36690.7
7442,1235,Credit Card,2021-03-13,Active,61263.71
7443,2906,Checking,2022-01-26,Active,103325.56
7444,3868,Checking,2025-07-23,Active,113548.33
7445,3117,Investment,2021-08-20,Active,117711.31
7446,1341,Savings,2023-09-03,Active,40347.33
7447,3195,Savings,2023-08-04,Active,46071.68
7448,3180,Savings,2022-07-28,Active,115860.31
7449,4163,Savings,2025-07-17,Active,21632.98
7450,2170,Savings,2024-07-19,Closed,125221.15
7451,3538,Credit Card,2025-10-11,Closed,101835.22
7452,4020,Savings,2022-03-13,Active,74065.31
7453,2095,Savings,2025-11-07,Active,97564.25
7454,2024,Savings,2022-04-18,Active,142252.79
7455,3223,Investment,2021-05-28,Active,60927.66
7456,2930,Savings,2023-03-23,Closed,38217.56
7457,3039,Credit Card,2021-02-25,Closed,92836.74
7458,4292,Investment,2021-12-10,Active,136014.32
7459,3519,Checking,2025-02-17,Active,41840.41
7460,1823,Checking,2024-07-11,Active,114845.81
7461,4591,Savings,2021-04-07,Active,129774.48
7462,1387,Investment,2021-06-20,Active,71561.17
7463,390,Credit Card,2022-09-06,Active,44949.25
7464,2182,Credit Card,2021-08-11,Active,104092.51
7465,3412,Investment,2022-10-08,Active,63649.11
7466,3237,Credit Card,2021-04-23,Closed,44885.84
7467,219,Checking,2025-12-05,Closed,24450.28
7468,3794,Investment,2023-03-17,Active,144278.69
7469,2925,Savings,2025-05-07,Active,126137.31
7470,3938,Savings,2025-03-30,Closed,42942.81
7471,3083,Savings,2023-02-17,Closed,71124.54
7472,3945,Savings,2025-06-03,Active,115891.67
7473,1444,Savings,2022-06-11,Closed,76737.93
7474,591,Investment,2021-12-27,Closed,115672.31
7475,869,Savings,2021-10-01,Closed,146291.24
7476,1307,Investment,2022-07-27,Closed,91585.07
7477,4918,Credit Card,2025-09-25,Active,87632.84
7478,305,Checking,2023-04-14,Active,127109.99
7479,2843,Checking,2023-04-03,Active,44497.54
7480,302,Investment,2024-02-19,Closed,125072.06
7481,1538,Credit Card,2021-10-21,Closed,75745.21
7482,2181,Checking,2023-12-03,Active,57074.85
7483,1309,Investment,2022-07-20,Active,141358.47
7484,3172,Investment,2022-12-13,Active,94524.8
7485,4387,Investment,2025-02-22,Active,10899.69
7486,1494,Credit Card,2021-02-22,Active,17071.57
7487,1055,Checking,2023-10-26,Closed,75425.18
7488,2453,Investment,2023-08-10,Active,17481.11
7489,4762,Savings,2023-02-08,Active,132798.82
7490,1237,Savings,2024-09-20,Active,57353.49
7491,4028,Investment,2021-03-04,Active,115357.67
7492,4586,Savings,2021-05-28,Closed,81238.09
7493,2712,Savings,2023-03-04,Active,49500.65
7494,1851,Checking,2023-01-19,Active,88463.79
7495,157,Credit Card,2022-09-30,Closed,33249.01
7496,4517,Credit Card,2022-12-27,Active,43873.11
7497,394,Checking,2022-11-27,Active,41994.34
7498,2589,Checking,2025-06-04,Active,110034.87
7499,3124,Investment,2025-04-14,Active,56323.08
7500,4207,Credit Card,2021-04-01,Active,96377.44
