customer_id,customer_name,age,gender,state,customer_segment,join_date,annual_income
1,Customer 1,28,Male,Florida,Mass Affluent,2024-08-02,79106.36
2,Customer 2,27,Other,North Carolina,High Value,2025-02-17,159908.35
3,Customer 3,22,Male,New York,Mass Affluent,2021-03-07,141178.16
4,Customer 4,56,Male,North Carolina,Entry,2021-02-24,78496.94
5,Customer 5,38,Male,California,Entry,2024-04-21,104855.11
6,Customer 6,34,Female,Texas,High Value,2021-11-15,113584.01
7,Customer 7,75,Female,Michigan,Standard,2023-01-06,207568.22
8,Customer 8,50,Other,Texas,Entry,2025-02-03,47336.04
9,Customer 9,74,Other,Michigan,Standard,2022-08-24,157017.47
10,Customer 10,25,Male,New York,Standard,2024-12-13,246748.73
11,Customer 11,35,Male,Georgia,Standard,2025-10-18,129750.27
12,Customer 12,44,Male,Illinois,Standard,2025-09-05,76091.55
13,Customer 13,65,Other,Texas,Mass Affluent,2022-07-01,147510.77
14,Customer 14,31,Female,Georgia,Standard,2022-05-17,247695.14
15,Customer 15,65,Other,New York,Standard,2024-08-03,215427.42
16,Customer 16,24,Male,Ohio,Standard,2025-05-09,118256.25
17,Customer 17,34,Other,Illinois,Mass Affluent,2021-05-16,174196.51
18,Customer 18,62,Female,California,Standard,2023-03-22,60718.67
19,Customer 19,56,Other,Florida,Entry,2025-03-06,227521.03
20,Customer 20,44,Male,California,Entry,2023-03-29,50000.07
21,Customer 21,28,Male,California,Entry,2021-04-07,161209.99
22,Customer 22,45,Other,Virginia,Standard,2023-02-28,243637.24
23,Customer 23,21,Other,Texas,Standard,2025-10-29,199091.72
24,Customer 24,28,Female,Georgia,Mass Affluent,2022-11-28,129819.22
25,Customer 25,67,Female,North Carolina,Mass Affluent,2025-01-18,141689.97
26,Customer 26,61,Female,North Carolina,Mass Affluent,2021-08-06,63624.64
27,Customer 27,31,Other,North Carolina,High Value,2025-04-11,161767.81
28,Customer 28,22,Male,Illinois,Standard,2023-09-28,82679.51
29,Customer 29,57,Male,Texas,Entry,2022-05-09,209525.12
30,Customer 30,55,Male,California,Entry,2025-04-07,238306.71
31,Customer 31,37,Other,Michigan,Entry,2021-12-05,242159.84
32,Customer 32,69,Other,New York,Standard,2024-01-10,117778.31
33,Customer 33,62,Female,Virginia,Entry,2024-10-07,56620.92
34,Customer 34,25,Female,Ohio,Mass Affluent,2022-04-06,159456.83
35,Customer 35,25,Other,Ohio,Mass Affluent,2021-01-15,44828.07
36,Customer 36,42,Male,North Carolina,Mass Affluent,2021-03-06,91265.0
37,Customer 37,34,Other,California,Entry,2023-09-22,83459.39
38,Customer 38,72,Female,New York,High Value,2023-08-27,51324.78
39,Customer 39,43,Female,Georgia,Entry,2023-06-02,220044.08
40,Customer 40,64,Other,Texas,High Value,2021-04-21,118576.68
41,Customer 41,72,Male,New York,Mass Affluent,2022-11-26,71845.96
42,Customer 42,29,Female,California,Standard,2023-07-08,131778.18
43,Customer 43,25,Female,North Carolina,High Value,2025-11-26,41129.43
44,Customer 44,74,Male,Texas,Mass Affluent,2024-01-13,66588.44
45,Customer 45,51,Male,Georgia,High Value,2023-09-22,66220.17
46,Customer 46,45,Female,Virginia,Standard,2021-01-05,123061.65
47,Customer 47,71,Other,Virginia,Mass Affluent,2025-02-05,71777.53
48,Customer 48,24,Other,North Carolina,High Value,2022-03-22,194554.62
49,Customer 49,24,Other,Virginia,Mass Affluent,2021-04-28,42513.51
50,Customer 50,26,Male,Texas,High Value,2023-11-07,178546.76
51,Customer 51,46,Male,Michigan,Mass Affluent,2022-04-27,157362.19
52,Customer 52,60,Male,Georgia,Standard,2021-03-23,235635.38
53,Customer 53,63,Other,Illinois,Mass Affluent,2022-02-23,88435.19
54,Customer 54,63,Other,Florida,Entry,2021-09-26,99558.98
55,Customer 55,25,Male,Virginia,High Value,2025-03-20,46117.36
56,Customer 56,53,Female,California,Standard,2022-03-13,223790.12
57,Customer 57,36,Female,Florida,Mass Affluent,2025-12-06,126400.61
58,Customer 58,66,Female,Michigan,High Value,2024-01-18,176929.9
59,Customer 59,40,Other,Texas,Mass Affluent,2024-02-10,88182.5
60,Customer 60,68,Other,California,Standard,2021-08-08,91986.38
61,Customer 61,66,Female,New York,Standard,2022-03-08,141189.99
62,Customer 62,75,Male,Texas,Entry,2022-05-30,212456.58
63,Customer 63,21,Female,California,Standard,2021-04-01,65548.03
64,Customer 64,56,Other,Georgia,High Value,2023-06-24,54612.25
65,Customer 65,30,Other,Ohio,Standard,2024-11-16,158152.1
66,Customer 66,48,Male,Ohio,Standard,2021-10-31,110223.33
67,Customer 67,23,Female,New York,Mass Affluent,2025-06-19,176725.35
68,Customer 68,70,Other,Georgia,Mass Affluent,2022-12-26,233668.04
69,Customer 69,31,Male,Georgia,High Value,2022-04-30,69459.35
70,Customer 70,71,Female,New York,Standard,2022-11-12,65023.53
71,Customer 71,27,Female,Ohio,Entry,2024-12-07,78935.42
72,Customer 72,50,Female,Florida,Mass Affluent,2025-07-31,79043.18
73,Customer 73,33,Female,Illinois,Standard,2024-09-13,220157.65
74,Customer 74,38,Female,North Carolina,Entry,2025-05-03,179493.99
75,Customer 75,55,Female,Ohio,High Value,2025-09-24,222948.45
76,Customer 76,32,Other,Florida,High Value,2022-06-19,53848.56
77,Customer 77,43,Other,Illinois,Entry,2023-06-09,163365.95
78,Customer 78,28,Female,Michigan,Mass Affluent,2023-11-14,86038.95
79,Customer 79,48,Male,North Carolina,Mass Affluent,2024-12-22,110128.72
80,Customer 80,63,Female,Michigan,Standard,2021-05-24,175945.24
81,Customer 81,67,Female,North Carolina,Standard,2021-09-13,176716.44
82,Customer 82,46,Other,Florida,Mass Affluent,2022-10-31,72204.82
83,Customer 83,45,Other,California,Standard,2024-09-23,119336.54
84,Customer 84,21,Female,Florida,Mass Affluent,2025-09-04,124575.39
85,Customer 85,59,Other,Illinois,Entry,2024-04-02,127192.92
86,Customer 86,34,Other,Virginia,Mass Affluent,2024-10-15,174947.16
87,Customer 87,53,Other,Michigan,Standard,2022-08-05,50545.18
88,Customer 88,36,Other,Florida,Mass Affluent,2025-03-19,207443.84
89,Customer 89,22,Male,New York,Entry,2021-10-29,164480.27
90,Customer 90,25,Female,Georgia,Mass Affluent,2025-04-23,188036.1
91,Customer 91,52,Female,New York,Mass Affluent,2023-02-26,174332.76
92,Customer 92,69,Male,Georgia,Mass Affluent,2021-01-12,68695.07
93,Customer 93,54,Female,Ohio,Mass Affluent,2024-11-26,231843.4
94,Customer 94,50,Male,Virginia,Standard,2021-09-06,239008.71
95,Customer 95,60,Other,North Carolina,Entry,2023-06-26,212725.22
96,Customer 96,49,Male,Virginia,Entry,2024-01-28,87022.14
97,Customer 97,74,Other,Florida,Entry,2022-05-22,167884.66
98,Customer 98,49,Male,Florida,Mass Affluent,2022-07-17,89777.32
99,Customer 99,55,Male,California,Mass Affluent,2022-10-17,80877.53
100,Customer 100,30,Other,New York,High Value,2024-11-22,121270.94
101,Customer 101,55,Female,Georgia,High Value,2022-11-09,75503.57
102,Customer 102,45,Other,Ohio,Entry,2023-05-11,134935.54
103,Customer 103,40,Female,Georgia,Mass Affluent,2022-12-22,137410.49
104,Customer 104,48,Female,Ohio,Entry,2022-07-13,103948.5
105,Customer 105,72,Female,California,Entry,2024-10-22,232299.16
106,Customer 106,55,Male,Georgia,High Value,2024-06-28,48468.44
107,Customer 107,29,Female,California,High Value,2023-05-28,87234.39
108,Customer 108,34,Female,Illinois,Standard,2022-11-02,197470.54
109,Customer 109,38,Female,Florida,High Value,2023-02-16,133467.5
110,Customer 110,55,Male,Illinois,Mass Affluent,2025-03-15,173031.7
111,Customer 111,62,Male,Ohio,Mass Affluent,2025-05-19,73859.35
112,Customer 112,60,Male,New York,Mass Affluent,2021-02-11,134183.43
113,Customer 113,57,Male,Virginia,Standard,2021-08-23,198717.58
114,Customer 114,59,Other,Texas,Mass Affluent,2021-12-10,242238.57
115,Customer 115,58,Male,Florida,Entry,2021-08-10,117263.98
116,Customer 116,33,Male,Michigan,Mass Affluent,2025-01-04,52418.29
117,Customer 117,40,Other,Michigan,High Value,2025-05-02,205169.99
118,Customer 118,71,Male,Illinois,Entry,2024-03-05,175534.69
119,Customer 119,53,Other,Illinois,High Value,2021-05-22,216906.64
120,Customer 120,52,Male,Georgia,Standard,2025-08-12,169828.72
121,Customer 121,50,Other,California,Entry,2025-08-25,68750.13
122,Customer 122,62,Female,Michigan,Entry,2023-12-05,132272.23
123,Customer 123,67,Other,Florida,Standard,2025-08-19,217376.9
124,Customer 124,26,Female,Virginia,Mass Affluent,2025-08-29,195104.78
125,Customer 125,60,Other,Georgia,Standard,2024-03-13,36314.0
126,Customer 126,41,Male,Virginia,Mass Affluent,2025-10-09,108061.49
127,Customer 127,42,Female,Michigan,Standard,2022-06-14,152274.03
128,Customer 128,33,Male,New York,Entry,2023-11-25,137487.13
129,Customer 129,36,Other,Virginia,Entry,2025-04-02,128598.4
130,Customer 130,26,Female,New York,Entry,2021-02-05,182193.17
131,Customer 131,63,Other,Illinois,Entry,2022-09-20,151764.05
132,Customer 132,48,Other,North Carolina,Standard,2022-12-06,107398.32
133,Customer 133,38,Female,Florida,Mass Affluent,2023-07-19,56544.29
134,Customer 134,41,Male,North Carolina,Mass Affluent,2022-01-30,72139.01
135,Customer 135,51,Female,Michigan,Standard,2025-02-21,245712.34
136,Customer 136,33,Female,New York,Standard,2025-09-02,69477.14
137,Customer 137,66,Other,California,Standard,2021-01-29,40013.45
138,Customer 138,56,Female,California,Entry,2021-04-22,52569.28
139,Customer 139,57,Female,Virginia,Entry,2021-01-26,126903.14
140,Customer 140,24,Female,Virginia,High Value,2022-01-13,210865.44
141,Customer 141,52,Male,Michigan,High Value,2023-04-01,63379.94
142,Customer 142,57,Female,Texas,Mass Affluent,2025-07-20,56059.34
143,Customer 143,47,Other,Michigan,Mass Affluent,2025-04-15,200652.58
144,Customer 144,49,Female,Florida,Entry,2023-02-19,97183.65
145,Customer 145,24,Other,Texas,Mass Affluent,2024-06-25,167613.31
146,Customer 146,63,Male,California,Mass Affluent,2022-06-26,68238.98
147,Customer 147,31,Male,Georgia,Entry,2021-06-03,181661.65
148,Customer 148,39,Male,New York,Standard,2023-08-21,185530.28
149,Customer 149,50,Male,New York,Standard,2024-12-10,203322.17
150,Customer 150,58,Other,New York,Entry,2024-07-04,55250.79
151,Customer 151,62,Male,Florida,Mass Affluent,2022-04-06,45710.16
152,Customer 152,71,Female,Michigan,Standard,2021-12-06,126613.76
153,Customer 153,65,Female,Georgia,Standard,2023-08-18,140103.88
154,Customer 154,49,Male,Michigan,High Value,2023-10-09,225673.04
155,Customer 155,41,Other,Florida,High Value,2025-02-13,50091.92
156,Customer 156,74,Other,Michigan,High Value,2024-10-12,249905.93
157,Customer 157,73,Female,Michigan,High Value,2024-10-08,197883.98
158,Customer 158,51,Other,Virginia,Standard,2021-12-25,69927.61
159,Customer 159,48,Other,Virginia,High Value,2024-04-13,133402.29
160,Customer 160,42,Female,Texas,Mass Affluent,2023-04-17,102556.81
161,Customer 161,52,Female,Georgia,High Value,2024-11-21,130061.7
162,Customer 162,37,Female,Texas,Entry,2022-10-07,220280.33
163,Customer 163,21,Other,North Carolina,Entry,2025-08-17,120914.47
164,Customer 164,54,Female,Michigan,Entry,2022-01-20,167589.92
165,Customer 165,24,Male,Florida,Mass Affluent,2025-04-06,234088.01
166,Customer 166,65,Female,Texas,High Value,2023-06-17,244092.3
167,Customer 167,72,Male,California,Standard,2024-05-31,151184.58
168,Customer 168,47,Male,New York,High Value,2024-02-06,131518.54
169,Customer 169,62,Male,Virginia,Standard,2021-08-29,141951.84
170,Customer 170,47,Female,Virginia,Mass Affluent,2022-07-14,130493.02
171,Customer 171,45,Male,Michigan,Mass Affluent,2021-10-24,220085.93
172,Customer 172,70,Female,Illinois,Standard,2022-07-20,210520.88
173,Customer 173,67,Female,Michigan,Entry,2022-08-03,220357.33
174,Customer 174,55,Female,Illinois,Standard,2023-07-04,151421.83
175,Customer 175,45,Female,Illinois,Mass Affluent,2024-01-18,245770.42
176,Customer 176,57,Female,New York,Entry,2022-05-05,39602.41
177,Customer 177,51,Other,Georgia,Entry,2025-03-06,247451.08
178,Customer 178,73,Other,California,Entry,2025-06-11,242261.38
179,Customer 179,53,Other,Illinois,High Value,2021-09-16,222321.88
180,Customer 180,27,Other,Virginia,High Value,2023-06-21,188937.64
181,Customer 181,62,Male,Texas,Entry,2023-04-20,201935.56
182,Customer 182,42,Other,Georgia,High Value,2022-06-27,217388.36
183,Customer 183,64,Other,Georgia,Standard,2025-10-12,167895.82
184,Customer 184,52,Other,Ohio,High Value,2025-04-05,81649.45
185,Customer 185,39,Male,Texas,Entry,2024-11-02,245234.3
186,Customer 186,61,Other,Texas,Entry,2025-04-07,66600.25
187,Customer 187,22,Male,Illinois,High Value,2022-09-06,94540.91
188,Customer 188,48,Male,New York,Entry,2023-02-07,154504.17
189,Customer 189,32,Male,California,High Value,2025-06-12,164088.19
190,Customer 190,60,Other,New York,Entry,2023-02-23,230822.38
191,Customer 191,35,Female,Florida,Entry,2021-10-21,86171.88
192,Customer 192,72,Female,Florida,Mass Affluent,2021-01-20,46249.62
193,Customer 193,58,Female,Georgia,Standard,2022-12-09,130503.88
194,Customer 194,33,Female,Virginia,High Value,2022-09-11,82185.25
195,Customer 195,43,Other,Florida,Standard,2024-03-17,34826.71
196,Customer 196,63,Female,Florida,High Value,2025-08-27,154504.38
197,Customer 197,70,Other,Ohio,Entry,2024-11-05,213224.56
198,Customer 198,70,Male,Michigan,Standard,2022-08-10,78181.0
199,Customer 199,60,Female,California,High Value,2022-01-25,228748.81
200,Customer 200,23,Female,Virginia,High Value,2024-08-16,157506.24
201,Customer 201,29,Male,Florida,Standard,2025-02-08,194445.79
202,Customer 202,33,Male,North Carolina,Standard,2021-12-26,146787.52
203,Customer 203,74,Male,Florida,Entry,2022-07-13,242824.5
204,Customer 204,68,Female,Texas,Entry,2022-08-28,241836.52
205,Customer 205,69,Male,Georgia,Standard,2021-10-16,49866.63
206,Customer 206,21,Female,North Carolina,High Value,2023-03-20,130052.93
207,Customer 207,68,Other,Florida,Entry,2024-10-09,210931.81
208,Customer 208,27,Other,New York,Entry,2023-01-31,35505.42
209,Customer 209,41,Other,New York,High Value,2024-02-24,169788.86
210,Customer 210,65,Female,Georgia,High Value,2023-08-09,60750.94
211,Customer 211,40,Female,Texas,High Value,2021-03-18,81656.01
212,Customer 212,29,Female,Virginia,Standard,2024-01-06,177506.97
213,Customer 213,65,Other,Georgia,Mass Affluent,2025-03-02,224791.03
214,Customer 214,27,Female,Michigan,Entry,2024-09-03,236591.67
215,Customer 215,23,Other,Illinois,Mass Affluent,2022-07-27,127544.28
216,Customer 216,75,Female,Texas,Standard,2022-04-29,149782.49
217,Customer 217,43,Male,Georgia,Standard,2024-08-13,71757.88
218,Customer 218,75,Female,Texas,Mass Affluent,2021-09-08,171174.98
219,Customer 219,22,Male,Illinois,Mass Affluent,2024-05-07,247540.6
220,Customer 220,57,Male,Texas,Mass Affluent,2025-05-31,159004.28
221,Customer 221,35,Female,California,High Value,2025-07-24,91000.47
222,Customer 222,29,Other,Florida,Mass Affluent,2021-10-24,54183.8
223,Customer 223,22,Male,Ohio,Standard,2025-11-10,203796.63
224,Customer 224,58,Female,Ohio,Mass Affluent,2022-05-03,88380.85
225,Customer 225,68,Female,North Carolina,High Value,2021-09-17,194046.36
226,Customer 226,49,Female,North Carolina,High Value,2023-09-03,129441.19
227,Customer 227,60,Male,North Carolina,Standard,2022-03-30,130769.35
228,Customer 228,24,Female,Georgia,Entry,2021-03-05,180941.45
229,Customer 229,66,Female,Texas,High Value,2023-10-02,100864.6
230,Customer 230,25,Male,Florida,Standard,2021-10-31,113798.97
231,Customer 231,54,Female,Virginia,Entry,2024-05-08,51819.26
232,Customer 232,28,Other,North Carolina,Mass Affluent,2024-12-08,124615.39
233,Customer 233,47,Female,Virginia,Entry,2022-04-13,121517.72
234,Customer 234,41,Female,Illinois,Standard,2021-07-14,112346.23
235,Customer 235,64,Female,Texas,High Value,2021-11-09,212989.82
236,Customer 236,48,Male,Illinois,Mass Affluent,2021-07-10,152401.56
237,Customer 237,56,Other,Illinois,High Value,2024-04-16,120377.9
238,Customer 238,63,Female,Ohio,Standard,2025-11-25,162090.22
239,Customer 239,27,Other,North Carolina,Mass Affluent,2022-12-22,64040.64
240,Customer 240,35,Male,Illinois,Standard,2023-09-15,55274.77
241,Customer 241,57,Male,Georgia,High Value,2022-07-25,163978.88
242,Customer 242,74,Other,Florida,High Value,2024-09-09,69691.54
243,Customer 243,69,Female,Illinois,Standard,2024-12-10,31343.27
244,Customer 244,30,Other,Georgia,High Value,2025-11-17,61212.42
245,Customer 245,22,Male,North Carolina,Mass Affluent,2024-07-20,112762.77
246,Customer 246,42,Male,Illinois,Standard,2023-07-19,188751.11
247,Customer 247,57,Other,Texas,High Value,2025-05-10,64227.58
248,Customer 248,60,Male,Texas,Standard,2025-03-26,127484.85
249,Customer 249,52,Other,Virginia,Entry,2023-05-19,90096.71
250,Customer 250,53,Male,Illinois,Entry,2025-03-27,54395.75
251,Customer 251,64,Other,Virginia,Standard,2024-10-20,39991.82
252,Customer 252,59,Male,Ohio,Mass Affluent,2023-03-21,96312.26
253,Customer 253,70,Male,Florida,Standard,2022-03-09,102186.92
254,Customer 254,52,Other,Georgia,Mass Affluent,2021-01-16,58420.85
255,Customer 255,66,Male,North Carolina,Standard,2023-12-27,45856.61
256,Customer 256,68,Male,Georgia,High Value,2025-10-31,131145.94
257,Customer 257,41,Other,Georgia,Entry,2021-06-09,186089.77
258,Customer 258,39,Male,Georgia,High Value,2023-05-06,242563.93
259,Customer 259,72,Other,Virginia,Standard,2021-12-18,49388.57
260,Customer 260,27,Male,Georgia,Entry,2025-09-26,145271.76
261,Customer 261,40,Other,Illinois,Mass Affluent,2023-03-22,103275.1
262,Customer 262,25,Other,Texas,Mass Affluent,2021-12-11,229303.0
263,Customer 263,43,Other,California,Mass Affluent,2022-12-17,52617.0
264,Customer 264,33,Male,Michigan,Mass Affluent,2022-06-09,197247.37
265,Customer 265,25,Male,Virginia,Entry,2024-09-04,195978.08
266,Customer 266,58,Female,Michigan,Standard,2025-04-06,220134.31
267,Customer 267,41,Male,Virginia,High Value,2024-07-08,133162.64
268,Customer 268,40,Female,Michigan,High Value,2024-07-17,107427.29
269,Customer 269,40,Female,Virginia,High Value,2021-06-01,42515.81
270,Customer 270,39,Male,Texas,Entry,2025-08-31,131796.56
271,Customer 271,71,Other,Ohio,Entry,2024-02-10,229990.99
272,Customer 272,62,Male,Illinois,Entry,2024-03-16,140300.81
273,Customer 273,49,Male,Illinois,High Value,2021-05-07,141000.78
274,Customer 274,23,Male,Virginia,Entry,2021-12-20,145295.08
275,Customer 275,31,Female,Illinois,Standard,2024-06-02,115231.64
276,Customer 276,42,Other,Michigan,High Value,2025-05-06,203629.92
277,Customer 277,42,Male,Illinois,High Value,2024-08-18,152751.91
278,Customer 278,39,Female,Michigan,Mass Affluent,2023-03-03,103339.65
279,Customer 279,63,Male,Illinois,Standard,2024-04-08,242893.23
280,Customer 280,63,Female,California,High Value,2024-12-01,98108.02
281,Customer 281,62,Female,California,High Value,2023-02-11,172125.46
282,Customer 282,53,Female,Ohio,Standard,2023-05-18,97950.54
283,Customer 283,42,Female,New York,Mass Affluent,2022-03-15,249994.86
284,Customer 284,25,Female,Texas,High Value,2021-11-14,175624.43
285,Customer 285,70,Other,California,Entry,2025-11-30,63935.61
286,Customer 286,74,Other,Michigan,Mass Affluent,2022-01-06,188660.26
287,Customer 287,47,Female,New York,Entry,2021-03-31,164330.99
288,Customer 288,68,Female,New York,Mass Affluent,2025-03-21,98082.94
289,Customer 289,71,Female,New York,Standard,2025-07-15,179227.5
290,Customer 290,49,Female,Florida,Entry,2024-03-14,140639.47
291,Customer 291,31,Male,Michigan,Mass Affluent,2023-05-08,222060.42
292,Customer 292,62,Female,Illinois,High Value,2021-04-17,186508.21
293,Customer 293,75,Male,Florida,High Value,2023-11-23,197885.7
294,Customer 294,49,Other,California,Entry,2022-07-13,50176.99
295,Customer 295,73,Female,Illinois,High Value,2022-03-31,121277.32
296,Customer 296,53,Female,New York,Entry,2023-03-23,248795.58
297,Customer 297,35,Male,Illinois,High Value,2023-02-07,214618.78
298,Customer 298,42,Male,California,High Value,2024-08-24,93113.47
299,Customer 299,51,Other,California,Entry,2025-08-27,128692.32
300,Customer 300,26,Male,Florida,Mass Affluent,2021-01-11,213691.88
301,Customer 301,67,Other,North Carolina,Entry,2024-01-29,54461.11
302,Customer 302,36,Female,Texas,High Value,2022-08-14,82456.69
303,Customer 303,71,Other,Virginia,High Value,2024-08-01,54388.74
304,Customer 304,59,Other,Ohio,Mass Affluent,2023-10-21,188079.75
305,Customer 305,48,Male,Michigan,Standard,2022-08-20,82924.13
306,Customer 306,32,Other,Texas,Standard,2023-05-04,44889.45
307,Customer 307,55,Other,North Carolina,High Value,2023-12-14,115899.82
308,Customer 308,23,Other,Georgia,Standard,2023-08-21,85803.06
309,Customer 309,43,Male,Illinois,Mass Affluent,2021-02-03,191247.02
310,Customer 310,27,Other,Illinois,Mass Affluent,2024-07-10,39753.85
311,Customer 311,42,Other,California,Entry,2024-01-24,245780.22
312,Customer 312,61,Male,California,High Value,2023-09-08,187529.91
313,Customer 313,23,Female,New York,High Value,2023-07-27,204044.03
314,Customer 314,41,Female,North Carolina,Entry,2021-03-27,247606.99
315,Customer 315,51,Female,Ohio,Mass Affluent,2024-01-18,92944.4
316,Customer 316,70,Male,Illinois,Standard,2025-11-01,57384.5
317,Customer 317,48,Female,Virginia,Entry,2023-01-24,104588.06
318,Customer 318,52,Other,Virginia,Standard,2022-01-18,233348.3
319,Customer 319,38,Male,Georgia,High Value,2023-11-30,124733.57
320,Customer 320,32,Other,Florida,Standard,2025-08-12,52571.54
321,Customer 321,63,Female,Florida,Entry,2022-11-03,162576.76
322,Customer 322,31,Other,Virginia,Standard,2023-05-23,128368.53
323,Customer 323,43,Other,Georgia,Standard,2025-01-28,170683.25
324,Customer 324,24,Male,Georgia,Standard,2025-06-09,142878.92
325,Customer 325,64,Male,Ohio,Mass Affluent,2025-03-16,216707.25
326,Customer 326,71,Female,Ohio,Mass Affluent,2024-10-20,44791.34
327,Customer 327,62,Female,Illinois,Entry,2025-05-14,238882.76
328,Customer 328,59,Male,Virginia,Standard,2021-03-08,111842.94
329,Customer 329,25,Other,California,Standard,2025-04-12,117567.49
330,Customer 330,38,Male,Texas,High Value,2024-08-23,191848.47
331,Customer 331,54,Female,North Carolina,High Value,2023-10-20,87590.87
332,Customer 332,66,Female,New York,Standard,2022-06-18,182675.74
333,Customer 333,33,Male,California,High Value,2023-10-03,129449.39
334,Customer 334,49,Male,Illinois,Standard,2024-12-31,186098.91
335,Customer 335,55,Female,Florida,Mass Affluent,2024-02-01,186598.0
336,Customer 336,61,Male,Illinois,Mass Affluent,2024-12-05,56699.74
337,Customer 337,71,Male,New York,Entry,2022-02-16,35782.49
338,Customer 338,57,Female,Virginia,Mass Affluent,2024-02-09,164628.64
339,Customer 339,25,Female,Georgia,Entry,2021-06-26,145653.04
340,Customer 340,47,Other,Texas,Mass Affluent,2025-04-25,243923.54
341,Customer 341,25,Female,Virginia,Standard,2024-08-08,58233.61
342,Customer 342,70,Other,Michigan,Mass Affluent,2025-08-25,198911.96
343,Customer 343,48,Other,Ohio,High Value,2021-09-22,143982.47
344,Customer 344,31,Male,Illinois,Mass Affluent,2022-09-15,106125.08
345,Customer 345,39,Male,Florida,Mass Affluent,2023-11-29,169712.56
346,Customer 346,38,Male,Florida,High Value,2024-02-03,140566.09
347,Customer 347,58,Other,California,Mass Affluent,2021-12-12,174921.23
348,Customer 348,59,Female,Michigan,High Value,2025-01-15,211551.98
349,Customer 349,26,Male,Michigan,Standard,2021-02-28,173248.6
350,Customer 350,57,Female,Michigan,High Value,2025-04-20,139568.37
351,Customer 351,55,Female,Florida,Entry,2024-07-08,83873.14
352,Customer 352,64,Female,Florida,Entry,2025-07-12,46054.07
353,Customer 353,31,Female,Georgia,Entry,2021-05-03,132177.27
354,Customer 354,59,Male,Illinois,Standard,2022-11-28,191523.95
355,Customer 355,43,Female,California,Standard,2025-10-29,143295.63
356,Customer 356,41,Male,Virginia,High Value,2021-08-06,88843.77
357,Customer 357,30,Male,Ohio,Standard,2022-05-23,237984.68
358,Customer 358,60,Female,New York,Mass Affluent,2025-11-05,208965.13
359,Customer 359,67,Female,New York,Mass Affluent,2024-03-29,139618.42
360,Customer 360,50,Female,Florida,Entry,2023-11-21,35098.79
361,Customer 361,53,Female,New York,Mass Affluent,2023-03-17,158335.7
362,Customer 362,24,Female,Virginia,Entry,2021-04-10,92864.64
363,Customer 363,75,Male,Georgia,Mass Affluent,2021-01-17,224140.26
364,Customer 364,44,Female,Illinois,High Value,2025-01-29,118127.96
365,Customer 365,56,Male,Illinois,Standard,2024-03-13,46176.98
366,Customer 366,49,Other,Florida,High Value,2023-10-30,58305.95
367,Customer 367,46,Female,Illinois,Standard,2021-07-18,196092.34
368,Customer 368,59,Other,Georgia,High Value,2022-02-12,39966.74
369,Customer 369,66,Female,Virginia,Entry,2021-10-08,62766.95
370,Customer 370,29,Female,Michigan,Standard,2023-11-22,65750.45
371,Customer 371,68,Female,Michigan,Standard,2024-06-16,141609.3
372,Customer 372,55,Female,Michigan,Standard,2023-11-10,134476.37
373,Customer 373,44,Female,Texas,Entry,2021-02-04,158414.47
374,Customer 374,67,Other,Ohio,Entry,2025-06-20,88416.7
375,Customer 375,71,Other,Michigan,Mass Affluent,2024-09-04,188708.02
376,Customer 376,51,Male,North Carolina,Entry,2024-04-10,62510.66
377,Customer 377,36,Male,Michigan,High Value,2024-10-26,71972.55
378,Customer 378,41,Female,California,Entry,2023-06-23,181910.06
379,Customer 379,53,Other,Virginia,High Value,2023-04-21,185270.55
380,Customer 380,34,Other,Illinois,Entry,2023-11-29,145604.97
381,Customer 381,32,Female,North Carolina,Standard,2022-10-05,150180.11
382,Customer 382,70,Other,Florida,Entry,2024-10-16,72298.12
383,Customer 383,38,Other,Florida,Mass Affluent,2022-05-20,237126.82
384,Customer 384,70,Female,New York,Entry,2022-09-02,99748.96
385,Customer 385,56,Other,Florida,Standard,2022-12-16,56812.3
386,Customer 386,55,Female,Georgia,Standard,2024-10-17,240013.95
387,Customer 387,30,Female,Ohio,Standard,2025-07-06,240169.02
388,Customer 388,43,Female,Florida,Entry,2021-06-11,77077.1
389,Customer 389,55,Female,North Carolina,Standard,2025-08-23,60200.05
390,Customer 390,68,Other,New York,Mass Affluent,2024-06-14,41168.39
391,Customer 391,35,Other,New York,High Value,2023-12-24,52043.55
392,Customer 392,66,Female,Texas,Mass Affluent,2022-11-08,31139.92
393,Customer 393,31,Female,Virginia,Entry,2024-02-02,173118.51
394,Customer 394,39,Female,Florida,High Value,2025-03-29,229746.13
395,Customer 395,62,Other,New York,High Value,2021-07-03,230910.54
396,Customer 396,47,Male,Ohio,Entry,2021-12-25,203351.34
397,Customer 397,68,Female,Ohio,High Value,2022-01-17,95646.29
398,Customer 398,27,Female,Florida,Entry,2024-05-19,247601.88
399,Customer 399,54,Female,California,Entry,2024-01-18,90024.16
400,Customer 400,28,Female,California,Entry,2025-07-15,172622.77
401,Customer 401,32,Male,Illinois,Standard,2025-01-11,154911.87
402,Customer 402,33,Male,Michigan,Entry,2025-03-31,211937.76
403,Customer 403,41,Male,Georgia,High Value,2023-11-22,70651.86
404,Customer 404,51,Female,New York,High Value,2021-10-15,87372.76
405,Customer 405,49,Female,Illinois,Standard,2022-04-28,158141.37
406,Customer 406,21,Female,Illinois,Mass Affluent,2024-03-19,43667.35
407,Customer 407,50,Female,California,Entry,2021-08-31,180936.2
408,Customer 408,70,Female,Texas,Standard,2024-12-11,110859.66
409,Customer 409,35,Male,Virginia,Mass Affluent,2022-03-29,130095.31
410,Customer 410,44,Female,North Carolina,Entry,2024-05-25,196617.12
411,Customer 411,63,Male,New York,High Value,2025-07-01,145611.46
412,Customer 412,66,Female,Texas,High Value,2023-12-18,43586.77
413,Customer 413,53,Male,Michigan,Mass Affluent,2024-01-27,66198.17
414,Customer 414,54,Female,Texas,Mass Affluent,2025-10-16,187721.95
415,Customer 415,26,Other,Virginia,High Value,2023-09-29,129755.11
416,Customer 416,47,Female,Michigan,High Value,2023-11-18,152935.38
417,Customer 417,72,Female,Ohio,Entry,2024-10-09,85980.59
418,Customer 418,68,Male,Michigan,High Value,2021-01-07,39963.76
419,Customer 419,65,Male,North Carolina,High Value,2022-12-07,235608.22
420,Customer 420,51,Male,Florida,Entry,2021-05-22,69595.89
421,Customer 421,70,Other,Georgia,Standard,2021-10-05,248428.45
422,Customer 422,49,Female,Georgia,High Value,2023-02-23,180200.68
423,Customer 423,55,Male,Illinois,High Value,2024-09-17,69264.2
424,Customer 424,46,Other,California,Mass Affluent,2024-01-06,213660.75
425,Customer 425,22,Female,Virginia,Entry,2025-03-29,147025.39
426,Customer 426,35,Male,Virginia,Standard,2025-08-14,64126.7
427,Customer 427,67,Male,Ohio,Entry,2022-01-22,165283.11
428,Customer 428,36,Male,Texas,High Value,2021-02-02,160667.71
429,Customer 429,59,Other,Ohio,Mass Affluent,2023-07-04,192919.04
430,Customer 430,49,Male,North Carolina,Mass Affluent,2023-04-04,195964.86
431,Customer 431,24,Male,North Carolina,Standard,2025-05-09,81515.53
432,Customer 432,57,Female,Michigan,Standard,2025-02-07,82118.89
433,Customer 433,30,Other,North Carolina,Mass Affluent,2025-11-30,120983.25
434,Customer 434,24,Other,Michigan,Mass Affluent,2022-07-18,167718.49
435,Customer 435,56,Female,Ohio,Standard,2023-05-25,237149.01
436,Customer 436,45,Other,Illinois,Entry,2024-10-06,119817.02
437,Customer 437,45,Male,North Carolina,Entry,2022-09-07,83013.0
438,Customer 438,40,Other,California,Entry,2022-04-07,231243.06
439,Customer 439,47,Female,North Carolina,Mass Affluent,2024-02-26,115452.19
440,Customer 440,34,Female,Texas,Entry,2022-06-07,216369.34
441,Customer 441,55,Other,New York,High Value,2021-07-09,89061.55
442,Customer 442,59,Other,Ohio,High Value,2024-10-11,71395.92
443,Customer 443,58,Other,North Carolina,Mass Affluent,2025-04-09,135466.73
444,Customer 444,42,Female,Ohio,Mass Affluent,2025-11-16,236175.15
445,Customer 445,28,Other,Virginia,Mass Affluent,2025-02-27,183037.78
446,Customer 446,34,Female,New York,Standard,2024-12-12,200613.05
447,Customer 447,50,Other,Illinois,Standard,2023-02-19,87543.56
448,Customer 448,52,Female,Texas,Entry,2023-11-17,197558.37
449,Customer 449,34,Female,Illinois,Entry,2022-10-18,40057.4
450,Customer 450,35,Other,California,High Value,2025-11-05,87370.3
451,Customer 451,58,Other,Georgia,Standard,2024-04-11,63530.51
452,Customer 452,35,Female,Michigan,Mass Affluent,2022-11-07,139846.33
453,Customer 453,64,Female,Florida,Entry,2024-09-02,242631.82
454,Customer 454,68,Female,Virginia,Mass Affluent,2024-08-07,191209.89
455,Customer 455,31,Male,North Carolina,Entry,2022-12-23,70490.51
456,Customer 456,62,Male,North Carolina,High Value,2024-01-16,214595.07
457,Customer 457,73,Other,Ohio,High Value,2021-06-02,120726.29
458,Customer 458,61,Male,Texas,Mass Affluent,2025-09-22,32011.12
459,Customer 459,50,Female,Ohio,Entry,2023-11-02,175042.56
460,Customer 460,21,Other,North Carolina,Entry,2021-02-02,32607.21
461,Customer 461,67,Female,North Carolina,Standard,2023-12-21,33771.37
462,Customer 462,65,Other,Georgia,Mass Affluent,2025-07-24,53543.61
463,Customer 463,54,Male,New York,Mass Affluent,2021-07-17,166351.79
464,Customer 464,73,Female,Florida,Entry,2022-06-01,47384.23
465,Customer 465,50,Other,New York,Mass Affluent,2023-04-12,95994.42
466,Customer 466,75,Male,Ohio,High Value,2025-08-23,119161.23
467,Customer 467,56,Female,Ohio,High Value,2023-02-12,184625.93
468,Customer 468,52,Female,Illinois,High Value,2021-06-19,226854.07
469,Customer 469,35,Male,Michigan,Entry,2021-03-29,89640.91
470,Customer 470,64,Female,North Carolina,High Value,2021-06-02,69457.99
471,Customer 471,41,Male,New York,Mass Affluent,2025-10-08,195495.98
472,Customer 472,73,Female,Texas,Standard,2024-12-30,65739.06
473,Customer 473,57,Female,North Carolina,Standard,2022-05-08,114446.17
474,Customer 474,29,Other,Texas,Standard,2025-02-23,41813.22
475,Customer 475,35,Male,Illinois,Entry,2023-06-15,243162.52
476,Customer 476,22,Other,Florida,Entry,2022-10-31,137932.76
477,Customer 477,56,Female,Georgia,Mass Affluent,2022-12-30,179532.87
478,Customer 478,45,Male,Michigan,Standard,2024-09-15,205572.14
479,Customer 479,25,Male,Florida,Mass Affluent,2024-12-31,113600.0
480,Customer 480,61,Male,Georgia,Standard,2025-05-25,109354.05
481,Customer 481,21,Female,Virginia,Standard,2021-07-07,197496.23
482,Customer 482,29,Male,California,Entry,2021-07-29,128745.61
483,Customer 483,53,Female,Texas,High Value,2024-02-11,49716.15
484,Customer 484,26,Other,Michigan,Standard,2024-02-10,220018.0
485,Customer 485,39,Female,Georgia,High Value,2021-01-26,189465.65
486,Customer 486,36,Other,North Carolina,Mass Affluent,2024-02-20,180769.52
487,Customer 487,29,Female,Florida,Standard,2021-12-14,138487.27
488,Customer 488,31,Female,Florida,Entry,2021-05-10,95945.5
489,Customer 489,25,Female,Florida,Mass Affluent,2025-05-22,188597.88
490,Customer 490,59,Other,New York,Entry,2023-10-13,53533.92
491,Customer 491,21,Female,Illinois,Entry,2022-09-16,206896.82
492,Customer 492,49,Female,Georgia,Mass Affluent,2022-11-06,96095.76
493,Customer 493,65,Male,Virginia,Standard,2024-05-20,69080.2
494,Customer 494,41,Female,Virginia,Mass Affluent,2023-03-27,101694.97
495,Customer 495,73,Female,Illinois,High Value,2022-07-29,235054.77
496,Customer 496,58,Other,California,High Value,2022-02-14,239661.01
497,Customer 497,66,Male,Virginia,Standard,2023-08-04,212882.0
498,Customer 498,73,Female,Virginia,Mass Affluent,2021-05-22,169333.93
499,Customer 499,37,Other,California,Entry,2022-05-11,203596.89
500,Customer 500,49,Other,Virginia,Entry,2021-06-01,147560.83
501,Customer 501,65,Female,North Carolina,High Value,2025-11-17,203958.6
502,Customer 502,65,Other,Michigan,High Value,2023-01-07,54061.27
503,Customer 503,63,Other,Illinois,Mass Affluent,2022-05-24,172339.97
504,Customer 504,57,Other,Georgia,Standard,2021-04-01,242457.69
505,Customer 505,27,Male,Texas,Standard,2023-06-01,78840.24
506,Customer 506,54,Other,Michigan,Mass Affluent,2025-03-10,128071.28
507,Customer 507,50,Other,Michigan,Mass Affluent,2023-03-13,105892.83
508,Customer 508,51,Male,Florida,Entry,2021-02-20,232520.46
509,Customer 509,28,Other,California,Standard,2021-06-25,98615.88
510,Customer 510,71,Male,North Carolina,Entry,2023-07-22,106626.07
511,Customer 511,49,Other,Virginia,Standard,2021-07-19,44778.35
512,Customer 512,72,Other,Texas,High Value,2021-04-02,216819.6
513,Customer 513,27,Other,California,Mass Affluent,2024-08-20,143518.66
514,Customer 514,31,Female,North Carolina,Entry,2024-02-05,240861.78
515,Customer 515,72,Female,California,Mass Affluent,2022-04-20,170905.35
516,Customer 516,46,Male,Michigan,Mass Affluent,2023-06-05,128906.5
517,Customer 517,45,Male,New York,Mass Affluent,2023-05-30,91235.86
518,Customer 518,72,Male,Michigan,High Value,2024-12-12,205890.52
519,Customer 519,32,Female,Illinois,Mass Affluent,2024-01-05,130661.09
520,Customer 520,63,Female,North Carolina,Standard,2022-06-22,161333.58
521,Customer 521,46,Other,Texas,Standard,2024-06-05,107436.68
522,Customer 522,60,Male,Florida,High Value,2023-07-27,177864.22
523,Customer 523,28,Male,Florida,High Value,2022-10-04,70269.79
524,Customer 524,30,Other,Georgia,Entry,2024-11-21,161213.68
525,Customer 525,45,Female,California,Entry,2024-03-23,169810.36
526,Customer 526,62,Male,North Carolina,Mass Affluent,2024-11-21,137721.25
527,Customer 527,32,Female,Virginia,High Value,2021-10-15,220414.89
528,Customer 528,52,Male,New York,Entry,2021-01-20,242042.4
529,Customer 529,62,Female,Georgia,Entry,2023-11-02,121438.7
530,Customer 530,49,Female,California,High Value,2025-09-17,154387.52
531,Customer 531,69,Male,Florida,High Value,2025-06-18,90467.64
532,Customer 532,39,Male,Virginia,Entry,2024-01-07,150939.76
533,Customer 533,57,Male,Florida,Standard,2021-08-20,149249.54
534,Customer 534,23,Other,Virginia,Mass Affluent,2025-03-30,247750.66
535,Customer 535,68,Other,New York,Standard,2021-07-29,222458.17
536,Customer 536,49,Female,Illinois,High Value,2021-03-08,126595.38
537,Customer 537,70,Male,New York,Standard,2021-08-29,219430.71
538,Customer 538,61,Female,California,Mass Affluent,2024-06-03,202666.85
539,Customer 539,34,Male,Michigan,Standard,2025-07-25,147101.78
540,Customer 540,55,Male,Illinois,Standard,2024-05-07,93653.31
541,Customer 541,75,Other,Texas,Mass Affluent,2022-07-02,241809.84
542,Customer 542,47,Male,Florida,Mass Affluent,2025-05-29,184313.84
543,Customer 543,36,Male,Illinois,Mass Affluent,2021-09-29,197524.19
544,Customer 544,46,Female,California,Standard,2024-10-16,168118.82
545,Customer 545,49,Male,Texas,Entry,2023-02-08,143434.96
546,Customer 546,65,Female,Virginia,Entry,2022-07-24,102003.64
547,Customer 547,70,Other,Texas,Entry,2021-01-06,169664.92
548,Customer 548,43,Male,North Carolina,Entry,2024-11-29,77922.59
549,Customer 549,73,Male,Virginia,Standard,2023-05-30,101030.33
550,Customer 550,42,Other,Michigan,Mass Affluent,2022-08-04,154551.26
551,Customer 551,71,Female,Ohio,High Value,2023-09-21,51906.44
552,Customer 552,74,Female,Ohio,High Value,2025-05-25,234475.23
553,Customer 553,49,Female,Ohio,Entry,2021-11-20,74510.01
554,Customer 554,29,Other,Florida,Mass Affluent,2024-11-11,222373.14
555,Customer 555,38,Male,Illinois,Standard,2025-12-01,48132.52
556,Customer 556,62,Male,Ohio,Entry,2024-09-22,167632.94
557,Customer 557,65,Male,Georgia,High Value,2025-01-26,184813.57
558,Customer 558,34,Female,Texas,Mass Affluent,2021-01-03,160609.49
559,Customer 559,64,Female,Ohio,High Value,2023-11-30,183031.36
560,Customer 560,28,Female,California,Entry,2025-08-01,45582.23
561,Customer 561,26,Other,Texas,High Value,2023-02-24,98937.33
562,Customer 562,29,Female,California,Mass Affluent,2022-09-05,45050.55
563,Customer 563,21,Other,California,Entry,2024-02-28,107261.3
564,Customer 564,61,Other,California,Entry,2022-03-13,165536.72
565,Customer 565,34,Male,Texas,Mass Affluent,2023-06-26,195538.04
566,Customer 566,67,Female,Illinois,Entry,2024-04-22,99190.81
567,Customer 567,36,Female,Texas,Mass Affluent,2021-10-14,151747.26
568,Customer 568,67,Other,Florida,High Value,2024-05-13,216536.26
569,Customer 569,40,Male,North Carolina,Mass Affluent,2024-09-10,194525.6
570,Customer 570,62,Male,New York,Entry,2022-08-29,114894.83
571,Customer 571,52,Other,Michigan,High Value,2022-05-09,146223.03
572,Customer 572,44,Female,California,Entry,2021-01-25,219379.08
573,Customer 573,47,Female,North Carolina,Mass Affluent,2024-03-10,197799.71
574,Customer 574,25,Male,Michigan,High Value,2025-04-27,33034.55
575,Customer 575,23,Male,Georgia,Standard,2022-03-18,168285.55
576,Customer 576,70,Female,Georgia,Entry,2023-10-24,48134.12
577,Customer 577,55,Other,California,Standard,2024-01-04,48391.36
578,Customer 578,53,Male,California,Standard,2021-06-11,115960.93
579,Customer 579,69,Other,Texas,Standard,2024-07-23,183708.69
580,Customer 580,75,Male,Ohio,Mass Affluent,2025-02-03,48966.82
581,Customer 581,28,Female,Michigan,High Value,2023-06-09,98043.81
582,Customer 582,63,Other,California,High Value,2025-02-27,32786.29
583,Customer 583,65,Male,California,Entry,2021-10-09,239663.56
584,Customer 584,54,Other,Florida,Mass Affluent,2023-12-08,111811.27
585,Customer 585,70,Female,Texas,High Value,2025-03-16,103702.43
586,Customer 586,38,Other,Texas,Standard,2023-05-30,186711.11
587,Customer 587,61,Male,Virginia,Entry,2024-03-26,142372.01
588,Customer 588,52,Other,California,Standard,2021-04-24,64608.2
589,Customer 589,27,Other,Texas,Mass Affluent,2025-05-03,192971.59
590,Customer 590,23,Male,New York,High Value,2021-01-06,133788.21
591,Customer 591,30,Male,Ohio,Entry,2023-02-24,79393.37
592,Customer 592,47,Other,Illinois,Standard,2022-05-24,211719.34
593,Customer 593,44,Male,North Carolina,High Value,2024-03-16,69455.76
594,Customer 594,54,Male,Georgia,High Value,2025-07-06,222938.07
595,Customer 595,39,Female,Illinois,High Value,2025-11-09,151680.11
596,Customer 596,44,Male,Florida,Standard,2021-01-17,192706.72
597,Customer 597,50,Female,Michigan,Entry,2022-05-12,249513.17
598,Customer 598,33,Other,North Carolina,Mass Affluent,2025-05-09,63124.6
599,Customer 599,22,Male,North Carolina,Standard,2023-04-20,169907.2
600,Customer 600,21,Female,Ohio,Entry,2024-11-21,216781.32
601,Customer 601,40,Male,New York,Mass Affluent,2025-01-29,122359.49
602,Customer 602,30,Other,Florida,High Value,2021-05-03,39658.06
603,Customer 603,75,Other,Georgia,Standard,2022-04-20,130860.77
604,Customer 604,26,Other,Texas,Mass Affluent,2025-03-12,170187.45
605,Customer 605,25,Other,Michigan,High Value,2023-03-19,125696.23
606,Customer 606,36,Female,Florida,Standard,2021-09-25,233729.23
607,Customer 607,65,Other,Illinois,Standard,2023-03-16,129606.73
608,Customer 608,25,Male,California,High Value,2022-04-24,64190.32
609,Customer 609,49,Female,Illinois,Entry,2021-12-03,56562.08
610,Customer 610,70,Male,Virginia,Standard,2023-01-04,131936.25
611,Customer 611,28,Male,California,Standard,2025-10-12,211805.07
612,Customer 612,59,Male,New York,Standard,2024-11-28,62631.24
613,Customer 613,36,Female,Georgia,High Value,2024-12-27,178980.34
614,Customer 614,73,Male,Ohio,Entry,2022-06-17,218012.29
615,Customer 615,68,Other,New York,High Value,2024-02-13,131649.51
616,Customer 616,71,Male,Texas,High Value,2025-07-05,43567.22
617,Customer 617,35,Male,New York,Entry,2025-05-19,111892.74
618,Customer 618,62,Male,Michigan,Standard,2024-07-14,231834.29
619,Customer 619,22,Male,New York,Entry,2021-06-03,208045.71
620,Customer 620,75,Female,Texas,High Value,2021-07-08,237301.75
621,Customer 621,31,Other,Georgia,Entry,2021-04-14,139147.81
622,Customer 622,64,Female,California,Standard,2023-02-23,77237.54
623,Customer 623,38,Female,Virginia,Mass Affluent,2022-01-19,37622.88
624,Customer 624,60,Male,Florida,Entry,2024-06-22,120638.29
625,Customer 625,51,Male,Texas,Standard,2024-02-02,114263.36
626,Customer 626,33,Other,North Carolina,Mass Affluent,2023-05-09,168765.97
627,Customer 627,55,Male,Georgia,Standard,2025-07-01,135530.58
628,Customer 628,52,Female,Michigan,Standard,2025-05-20,115443.88
629,Customer 629,22,Female,Michigan,Mass Affluent,2022-01-04,36446.76
630,Customer 630,70,Female,Ohio,Entry,2025-07-19,146475.1
631,Customer 631,58,Male,California,High Value,2025-04-20,84528.55
632,Customer 632,38,Other,Ohio,Mass Affluent,2022-05-09,156652.26
633,Customer 633,45,Female,California,Mass Affluent,2025-06-22,82041.25
634,Customer 634,72,Other,Illinois,High Value,2022-10-14,184759.63
635,Customer 635,57,Other,California,Mass Affluent,2022-12-22,214073.3
636,Customer 636,52,Other,Florida,Mass Affluent,2025-07-18,137896.01
637,Customer 637,24,Male,Michigan,Mass Affluent,2021-07-04,34384.16
638,Customer 638,21,Female,Michigan,Mass Affluent,2023-09-06,207417.99
639,Customer 639,66,Male,Illinois,High Value,2022-11-29,34820.84
640,Customer 640,66,Male,Texas,Standard,2024-04-16,241322.93
641,Customer 641,66,Other,Georgia,High Value,2023-02-05,104043.44
642,Customer 642,29,Male,Georgia,Entry,2022-10-23,172819.66
643,Customer 643,66,Other,Michigan,Standard,2021-12-23,79112.19
644,Customer 644,73,Male,Georgia,Standard,2024-04-21,191478.89
645,Customer 645,29,Male,Ohio,Entry,2022-08-27,217166.53
646,Customer 646,57,Male,California,Standard,2025-04-28,232628.41
647,Customer 647,35,Other,Michigan,High Value,2024-06-06,236071.31
648,Customer 648,42,Other,Texas,Mass Affluent,2021-10-16,106298.23
649,Customer 649,31,Other,Texas,Standard,2022-10-17,128258.59
650,Customer 650,34,Male,Texas,Standard,2022-06-28,86464.75
651,Customer 651,67,Male,Ohio,Entry,2021-08-10,126408.43
652,Customer 652,31,Female,Virginia,Entry,2023-05-10,107270.86
653,Customer 653,27,Female,Michigan,Mass Affluent,2023-02-08,65784.43
654,Customer 654,72,Male,Florida,High Value,2021-05-31,100117.72
655,Customer 655,25,Female,California,Entry,2021-08-03,65398.99
656,Customer 656,56,Male,Illinois,Entry,2021-06-03,184991.02
657,Customer 657,62,Male,Michigan,Entry,2023-06-03,64562.83
658,Customer 658,42,Male,New York,Entry,2021-07-27,183383.27
659,Customer 659,67,Other,Florida,Standard,2025-01-18,95428.14
660,Customer 660,24,Female,Michigan,Entry,2021-07-16,63789.79
661,Customer 661,21,Female,Texas,Standard,2023-01-09,211257.41
662,Customer 662,59,Female,New York,High Value,2024-07-04,35661.85
663,Customer 663,61,Female,Texas,Entry,2021-12-16,215629.2
664,Customer 664,71,Female,Virginia,Entry,2022-09-24,226873.05
665,Customer 665,26,Other,North Carolina,Entry,2022-06-27,70673.87
666,Customer 666,44,Male,Virginia,High Value,2023-02-21,87925.11
667,Customer 667,37,Male,Florida,High Value,2023-08-11,63248.75
668,Customer 668,63,Male,Texas,Standard,2024-11-27,207799.63
669,Customer 669,69,Other,New York,High Value,2023-04-28,214975.38
670,Customer 670,54,Female,North Carolina,Entry,2025-08-04,155997.14
671,Customer 671,51,Female,Texas,Entry,2022-04-28,228610.98
672,Customer 672,23,Other,Michigan,Mass Affluent,2025-01-02,56462.01
673,Customer 673,49,Male,California,Mass Affluent,2025-03-31,207861.36
674,Customer 674,23,Female,Texas,Entry,2021-09-16,74422.24
675,Customer 675,61,Male,Michigan,Standard,2025-08-12,100344.89
676,Customer 676,72,Male,Texas,Entry,2025-01-29,152400.12
677,Customer 677,41,Female,North Carolina,Entry,2024-02-05,231775.62
678,Customer 678,71,Other,Michigan,Entry,2021-01-26,54754.15
679,Customer 679,30,Other,Michigan,High Value,2021-11-03,233484.2
680,Customer 680,70,Male,Florida,Standard,2024-02-27,223136.58
681,Customer 681,45,Other,Virginia,Entry,2022-06-25,38242.45
682,Customer 682,46,Male,Michigan,Entry,2022-07-19,38532.16
683,Customer 683,42,Other,New York,High Value,2025-12-06,194064.96
684,Customer 684,44,Male,Illinois,Standard,2022-07-05,98408.85
685,Customer 685,52,Other,Texas,Mass Affluent,2025-09-23,59564.81
686,Customer 686,49,Female,Florida,Entry,2025-03-04,163095.41
687,Customer 687,33,Female,New York,Entry,2021-07-02,193007.86
688,Customer 688,54,Female,Ohio,Mass Affluent,2025-04-05,44435.73
689,Customer 689,53,Female,California,High Value,2024-12-24,68222.22
690,Customer 690,74,Male,Ohio,Mass Affluent,2025-11-28,37275.63
691,Customer 691,44,Other,New York,Standard,2021-04-14,111037.42
692,Customer 692,53,Female,Texas,High Value,2023-08-09,83226.38
693,Customer 693,59,Female,California,Entry,2023-09-29,159113.65
694,Customer 694,43,Male,Florida,High Value,2022-12-18,92715.26
695,Customer 695,24,Male,Michigan,Mass Affluent,2023-03-03,218564.46
696,Customer 696,35,Other,New York,Standard,2024-08-18,173349.21
697,Customer 697,22,Other,Ohio,Entry,2023-11-18,230533.4
698,Customer 698,32,Other,Ohio,Mass Affluent,2024-08-18,85525.9
699,Customer 699,40,Other,Florida,Entry,2025-07-07,227006.25
700,Customer 700,43,Female,Florida,Mass Affluent,2025-10-11,132673.56
701,Customer 701,54,Other,Georgia,High Value,2024-10-18,31616.47
702,Customer 702,74,Female,North Carolina,Standard,2024-09-18,95664.7
703,Customer 703,51,Male,Illinois,Standard,2021-08-10,170930.84
704,Customer 704,38,Female,Florida,Mass Affluent,2025-10-31,62984.45
705,Customer 705,36,Male,Michigan,Entry,2025-04-17,175316.67
706,Customer 706,29,Other,Ohio,Entry,2024-10-26,249443.2
707,Customer 707,47,Female,Georgia,High Value,2022-06-16,158265.21
708,Customer 708,73,Male,Illinois,Mass Affluent,2024-03-17,180989.98
709,Customer 709,71,Female,Illinois,Standard,2024-07-31,215992.23
710,Customer 710,63,Other,California,Standard,2025-09-18,51472.67
711,Customer 711,68,Female,North Carolina,Mass Affluent,2021-09-20,238323.14
712,Customer 712,62,Male,New York,Standard,2022-11-19,79132.14
713,Customer 713,40,Female,Illinois,Standard,2025-11-20,87323.03
714,Customer 714,50,Male,Virginia,High Value,2022-08-26,220606.54
715,Customer 715,58,Other,Texas,Entry,2024-04-10,225673.73
716,Customer 716,28,Other,Georgia,Standard,2023-10-22,120883.6
717,Customer 717,75,Male,California,Mass Affluent,2025-11-19,105387.37
718,Customer 718,50,Male,Illinois,Mass Affluent,2024-03-12,201367.06
719,Customer 719,42,Other,California,Standard,2023-09-26,169589.77
720,Customer 720,49,Female,New York,Mass Affluent,2021-01-10,156781.36
721,Customer 721,52,Male,California,Entry,2021-11-21,169367.26
722,Customer 722,48,Female,Georgia,High Value,2023-04-07,38299.57
723,Customer 723,67,Female,Ohio,Standard,2022-02-13,196506.5
724,Customer 724,33,Male,Ohio,Mass Affluent,2023-12-24,79778.46
725,Customer 725,43,Female,California,High Value,2025-12-02,114381.1
726,Customer 726,40,Male,Texas,High Value,2024-04-20,95604.5
727,Customer 727,50,Other,North Carolina,Standard,2022-08-19,125406.35
728,Customer 728,29,Female,Virginia,Standard,2024-11-07,195025.43
729,Customer 729,72,Female,Ohio,Mass Affluent,2021-12-04,79350.7
730,Customer 730,34,Other,Ohio,Mass Affluent,2021-09-26,57095.64
731,Customer 731,62,Male,Georgia,Standard,2024-12-27,199674.93
732,Customer 732,24,Other,Ohio,High Value,2024-06-30,173784.88
733,Customer 733,24,Other,Texas,Entry,2021-02-10,127749.14
734,Customer 734,56,Female,Virginia,Mass Affluent,2021-09-11,75208.88
735,Customer 735,61,Male,Florida,Entry,2024-11-05,175566.21
736,Customer 736,54,Female,Michigan,Mass Affluent,2024-09-18,122141.67
737,Customer 737,53,Other,Michigan,High Value,2021-08-03,92195.49
738,Customer 738,27,Female,New York,Mass Affluent,2025-05-27,201150.96
739,Customer 739,54,Male,Illinois,Entry,2025-08-30,94977.26
740,Customer 740,56,Female,New York,Entry,2021-03-22,102732.8
741,Customer 741,21,Other,Texas,High Value,2021-01-06,213751.08
742,Customer 742,52,Male,Texas,High Value,2024-10-02,189184.0
743,Customer 743,37,Other,New York,Entry,2021-07-27,247506.5
744,Customer 744,37,Female,Ohio,High Value,2022-08-30,208899.25
745,Customer 745,23,Female,Illinois,Standard,2025-11-26,123718.95
746,Customer 746,27,Male,Ohio,Mass Affluent,2021-08-26,175938.11
747,Customer 747,42,Female,Virginia,Standard,2021-12-16,223264.62
748,Customer 748,44,Female,California,High Value,2021-07-10,118171.05
749,Customer 749,38,Female,Virginia,Entry,2023-07-24,172746.23
750,Customer 750,31,Male,California,High Value,2025-06-21,245945.22
751,Customer 751,31,Male,Georgia,Entry,2025-09-26,206498.25
752,Customer 752,49,Male,Michigan,Entry,2024-10-21,201416.14
753,Customer 753,22,Other,California,Entry,2024-06-06,232487.56
754,Customer 754,47,Female,Ohio,High Value,2021-08-20,87554.83
755,Customer 755,21,Other,North Carolina,Mass Affluent,2022-10-06,245137.02
756,Customer 756,42,Other,North Carolina,High Value,2024-10-03,125226.54
757,Customer 757,36,Female,Illinois,Entry,2025-01-28,62703.98
758,Customer 758,56,Other,Ohio,High Value,2025-08-20,171547.72
759,Customer 759,53,Female,Virginia,Mass Affluent,2021-11-18,46470.35
760,Customer 760,41,Male,Illinois,Standard,2023-10-04,41077.16
761,Customer 761,56,Other,Georgia,Entry,2022-04-02,209762.73
762,Customer 762,50,Female,Michigan,Entry,2021-06-11,49364.37
763,Customer 763,49,Female,Texas,Entry,2023-10-18,193952.57
764,Customer 764,27,Female,Georgia,High Value,2021-02-06,152568.82
765,Customer 765,73,Male,Michigan,Standard,2021-01-01,225824.4
766,Customer 766,34,Other,Virginia,Standard,2024-02-26,109935.35
767,Customer 767,73,Male,Virginia,Standard,2021-04-22,153233.19
768,Customer 768,59,Female,Illinois,Entry,2024-06-23,55085.14
769,Customer 769,63,Male,Ohio,Standard,2025-04-05,108130.58
770,Customer 770,72,Female,North Carolina,Standard,2024-07-21,184461.13
771,Customer 771,31,Female,California,Entry,2021-04-04,53531.53
772,Customer 772,33,Male,Texas,Entry,2024-06-05,77429.69
773,Customer 773,71,Male,Illinois,High Value,2025-08-16,196572.86
774,Customer 774,61,Other,Michigan,High Value,2021-04-06,199871.94
775,Customer 775,50,Other,Michigan,Mass Affluent,2023-07-12,242048.05
776,Customer 776,54,Other,Ohio,Entry,2021-01-09,214539.54
777,Customer 777,53,Male,Michigan,Mass Affluent,2023-09-17,190708.83
778,Customer 778,27,Female,Michigan,Standard,2021-09-20,140904.23
779,Customer 779,47,Other,New York,Standard,2023-02-27,117531.4
780,Customer 780,39,Female,California,Mass Affluent,2022-12-04,120804.0
781,Customer 781,68,Other,Florida,Standard,2024-12-04,186612.36
782,Customer 782,61,Male,New York,Mass Affluent,2024-02-08,167316.87
783,Customer 783,64,Female,California,Mass Affluent,2022-08-19,140856.56
784,Customer 784,61,Female,Texas,Standard,2024-11-22,153701.65
785,Customer 785,57,Other,Georgia,Standard,2024-04-08,223044.99
786,Customer 786,72,Male,North Carolina,High Value,2023-05-16,35559.87
787,Customer 787,24,Other,Ohio,Mass Affluent,2021-10-25,88735.22
788,Customer 788,31,Female,Florida,Mass Affluent,2025-05-28,214664.0
789,Customer 789,71,Female,New York,High Value,2024-11-15,108910.14
790,Customer 790,27,Other,North Carolina,Mass Affluent,2023-07-16,193330.8
791,Customer 791,45,Male,North Carolina,Standard,2024-02-24,182445.94
792,Customer 792,45,Female,Georgia,Standard,2021-04-07,242483.31
793,Customer 793,21,Other,Florida,Mass Affluent,2021-04-21,166523.57
794,Customer 794,49,Male,Illinois,Mass Affluent,2025-05-19,200752.28
795,Customer 795,39,Female,California,High Value,2022-02-01,71134.85
796,Customer 796,68,Other,Texas,Entry,2021-12-22,38939.53
797,Customer 797,56,Female,California,Mass Affluent,2022-07-26,158476.93
798,Customer 798,21,Female,Virginia,Mass Affluent,2022-06-07,38786.93
799,Customer 799,59,Male,Michigan,Standard,2022-10-23,137921.21
800,Customer 800,56,Female,Texas,Standard,2024-03-18,145586.91
801,Customer 801,54,Male,North Carolina,Mass Affluent,2022-01-12,121504.87
802,Customer 802,46,Male,Illinois,Mass Affluent,2024-01-05,224347.28
803,Customer 803,42,Female,Illinois,Standard,2024-09-20,78057.96
804,Customer 804,60,Other,Virginia,High Value,2025-03-22,55238.83
805,Customer 805,49,Male,Michigan,Mass Affluent,2022-12-10,240957.3
806,Customer 806,41,Female,Texas,Entry,2024-10-29,86449.92
807,Customer 807,39,Male,North Carolina,Standard,2025-01-22,143147.99
808,Customer 808,49,Female,Ohio,Standard,2023-11-08,227621.95
809,Customer 809,41,Other,Texas,High Value,2022-01-30,66826.86
810,Customer 810,55,Other,Ohio,High Value,2025-05-03,76371.92
811,Customer 811,70,Male,Georgia,High Value,2024-07-13,75227.5
812,Customer 812,65,Other,Georgia,High Value,2025-08-25,194315.98
813,Customer 813,22,Female,Illinois,High Value,2021-11-11,49254.6
814,Customer 814,32,Female,North Carolina,High Value,2021-04-22,156491.7
815,Customer 815,37,Female,Georgia,Entry,2022-04-12,168647.8
816,Customer 816,41,Male,Georgia,High Value,2023-06-06,147663.56
817,Customer 817,67,Other,Texas,High Value,2024-08-06,184194.05
818,Customer 818,43,Other,Texas,Standard,2021-05-29,203116.22
819,Customer 819,59,Male,Florida,Entry,2022-09-10,113910.99
820,Customer 820,63,Male,Virginia,Mass Affluent,2025-08-11,147362.91
821,Customer 821,68,Female,North Carolina,Standard,2021-10-07,241229.54
822,Customer 822,40,Other,Illinois,High Value,2021-10-23,151775.32
823,Customer 823,30,Male,Ohio,High Value,2024-02-11,155998.09
824,Customer 824,55,Other,Texas,Standard,2023-03-19,76211.64
825,Customer 825,67,Female,New York,Entry,2025-02-27,229238.17
826,Customer 826,53,Male,California,Mass Affluent,2025-10-10,78573.35
827,Customer 827,37,Male,Texas,Mass Affluent,2025-09-06,177615.14
828,Customer 828,75,Male,North Carolina,Entry,2024-03-07,171828.39
829,Customer 829,39,Other,Texas,Standard,2021-05-30,51604.53
830,Customer 830,58,Female,Illinois,Standard,2025-01-26,58207.33
831,Customer 831,36,Male,Florida,High Value,2024-09-04,228026.09
832,Customer 832,52,Female,Illinois,Standard,2022-10-13,182560.79
833,Customer 833,57,Other,Illinois,Standard,2021-11-09,240904.96
834,Customer 834,21,Female,New York,Mass Affluent,2021-12-12,186683.81
835,Customer 835,48,Female,Illinois,Mass Affluent,2024-08-05,179507.64
836,Customer 836,51,Female,Virginia,Standard,2022-11-11,200448.73
837,Customer 837,56,Male,California,High Value,2023-09-25,215194.46
838,Customer 838,73,Male,North Carolina,Mass Affluent,2025-10-25,87911.62
839,Customer 839,25,Other,Texas,High Value,2024-07-07,216909.2
840,Customer 840,22,Other,Michigan,Entry,2024-07-17,199224.06
841,Customer 841,23,Other,Florida,Entry,2022-03-12,173859.79
842,Customer 842,44,Female,New York,Standard,2021-11-01,59453.88
843,Customer 843,53,Male,Georgia,Standard,2023-10-24,140476.8
844,Customer 844,36,Other,California,Mass Affluent,2024-09-19,128168.5
845,Customer 845,57,Other,California,Entry,2022-01-02,236618.56
846,Customer 846,35,Female,New York,High Value,2021-03-24,88158.57
847,Customer 847,23,Other,New York,Standard,2022-04-25,115380.48
848,Customer 848,23,Male,Illinois,High Value,2023-07-21,184821.98
849,Customer 849,61,Female,Florida,Mass Affluent,2023-12-04,112865.11
850,Customer 850,44,Other,Texas,Standard,2023-02-15,112792.33
851,Customer 851,54,Female,Illinois,Standard,2022-04-02,137109.54
852,Customer 852,59,Male,North Carolina,Mass Affluent,2023-09-15,126777.71
853,Customer 853,25,Other,Florida,Mass Affluent,2022-04-17,63052.89
854,Customer 854,44,Other,Texas,Mass Affluent,2021-11-19,121215.01
855,Customer 855,67,Male,Virginia,Entry,2022-11-08,135384.66
856,Customer 856,31,Other,Georgia,High Value,2024-04-24,83607.47
857,Customer 857,57,Other,California,Mass Affluent,2021-09-19,168498.89
858,Customer 858,57,Male,Ohio,Mass Affluent,2021-03-22,86817.12
859,Customer 859,54,Female,Michigan,High Value,2022-01-04,223271.98
860,Customer 860,63,Female,Texas,Mass Affluent,2025-01-30,128824.74
861,Customer 861,51,Male,New York,Entry,2023-08-24,162184.52
862,Customer 862,58,Male,Michigan,Standard,2025-06-16,66898.77
863,Customer 863,42,Female,Michigan,High Value,2024-11-05,80559.03
864,Customer 864,29,Male,Ohio,Mass Affluent,2023-03-01,144996.5
865,Customer 865,64,Female,California,High Value,2023-10-30,69032.88
866,Customer 866,59,Male,North Carolina,High Value,2024-06-13,50501.79
867,Customer 867,29,Other,North Carolina,High Value,2024-09-12,227333.17
868,Customer 868,64,Other,Georgia,Entry,2025-05-06,111483.04
869,Customer 869,65,Other,Georgia,Mass Affluent,2021-03-30,236452.76
870,Customer 870,71,Female,Illinois,High Value,2023-09-15,123607.67
871,Customer 871,51,Male,Texas,Standard,2022-06-06,161624.32
872,Customer 872,47,Female,New York,High Value,2024-01-19,186012.74
873,Customer 873,21,Other,North Carolina,High Value,2025-06-05,144347.61
874,Customer 874,62,Male,Illinois,Entry,2023-02-08,109699.35
875,Customer 875,48,Other,Michigan,Standard,2021-11-13,87486.64
876,Customer 876,48,Other,Illinois,Standard,2024-01-03,248195.71
877,Customer 877,69,Male,Georgia,Entry,2023-03-25,69318.31
878,Customer 878,56,Female,Florida,Standard,2024-02-20,157083.25
879,Customer 879,66,Female,California,High Value,2025-05-05,194519.12
880,Customer 880,71,Other,California,High Value,2023-07-04,77180.79
881,Customer 881,71,Female,North Carolina,High Value,2023-04-01,65362.36
882,Customer 882,21,Male,California,Entry,2024-07-26,233689.59
883,Customer 883,26,Male,Florida,Mass Affluent,2023-06-11,111583.73
884,Customer 884,23,Other,Georgia,Entry,2024-06-01,165072.43
885,Customer 885,39,Other,Michigan,High Value,2023-12-04,238057.49
886,Customer 886,32,Other,Virginia,Entry,2025-08-07,32356.29
887,Customer 887,63,Other,Florida,Mass Affluent,2025-10-08,37394.06
888,Customer 888,53,Other,New York,Mass Affluent,2024-05-12,178285.36
889,Customer 889,36,Other,Ohio,Mass Affluent,2023-01-07,49105.42
890,Customer 890,70,Female,Illinois,Entry,2022-07-20,119199.21
891,Customer 891,54,Male,Texas,High Value,2022-02-15,150910.38
892,Customer 892,74,Other,Michigan,Standard,2025-01-27,106444.52
893,Customer 893,38,Male,Michigan,Mass Affluent,2025-07-29,130046.98
894,Customer 894,57,Male,Florida,Mass Affluent,2023-04-08,119569.62
895,Customer 895,56,Male,North Carolina,Standard,2021-08-07,104792.5
896,Customer 896,72,Other,Florida,Standard,2021-08-28,182722.21
897,Customer 897,57,Female,New York,Standard,2023-02-12,241472.52
898,Customer 898,64,Female,Michigan,High Value,2023-07-29,136033.44
899,Customer 899,25,Female,New York,Mass Affluent,2022-06-13,206035.51
900,Customer 900,43,Other,North Carolina,High Value,2023-04-25,184180.08
901,Customer 901,36,Female,Texas,Entry,2022-06-24,178213.54
902,Customer 902,42,Male,North Carolina,Mass Affluent,2025-08-09,134842.2
903,Customer 903,34,Other,Florida,Mass Affluent,2022-12-26,238365.98
904,Customer 904,33,Female,New York,Mass Affluent,2024-10-31,191794.39
905,Customer 905,37,Male,New York,Mass Affluent,2025-11-23,213686.91
906,Customer 906,60,Female,California,High Value,2025-09-09,56373.27
907,Customer 907,64,Other,Virginia,High Value,2021-06-10,198133.73
908,Customer 908,23,Female,Illinois,Standard,2024-01-14,138314.88
909,Customer 909,38,Female,California,Standard,2024-03-22,117533.49
910,Customer 910,57,Male,Ohio,Entry,2025-03-17,135230.42
911,Customer 911,23,Other,Illinois,Entry,2024-01-13,219288.03
912,Customer 912,32,Female,Texas,Entry,2025-05-09,99443.28
913,Customer 913,21,Other,New York,Entry,2021-01-18,157821.81
914,Customer 914,44,Other,Florida,Mass Affluent,2022-10-29,150683.95
915,Customer 915,38,Female,Michigan,Standard,2022-05-01,110503.31
916,Customer 916,48,Male,Georgia,Standard,2023-10-19,110317.16
917,Customer 917,38,Female,California,Mass Affluent,2023-04-01,245439.94
918,Customer 918,35,Male,Florida,Mass Affluent,2024-11-05,152174.81
919,Customer 919,45,Male,California,Mass Affluent,2025-10-20,134057.15
920,Customer 920,32,Female,Virginia,Mass Affluent,2021-01-20,249023.59
921,Customer 921,61,Other,North Carolina,Standard,2025-10-06,202773.25
922,Customer 922,37,Other,Michigan,High Value,2022-09-07,117648.42
923,Customer 923,31,Male,New York,Standard,2024-11-15,134838.67
924,Customer 924,27,Female,Illinois,Standard,2024-07-13,109411.64
925,Customer 925,56,Female,Illinois,High Value,2024-02-22,120587.4
926,Customer 926,64,Other,New York,Mass Affluent,2022-12-21,245462.09
927,Customer 927,43,Female,North Carolina,Entry,2022-08-06,200443.76
928,Customer 928,26,Female,Michigan,Standard,2023-07-05,132025.46
929,Customer 929,31,Other,Illinois,Entry,2021-10-24,168880.15
930,Customer 930,46,Male,Texas,Mass Affluent,2024-03-16,105597.61
931,Customer 931,41,Other,Florida,Standard,2022-10-05,163184.69
932,Customer 932,38,Female,Illinois,Entry,2023-03-21,121077.59
933,Customer 933,75,Male,California,Mass Affluent,2022-01-12,175644.96
934,Customer 934,65,Other,Texas,Mass Affluent,2025-03-04,66720.3
935,Customer 935,27,Male,Virginia,High Value,2021-07-30,35800.28
936,Customer 936,54,Male,Texas,Standard,2023-03-25,165982.48
937,Customer 937,62,Female,Florida,Mass Affluent,2021-06-22,84427.23
938,Customer 938,49,Other,California,Mass Affluent,2022-08-05,145883.31
939,Customer 939,22,Male,Illinois,Standard,2021-12-16,220133.05
940,Customer 940,55,Female,North Carolina,Entry,2023-08-15,59725.28
941,Customer 941,55,Male,Michigan,Entry,2024-11-29,168830.45
942,Customer 942,57,Female,North Carolina,Standard,2024-07-26,229963.09
943,Customer 943,55,Male,Texas,Entry,2023-09-14,97731.0
944,Customer 944,37,Male,Florida,High Value,2023-04-25,30020.32
945,Customer 945,69,Male,Illinois,Standard,2025-07-28,133223.55
946,Customer 946,65,Female,Virginia,Standard,2021-01-18,32009.17
947,Customer 947,72,Female,Michigan,Mass Affluent,2023-06-01,205288.82
948,Customer 948,44,Male,Georgia,Entry,2024-01-28,116845.46
949,Customer 949,66,Other,Georgia,Entry,2021-12-01,78530.33
950,Customer 950,48,Other,New York,Standard,2021-06-12,92628.91
951,Customer 951,55,Female,Georgia,Mass Affluent,2025-03-02,217766.05
952,Customer 952,29,Female,Texas,Entry,2022-01-09,165900.47
953,Customer 953,65,Other,Virginia,Mass Affluent,2022-07-12,100541.62
954,Customer 954,24,Other,Ohio,Mass Affluent,2021-11-08,243913.17
955,Customer 955,38,Male,Virginia,High Value,2022-08-01,81218.31
956,Customer 956,21,Female,New York,Standard,2021-11-05,122453.47
957,Customer 957,72,Female,Illinois,Entry,2025-05-29,183325.66
958,Customer 958,42,Male,California,High Value,2021-03-06,88630.79
959,Customer 959,25,Other,Virginia,Mass Affluent,2023-03-15,72282.3
960,Customer 960,37,Female,Ohio,High Value,2025-09-20,244411.67
961,Customer 961,36,Female,Virginia,Mass Affluent,2025-01-03,192276.18
962,Customer 962,33,Female,Texas,Mass Affluent,2021-03-10,134021.62
963,Customer 963,40,Female,California,High Value,2024-10-27,193839.41
964,Customer 964,54,Male,Florida,Entry,2024-01-31,170474.4
965,Customer 965,44,Male,New York,High Value,2022-02-11,81912.48
966,Customer 966,41,Male,California,Standard,2023-06-09,158633.31
967,Customer 967,71,Male,Ohio,High Value,2023-03-22,157836.95
968,Customer 968,51,Other,Michigan,Mass Affluent,2024-11-15,111707.71
969,Customer 969,36,Male,Virginia,High Value,2021-07-03,180907.82
970,Customer 970,69,Other,Ohio,High Value,2022-11-25,108213.89
971,Customer 971,65,Other,Texas,Mass Affluent,2021-11-12,137325.43
972,Customer 972,56,Other,Illinois,Entry,2022-10-11,191301.54
973,Customer 973,65,Female,Illinois,Mass Affluent,2021-02-13,85153.17
974,Customer 974,52,Other,Virginia,Standard,2021-03-22,149401.5
975,Customer 975,33,Other,California,Standard,2023-10-01,101209.79
976,Customer 976,38,Other,North Carolina,Mass Affluent,2023-08-18,45152.85
977,Customer 977,49,Female,Florida,Standard,2021-11-14,129897.38
978,Customer 978,61,Other,Georgia,Mass Affluent,2025-05-09,224245.12
979,Customer 979,75,Female,Michigan,Mass Affluent,2024-06-23,100552.7
980,Customer 980,63,Other,Georgia,Mass Affluent,2021-05-10,145295.35
981,Customer 981,70,Other,California,Standard,2023-10-16,100972.01
982,Customer 982,41,Male,Texas,High Value,2024-08-05,39631.0
983,Customer 983,32,Male,New York,High Value,2021-09-23,136781.46
984,Customer 984,23,Other,Georgia,Entry,2021-07-22,145680.7
985,Customer 985,58,Female,Ohio,Standard,2024-12-07,78559.01
986,Customer 986,25,Male,New York,Entry,2025-01-10,234248.82
987,Customer 987,26,Female,Ohio,Standard,2025-09-01,152764.38
988,Customer 988,73,Female,Ohio,Standard,2023-05-02,146384.58
989,Customer 989,25,Female,Texas,Mass Affluent,2025-02-12,241329.08
990,Customer 990,27,Other,New York,Entry,2021-07-18,71681.29
991,Customer 991,63,Male,Michigan,Mass Affluent,2023-12-14,152853.17
992,Customer 992,47,Other,Texas,Standard,2024-02-18,178388.36
993,Customer 993,63,Female,Texas,Mass Affluent,2024-12-09,204341.55
994,Customer 994,46,Other,Illinois,Mass Affluent,2024-02-01,147458.1
995,Customer 995,49,Female,Illinois,Standard,2024-05-13,215867.88
996,Customer 996,69,Other,Georgia,Standard,2023-04-25,163850.94
997,Customer 997,55,Male,Georgia,Standard,2024-02-28,109201.88
998,Customer 998,49,Female,Ohio,High Value,2023-07-16,246250.42
999,Customer 999,22,Other,California,Standard,2024-05-05,31445.14
1000,Customer 1000,34,Female,Ohio,Standard,2022-03-31,232204.66
1001,Customer 1001,56,Other,Michigan,Mass Affluent,2023-11-14,50743.17
1002,Customer 1002,43,Male,California,Standard,2023-08-01,110758.24
1003,Customer 1003,36,Male,Florida,Standard,2024-04-07,50219.13
1004,Customer 1004,57,Male,Texas,Standard,2023-03-30,204438.92
1005,Customer 1005,52,Other,Michigan,High Value,2021-12-21,160950.86
1006,Customer 1006,23,Other,Michigan,Entry,2022-09-08,47265.03
1007,Customer 1007,70,Female,Illinois,Entry,2021-04-25,121634.78
1008,Customer 1008,28,Male,Michigan,High Value,2025-11-13,169455.16
1009,Customer 1009,45,Male,Florida,High Value,2024-07-18,100249.64
1010,Customer 1010,30,Female,North Carolina,Mass Affluent,2024-03-02,63703.45
1011,Customer 1011,67,Female,Virginia,High Value,2024-10-11,78858.84
1012,Customer 1012,71,Female,California,Mass Affluent,2022-08-17,103957.0
1013,Customer 1013,57,Other,Ohio,Entry,2023-09-02,87762.75
1014,Customer 1014,53,Female,California,Mass Affluent,2023-03-28,135802.95
1015,Customer 1015,52,Female,Michigan,Mass Affluent,2022-02-10,153456.87
1016,Customer 1016,54,Male,New York,High Value,2025-02-15,88576.56
1017,Customer 1017,41,Other,Michigan,High Value,2023-05-31,54756.57
1018,Customer 1018,48,Female,Illinois,Mass Affluent,2023-04-28,100562.44
1019,Customer 1019,62,Male,Florida,Mass Affluent,2024-05-01,247283.42
1020,Customer 1020,73,Female,Michigan,Mass Affluent,2024-06-16,126901.95
1021,Customer 1021,35,Male,Illinois,Mass Affluent,2025-08-03,196701.43
1022,Customer 1022,26,Male,Ohio,Mass Affluent,2025-10-13,238767.0
1023,Customer 1023,74,Female,Ohio,Standard,2021-10-30,182634.95
1024,Customer 1024,40,Female,Virginia,High Value,2021-08-16,103012.88
1025,Customer 1025,55,Male,New York,Standard,2025-02-24,150736.01
1026,Customer 1026,67,Male,Ohio,Entry,2024-06-29,158261.09
1027,Customer 1027,54,Male,Florida,Mass Affluent,2024-09-20,43224.21
1028,Customer 1028,71,Other,Michigan,Standard,2022-02-16,41678.75
1029,Customer 1029,21,Male,Georgia,Standard,2024-09-02,175855.96
1030,Customer 1030,44,Male,Ohio,Standard,2024-09-13,220830.3
1031,Customer 1031,45,Male,Georgia,High Value,2024-08-22,228851.85
1032,Customer 1032,59,Other,Texas,Mass Affluent,2023-09-20,73752.54
1033,Customer 1033,56,Other,Ohio,High Value,2023-07-27,84426.27
1034,Customer 1034,40,Female,Virginia,Entry,2023-12-21,193765.96
1035,Customer 1035,43,Other,Illinois,Standard,2021-02-07,167550.81
1036,Customer 1036,53,Female,Ohio,Standard,2022-04-29,223309.0
1037,Customer 1037,22,Other,Florida,Mass Affluent,2025-07-27,63375.8
1038,Customer 1038,63,Male,Texas,Entry,2023-03-16,144557.93
1039,Customer 1039,60,Other,New York,Entry,2024-10-20,82879.38
1040,Customer 1040,48,Female,Michigan,Standard,2021-11-09,128817.22
1041,Customer 1041,34,Other,California,Mass Affluent,2021-09-27,219769.29
1042,Customer 1042,65,Other,North Carolina,Mass Affluent,2022-09-25,124614.15
1043,Customer 1043,30,Other,Michigan,Mass Affluent,2025-04-27,99849.17
1044,Customer 1044,55,Other,Texas,Mass Affluent,2024-02-16,99871.47
1045,Customer 1045,67,Male,Illinois,Entry,2021-10-26,241463.16
1046,Customer 1046,49,Other,Florida,Mass Affluent,2022-09-14,201403.73
1047,Customer 1047,29,Male,Ohio,Standard,2021-08-07,163232.99
1048,Customer 1048,35,Other,New York,Mass Affluent,2024-06-08,181223.13
1049,Customer 1049,26,Other,Virginia,Mass Affluent,2023-01-06,140511.41
1050,Customer 1050,51,Other,Illinois,Mass Affluent,2024-05-23,217468.48
1051,Customer 1051,51,Male,California,Mass Affluent,2023-10-04,79780.07
1052,Customer 1052,69,Male,Florida,Entry,2023-04-17,78961.93
1053,Customer 1053,33,Male,Texas,Mass Affluent,2024-10-06,233962.71
1054,Customer 1054,60,Female,Illinois,Entry,2023-06-19,225269.12
1055,Customer 1055,46,Male,Michigan,Entry,2023-05-26,188444.2
1056,Customer 1056,60,Other,Michigan,High Value,2023-03-19,144542.8
1057,Customer 1057,50,Male,New York,Entry,2023-07-14,246442.74
1058,Customer 1058,56,Female,North Carolina,High Value,2021-03-22,71767.07
1059,Customer 1059,46,Female,Florida,Entry,2023-06-20,66627.05
1060,Customer 1060,60,Male,North Carolina,Mass Affluent,2022-08-26,131987.37
1061,Customer 1061,49,Male,North Carolina,High Value,2024-08-16,69549.71
1062,Customer 1062,65,Other,California,Entry,2024-04-13,120983.05
1063,Customer 1063,22,Male,Virginia,Mass Affluent,2023-07-13,224160.66
1064,Customer 1064,37,Female,California,High Value,2021-07-04,50062.07
1065,Customer 1065,49,Other,Illinois,High Value,2024-12-17,145239.81
1066,Customer 1066,67,Other,Michigan,Mass Affluent,2023-02-26,113309.3
1067,Customer 1067,23,Male,Illinois,Mass Affluent,2023-02-19,65667.3
1068,Customer 1068,32,Other,Ohio,Entry,2021-10-24,97773.69
1069,Customer 1069,70,Female,Florida,Mass Affluent,2025-02-04,55861.88
1070,Customer 1070,33,Male,Michigan,Standard,2021-09-27,32685.71
1071,Customer 1071,75,Female,North Carolina,High Value,2023-10-17,163756.46
1072,Customer 1072,36,Male,Michigan,Entry,2023-10-08,129822.47
1073,Customer 1073,26,Other,Michigan,High Value,2023-06-24,83836.9
1074,Customer 1074,38,Other,North Carolina,Mass Affluent,2024-01-26,40762.14
1075,Customer 1075,24,Other,Illinois,High Value,2021-10-31,61982.37
1076,Customer 1076,63,Other,Michigan,Standard,2021-03-08,102844.44
1077,Customer 1077,24,Male,Georgia,Mass Affluent,2021-06-29,65493.75
1078,Customer 1078,60,Other,Michigan,Mass Affluent,2022-08-06,242584.52
1079,Customer 1079,58,Female,Ohio,High Value,2025-03-15,199072.64
1080,Customer 1080,44,Female,Texas,Entry,2022-10-24,215528.12
1081,Customer 1081,39,Female,California,High Value,2021-05-13,182816.28
1082,Customer 1082,42,Other,Georgia,Mass Affluent,2022-07-17,183082.49
1083,Customer 1083,24,Male,Michigan,High Value,2024-06-07,136405.86
1084,Customer 1084,59,Other,Florida,Entry,2024-11-11,163945.81
1085,Customer 1085,37,Other,Michigan,Standard,2022-10-11,233963.18
1086,Customer 1086,57,Female,North Carolina,Entry,2024-06-12,138350.98
1087,Customer 1087,60,Male,Florida,Mass Affluent,2022-01-04,30347.8
1088,Customer 1088,50,Other,Texas,Mass Affluent,2021-02-19,205904.16
1089,Customer 1089,47,Male,Illinois,Standard,2023-04-30,153291.41
1090,Customer 1090,34,Male,New York,Standard,2024-07-29,85971.85
1091,Customer 1091,40,Female,North Carolina,Standard,2021-05-19,198747.17
1092,Customer 1092,64,Female,Illinois,Entry,2021-08-22,189367.26
1093,Customer 1093,22,Male,New York,Standard,2024-06-15,213441.57
1094,Customer 1094,51,Female,Ohio,Mass Affluent,2024-10-09,135929.02
1095,Customer 1095,50,Other,Illinois,Entry,2024-07-08,202477.59
1096,Customer 1096,68,Male,North Carolina,Standard,2023-04-28,154287.38
1097,Customer 1097,41,Other,North Carolina,High Value,2024-10-20,75817.74
1098,Customer 1098,42,Female,Texas,Mass Affluent,2024-11-04,91701.21
1099,Customer 1099,42,Female,North Carolina,Mass Affluent,2021-03-05,155615.96
1100,Customer 1100,32,Other,Texas,Standard,2023-03-09,185158.56
1101,Customer 1101,66,Male,Florida,Entry,2022-10-07,49095.51
1102,Customer 1102,36,Female,Virginia,Standard,2025-12-02,77550.77
1103,Customer 1103,32,Male,Illinois,High Value,2022-09-12,201113.89
1104,Customer 1104,49,Other,Ohio,Entry,2021-07-09,229090.28
1105,Customer 1105,33,Female,Virginia,Standard,2021-11-12,200617.31
1106,Customer 1106,70,Male,North Carolina,Mass Affluent,2021-10-21,75141.16
1107,Customer 1107,50,Female,North Carolina,High Value,2021-03-16,30904.17
1108,Customer 1108,64,Other,Texas,Standard,2021-04-01,132712.7
1109,Customer 1109,27,Other,Florida,High Value,2021-04-05,157063.16
1110,Customer 1110,61,Male,Illinois,Mass Affluent,2022-10-02,72360.04
1111,Customer 1111,55,Female,Virginia,High Value,2022-07-21,89983.93
1112,Customer 1112,38,Male,Ohio,High Value,2021-11-19,75447.02
1113,Customer 1113,56,Female,Florida,Mass Affluent,2022-12-19,237521.12
1114,Customer 1114,39,Other,New York,Mass Affluent,2025-07-05,45673.43
1115,Customer 1115,42,Other,Virginia,High Value,2024-06-09,58616.28
1116,Customer 1116,64,Male,Texas,Entry,2023-08-23,41835.97
1117,Customer 1117,46,Male,Michigan,Entry,2023-05-24,165589.37
1118,Customer 1118,42,Male,North Carolina,High Value,2022-10-02,244210.02
1119,Customer 1119,69,Female,Michigan,Mass Affluent,2025-03-28,50441.56
1120,Customer 1120,65,Female,Texas,Entry,2025-07-02,98286.17
1121,Customer 1121,66,Female,Virginia,Mass Affluent,2024-08-12,238438.62
1122,Customer 1122,60,Female,Illinois,Entry,2021-10-22,70337.68
1123,Customer 1123,42,Female,Virginia,Entry,2024-09-24,36658.11
1124,Customer 1124,28,Female,Virginia,Entry,2023-09-01,216068.58
1125,Customer 1125,70,Female,Michigan,Mass Affluent,2022-08-02,141748.93
1126,Customer 1126,73,Other,Texas,Standard,2023-04-11,152352.97
1127,Customer 1127,71,Female,North Carolina,Entry,2021-05-26,118179.62
1128,Customer 1128,36,Other,New York,Mass Affluent,2023-04-27,244256.18
1129,Customer 1129,25,Female,New York,Entry,2023-02-26,202549.07
1130,Customer 1130,57,Female,North Carolina,Mass Affluent,2023-06-11,68078.8
1131,Customer 1131,25,Other,Michigan,Entry,2024-10-03,55151.03
1132,Customer 1132,50,Female,North Carolina,High Value,2024-05-05,210845.07
1133,Customer 1133,40,Female,Texas,High Value,2021-12-27,180811.91
1134,Customer 1134,70,Female,Illinois,Entry,2024-05-06,171897.61
1135,Customer 1135,26,Male,California,High Value,2021-05-06,196557.1
1136,Customer 1136,30,Female,North Carolina,Standard,2024-09-15,115796.19
1137,Customer 1137,49,Male,New York,Standard,2024-03-29,95941.77
1138,Customer 1138,64,Female,Georgia,Standard,2025-06-15,247863.64
1139,Customer 1139,21,Other,North Carolina,Entry,2024-04-08,216480.08
1140,Customer 1140,39,Male,Illinois,High Value,2025-10-12,30185.53
1141,Customer 1141,73,Female,Texas,Standard,2024-02-21,220449.52
1142,Customer 1142,48,Other,Michigan,Entry,2022-04-27,167547.15
1143,Customer 1143,45,Female,Georgia,Entry,2024-12-28,149926.13
1144,Customer 1144,32,Female,California,Mass Affluent,2024-09-18,152192.75
1145,Customer 1145,44,Female,California,Standard,2025-09-24,249440.33
1146,Customer 1146,29,Male,Ohio,High Value,2024-10-04,172645.63
1147,Customer 1147,67,Female,Georgia,Mass Affluent,2021-10-22,48625.96
1148,Customer 1148,72,Female,Virginia,Entry,2024-08-08,167114.67
1149,Customer 1149,53,Female,North Carolina,Entry,2023-07-20,114637.24
1150,Customer 1150,32,Female,Michigan,High Value,2022-04-08,157146.47
1151,Customer 1151,67,Male,North Carolina,Standard,2025-10-01,120384.32
1152,Customer 1152,57,Female,Ohio,High Value,2024-01-24,154992.91
1153,Customer 1153,44,Male,Michigan,Entry,2024-12-14,241582.3
1154,Customer 1154,30,Other,North Carolina,Standard,2021-06-13,132285.99
1155,Customer 1155,54,Other,Texas,Mass Affluent,2021-06-10,133939.35
1156,Customer 1156,63,Other,Texas,Standard,2025-02-27,164868.61
1157,Customer 1157,55,Male,Virginia,Entry,2022-12-05,142785.88
1158,Customer 1158,57,Other,Illinois,Entry,2023-08-19,107641.2
1159,Customer 1159,39,Female,California,High Value,2025-06-23,182911.26
1160,Customer 1160,68,Female,Michigan,Standard,2024-05-08,43511.91
1161,Customer 1161,58,Male,Michigan,High Value,2023-08-28,174390.38
1162,Customer 1162,72,Other,Michigan,High Value,2022-08-21,93099.44
1163,Customer 1163,29,Other,Texas,Standard,2021-06-18,85451.21
1164,Customer 1164,38,Female,Florida,High Value,2024-06-15,193114.42
1165,Customer 1165,32,Other,California,Entry,2024-05-21,111348.7
1166,Customer 1166,37,Other,New York,Entry,2021-12-26,69778.02
1167,Customer 1167,23,Female,Texas,Mass Affluent,2023-12-17,161019.7
1168,Customer 1168,30,Female,Georgia,Entry,2025-08-10,82348.44
1169,Customer 1169,67,Other,California,Mass Affluent,2023-06-21,157106.63
1170,Customer 1170,43,Male,Florida,High Value,2025-09-21,41555.1
1171,Customer 1171,46,Female,Florida,Entry,2023-08-09,194153.12
1172,Customer 1172,55,Male,Georgia,Entry,2025-03-21,134409.71
1173,Customer 1173,54,Female,Ohio,Standard,2021-10-25,233988.96
1174,Customer 1174,45,Other,Illinois,High Value,2023-07-09,51420.15
1175,Customer 1175,61,Female,Georgia,Standard,2023-12-25,103692.83
1176,Customer 1176,72,Male,Florida,Entry,2022-07-01,131443.89
1177,Customer 1177,68,Male,Michigan,Mass Affluent,2024-10-14,144389.51
1178,Customer 1178,65,Male,Illinois,High Value,2024-10-19,178016.41
1179,Customer 1179,25,Male,Georgia,High Value,2025-08-31,145558.14
1180,Customer 1180,49,Female,New York,Standard,2024-11-04,85417.14
1181,Customer 1181,22,Other,Texas,High Value,2021-03-11,236471.2
1182,Customer 1182,74,Male,Michigan,High Value,2024-09-06,185776.52
1183,Customer 1183,26,Other,California,Entry,2021-09-03,174406.82
1184,Customer 1184,57,Male,Texas,Mass Affluent,2024-08-19,85733.86
1185,Customer 1185,63,Male,Virginia,Standard,2023-08-15,199259.01
1186,Customer 1186,63,Female,Florida,Mass Affluent,2024-11-18,201760.89
1187,Customer 1187,70,Male,Georgia,Entry,2022-07-22,103184.04
1188,Customer 1188,37,Female,California,Entry,2021-05-04,45267.67
1189,Customer 1189,60,Female,California,Entry,2022-02-15,53854.7
1190,Customer 1190,70,Female,New York,High Value,2024-01-13,230774.03
1191,Customer 1191,37,Male,Ohio,High Value,2025-01-05,45490.71
1192,Customer 1192,37,Female,Ohio,Entry,2025-01-30,62747.94
1193,Customer 1193,21,Male,Georgia,Standard,2024-08-04,63353.64
1194,Customer 1194,46,Other,Ohio,Entry,2022-11-07,135190.67
1195,Customer 1195,75,Other,Texas,Mass Affluent,2023-04-08,30727.62
1196,Customer 1196,73,Female,Texas,Standard,2024-11-12,103356.74
1197,Customer 1197,46,Male,Texas,Standard,2022-09-13,147617.79
1198,Customer 1198,26,Female,Florida,Mass Affluent,2022-11-28,68856.03
1199,Customer 1199,45,Other,New York,Standard,2021-03-22,183094.1
1200,Customer 1200,61,Other,Illinois,Entry,2021-08-07,48669.75
1201,Customer 1201,49,Other,New York,Mass Affluent,2024-07-19,37853.62
1202,Customer 1202,67,Other,New York,Entry,2021-02-21,115528.86
1203,Customer 1203,55,Other,Florida,Entry,2025-06-12,147466.81
1204,Customer 1204,72,Female,Ohio,High Value,2025-09-05,104642.72
1205,Customer 1205,71,Other,Ohio,Entry,2022-11-23,56001.16
1206,Customer 1206,62,Other,North Carolina,Entry,2025-07-11,236819.75
1207,Customer 1207,55,Male,Michigan,Mass Affluent,2025-11-18,233459.48
1208,Customer 1208,68,Male,Virginia,High Value,2021-03-17,133668.32
1209,Customer 1209,23,Male,California,High Value,2024-06-20,67894.78
1210,Customer 1210,40,Male,Virginia,Mass Affluent,2021-04-13,213777.47
1211,Customer 1211,73,Male,Texas,Entry,2021-05-11,160895.03
1212,Customer 1212,35,Male,New York,Entry,2024-06-14,104215.48
1213,Customer 1213,68,Other,Georgia,Standard,2025-09-08,56576.54
1214,Customer 1214,57,Other,California,Standard,2024-11-02,214013.96
1215,Customer 1215,34,Male,Michigan,Mass Affluent,2025-06-13,103810.82
1216,Customer 1216,38,Male,Georgia,Mass Affluent,2021-09-05,183185.07
1217,Customer 1217,31,Female,New York,High Value,2024-02-08,59341.59
1218,Customer 1218,75,Other,Michigan,Entry,2025-06-09,201085.56
1219,Customer 1219,52,Male,Ohio,High Value,2021-02-02,69470.83
1220,Customer 1220,66,Other,Michigan,Standard,2021-07-02,121568.89
1221,Customer 1221,71,Female,California,Mass Affluent,2025-07-12,61479.33
1222,Customer 1222,54,Female,Georgia,Mass Affluent,2022-07-09,236379.71
1223,Customer 1223,65,Male,Michigan,Mass Affluent,2024-06-04,187783.73
1224,Customer 1224,26,Other,Florida,Standard,2024-06-07,122132.89
1225,Customer 1225,36,Male,Texas,High Value,2024-02-17,166162.61
1226,Customer 1226,69,Other,North Carolina,Mass Affluent,2025-11-02,132127.52
1227,Customer 1227,63,Male,Florida,High Value,2024-07-06,72618.18
1228,Customer 1228,30,Other,Virginia,Entry,2025-06-20,68791.24
1229,Customer 1229,23,Male,Illinois,Standard,2024-10-04,76109.75
1230,Customer 1230,42,Other,Virginia,High Value,2022-05-30,52972.64
1231,Customer 1231,55,Male,California,High Value,2021-04-18,136713.51
1232,Customer 1232,25,Male,Virginia,Standard,2021-08-26,122194.58
1233,Customer 1233,64,Female,New York,High Value,2025-03-11,101749.09
1234,Customer 1234,36,Other,Georgia,Mass Affluent,2021-07-20,112617.13
1235,Customer 1235,25,Female,Michigan,Entry,2022-03-28,41954.66
1236,Customer 1236,30,Male,Michigan,Entry,2023-06-12,69173.37
1237,Customer 1237,29,Female,New York,Standard,2023-02-04,244622.3
1238,Customer 1238,42,Male,Ohio,High Value,2022-02-19,91732.91
1239,Customer 1239,75,Female,Virginia,Entry,2021-08-16,67664.29
1240,Customer 1240,35,Female,Michigan,Mass Affluent,2022-12-05,203700.33
1241,Customer 1241,60,Male,Michigan,Mass Affluent,2024-07-30,49024.35
1242,Customer 1242,54,Female,New York,Entry,2025-10-22,214137.59
1243,Customer 1243,21,Other,Georgia,Mass Affluent,2022-07-26,84522.92
1244,Customer 1244,58,Male,Michigan,Mass Affluent,2023-06-09,231026.04
1245,Customer 1245,47,Male,Ohio,Entry,2021-01-11,191364.79
1246,Customer 1246,23,Female,North Carolina,Entry,2023-10-30,135439.25
1247,Customer 1247,65,Male,Virginia,Entry,2025-06-23,82912.53
1248,Customer 1248,69,Male,Georgia,Mass Affluent,2024-02-18,59196.64
1249,Customer 1249,36,Other,Texas,High Value,2022-08-29,135552.25
1250,Customer 1250,31,Other,Virginia,High Value,2022-09-17,244812.57
1251,Customer 1251,70,Male,Georgia,Mass Affluent,2023-08-08,203768.92
1252,Customer 1252,61,Female,Ohio,High Value,2023-01-29,114673.44
1253,Customer 1253,42,Other,Ohio,Standard,2024-11-15,123698.5
1254,Customer 1254,65,Other,North Carolina,Mass Affluent,2022-07-07,203292.21
1255,Customer 1255,60,Female,Ohio,Standard,2021-06-15,225355.14
1256,Customer 1256,45,Female,Virginia,High Value,2021-08-16,110425.65
1257,Customer 1257,62,Other,Texas,Mass Affluent,2021-12-25,60449.28
1258,Customer 1258,36,Other,Texas,Entry,2022-11-17,192223.61
1259,Customer 1259,58,Other,New York,Mass Affluent,2025-03-21,100502.04
1260,Customer 1260,53,Other,Georgia,Standard,2022-07-02,41981.2
1261,Customer 1261,43,Female,Virginia,High Value,2023-02-03,133436.05
1262,Customer 1262,64,Other,Florida,Entry,2023-12-26,166609.28
1263,Customer 1263,64,Other,Texas,Mass Affluent,2025-06-27,226218.71
1264,Customer 1264,26,Male,Georgia,Mass Affluent,2023-07-27,93441.99
1265,Customer 1265,27,Male,Florida,High Value,2021-06-07,183358.06
1266,Customer 1266,30,Male,North Carolina,High Value,2023-10-14,94497.28
1267,Customer 1267,55,Male,Virginia,Standard,2024-10-29,122428.59
1268,Customer 1268,62,Male,Florida,Mass Affluent,2025-02-19,43848.89
1269,Customer 1269,72,Male,North Carolina,Standard,2025-11-21,120572.18
1270,Customer 1270,62,Other,Illinois,Entry,2022-12-04,160538.6
1271,Customer 1271,54,Other,Virginia,Entry,2024-11-28,96898.11
1272,Customer 1272,71,Female,California,Standard,2021-09-28,79892.03
1273,Customer 1273,39,Male,California,Standard,2023-02-01,92564.05
1274,Customer 1274,60,Male,North Carolina,Standard,2021-12-07,70101.71
1275,Customer 1275,74,Other,California,Mass Affluent,2021-12-26,82339.17
1276,Customer 1276,41,Other,California,Entry,2021-03-26,87289.58
1277,Customer 1277,34,Other,Ohio,Standard,2022-01-13,245164.96
1278,Customer 1278,44,Female,North Carolina,Mass Affluent,2021-10-30,147401.45
1279,Customer 1279,22,Female,Virginia,Mass Affluent,2021-09-06,238513.59
1280,Customer 1280,30,Male,North Carolina,Standard,2022-10-18,172393.67
1281,Customer 1281,51,Female,Michigan,Mass Affluent,2022-08-29,205906.76
1282,Customer 1282,49,Female,Texas,Entry,2025-02-01,228038.38
1283,Customer 1283,64,Other,Texas,Standard,2021-10-13,35455.03
1284,Customer 1284,74,Male,Virginia,Standard,2024-06-18,50345.85
1285,Customer 1285,59,Other,New York,Mass Affluent,2021-04-23,201882.34
1286,Customer 1286,38,Male,Ohio,High Value,2025-04-21,148450.7
1287,Customer 1287,64,Other,Texas,Entry,2023-07-02,72779.01
1288,Customer 1288,59,Other,North Carolina,High Value,2022-10-13,229858.33
1289,Customer 1289,46,Male,Georgia,Standard,2023-01-10,114944.78
1290,Customer 1290,39,Female,Illinois,Standard,2021-01-25,245055.2
1291,Customer 1291,56,Male,New York,Entry,2025-11-26,193136.09
1292,Customer 1292,72,Female,Florida,Mass Affluent,2023-05-02,207248.01
1293,Customer 1293,67,Female,California,High Value,2023-05-19,61600.64
1294,Customer 1294,51,Other,Illinois,High Value,2022-09-14,235293.66
1295,Customer 1295,69,Female,Texas,High Value,2024-04-24,120081.34
1296,Customer 1296,47,Male,North Carolina,Entry,2022-07-14,186254.34
1297,Customer 1297,29,Male,California,Entry,2025-03-27,93681.9
1298,Customer 1298,23,Female,Michigan,Standard,2023-10-02,138702.11
1299,Customer 1299,50,Male,Ohio,High Value,2025-02-24,63885.27
1300,Customer 1300,61,Other,Virginia,High Value,2022-09-07,173838.85
1301,Customer 1301,47,Male,Virginia,Mass Affluent,2022-08-13,36257.37
1302,Customer 1302,38,Female,Texas,Standard,2025-04-16,157834.47
1303,Customer 1303,48,Female,Virginia,High Value,2024-03-04,112104.49
1304,Customer 1304,57,Male,Florida,Mass Affluent,2025-02-10,157963.99
1305,Customer 1305,41,Female,California,Standard,2021-10-27,65927.95
1306,Customer 1306,44,Female,Illinois,High Value,2022-07-13,93768.36
1307,Customer 1307,61,Male,North Carolina,Mass Affluent,2023-12-21,198617.34
1308,Customer 1308,69,Male,Michigan,Mass Affluent,2022-01-11,149616.71
1309,Customer 1309,41,Other,Florida,Standard,2025-11-22,180797.62
1310,Customer 1310,44,Male,North Carolina,Standard,2024-11-10,211129.26
1311,Customer 1311,29,Other,Florida,Standard,2021-01-27,201337.73
1312,Customer 1312,42,Male,Texas,Mass Affluent,2023-04-24,64002.08
1313,Customer 1313,74,Male,North Carolina,High Value,2022-03-29,121816.18
1314,Customer 1314,28,Male,Ohio,Entry,2021-06-06,106606.18
1315,Customer 1315,44,Male,Virginia,Standard,2024-11-16,67885.58
1316,Customer 1316,22,Other,Texas,Mass Affluent,2022-09-16,58317.19
1317,Customer 1317,30,Other,New York,Standard,2024-11-22,57575.72
1318,Customer 1318,26,Female,Texas,High Value,2021-09-24,34137.41
1319,Customer 1319,69,Female,Ohio,Mass Affluent,2023-09-19,53719.82
1320,Customer 1320,63,Other,Michigan,High Value,2025-06-13,133198.12
1321,Customer 1321,23,Male,Florida,High Value,2022-06-03,196001.06
1322,Customer 1322,28,Other,New York,Mass Affluent,2025-05-22,70652.0
1323,Customer 1323,22,Male,California,Standard,2022-12-21,238734.15
1324,Customer 1324,43,Male,North Carolina,Mass Affluent,2022-12-14,141080.03
1325,Customer 1325,27,Other,Ohio,Mass Affluent,2021-05-20,187478.56
1326,Customer 1326,31,Other,Ohio,High Value,2022-08-01,233331.06
1327,Customer 1327,75,Other,Virginia,Standard,2023-10-30,183589.24
1328,Customer 1328,49,Other,Texas,Mass Affluent,2022-01-15,213643.27
1329,Customer 1329,48,Male,North Carolina,Mass Affluent,2023-02-17,119667.15
1330,Customer 1330,41,Male,Virginia,High Value,2025-04-09,144340.07
1331,Customer 1331,69,Female,Florida,High Value,2023-10-13,48094.55
1332,Customer 1332,28,Female,Florida,Entry,2023-10-09,162085.69
1333,Customer 1333,64,Female,New York,Entry,2022-10-01,93929.65
1334,Customer 1334,48,Male,Texas,Entry,2025-10-18,236598.04
1335,Customer 1335,32,Male,Virginia,High Value,2023-01-23,117201.35
1336,Customer 1336,63,Other,Texas,High Value,2023-12-07,61540.86
1337,Customer 1337,65,Other,Texas,Mass Affluent,2023-04-01,44236.29
1338,Customer 1338,42,Male,Michigan,Entry,2022-02-12,57007.68
1339,Customer 1339,48,Other,Virginia,Standard,2025-09-13,198259.74
1340,Customer 1340,58,Other,Florida,Entry,2025-04-18,108341.41
1341,Customer 1341,59,Female,Virginia,Standard,2024-09-27,62422.3
1342,Customer 1342,27,Male,Florida,Entry,2023-07-21,139400.23
1343,Customer 1343,29,Male,Texas,High Value,2024-07-10,212668.74
1344,Customer 1344,64,Male,California,Entry,2023-10-18,163008.46
1345,Customer 1345,30,Female,Michigan,High Value,2022-11-01,197237.72
1346,Customer 1346,69,Other,Virginia,Entry,2024-09-15,74424.99
1347,Customer 1347,52,Female,North Carolina,Standard,2024-09-17,149336.39
1348,Customer 1348,55,Other,Ohio,High Value,2025-07-16,247956.54
1349,Customer 1349,45,Female,Illinois,Entry,2021-09-01,127362.35
1350,Customer 1350,23,Male,North Carolina,Standard,2021-03-15,224634.05
1351,Customer 1351,52,Female,California,Standard,2021-12-03,187459.1
1352,Customer 1352,69,Male,Michigan,Entry,2023-09-26,175217.29
1353,Customer 1353,55,Other,Virginia,Entry,2024-11-04,153696.19
1354,Customer 1354,53,Male,Georgia,Standard,2021-11-17,138832.05
1355,Customer 1355,60,Other,Illinois,Standard,2023-02-13,100506.21
1356,Customer 1356,58,Male,California,Standard,2021-02-27,106752.89
1357,Customer 1357,58,Male,Illinois,Entry,2025-02-28,51417.01
1358,Customer 1358,43,Female,Illinois,High Value,2022-12-08,175472.8
1359,Customer 1359,36,Other,Florida,High Value,2022-05-23,230285.58
1360,Customer 1360,40,Male,Illinois,Mass Affluent,2021-05-15,34336.64
1361,Customer 1361,23,Female,Georgia,Entry,2022-10-30,88656.15
1362,Customer 1362,51,Other,Ohio,Standard,2024-11-26,113102.27
1363,Customer 1363,41,Other,Texas,Entry,2023-03-11,52012.47
1364,Customer 1364,34,Female,Virginia,Standard,2024-10-14,66657.99
1365,Customer 1365,44,Female,New York,Entry,2022-09-06,169797.72
1366,Customer 1366,25,Other,New York,Standard,2025-06-01,88334.12
1367,Customer 1367,57,Female,New York,High Value,2022-09-01,187895.51
1368,Customer 1368,27,Other,Illinois,Standard,2024-03-30,44799.35
1369,Customer 1369,54,Female,Georgia,Mass Affluent,2025-06-29,106409.63
1370,Customer 1370,62,Female,North Carolina,Standard,2021-06-07,125240.31
1371,Customer 1371,41,Male,Georgia,Entry,2024-01-11,85278.25
1372,Customer 1372,50,Other,North Carolina,Mass Affluent,2023-11-22,223797.25
1373,Customer 1373,66,Other,California,Entry,2024-07-09,76849.62
1374,Customer 1374,68,Female,Florida,Entry,2025-08-15,235619.91
1375,Customer 1375,61,Male,North Carolina,Mass Affluent,2025-01-28,110140.43
1376,Customer 1376,36,Male,Florida,Entry,2021-10-30,120257.26
1377,Customer 1377,74,Male,New York,Entry,2025-10-28,88725.65
1378,Customer 1378,62,Male,Florida,Mass Affluent,2022-08-11,119290.51
1379,Customer 1379,30,Male,Ohio,Mass Affluent,2021-08-21,205349.85
1380,Customer 1380,50,Female,North Carolina,Entry,2022-09-28,122844.21
1381,Customer 1381,33,Male,Florida,Mass Affluent,2021-03-17,36411.21
1382,Customer 1382,72,Female,North Carolina,Mass Affluent,2025-06-06,171744.64
1383,Customer 1383,67,Female,Ohio,High Value,2021-03-28,219108.48
1384,Customer 1384,41,Other,Florida,High Value,2021-06-21,228126.47
1385,Customer 1385,44,Other,Texas,Entry,2023-04-14,237495.67
1386,Customer 1386,74,Male,New York,High Value,2025-01-23,155614.14
1387,Customer 1387,28,Other,Michigan,Standard,2023-10-22,139219.24
1388,Customer 1388,36,Other,Texas,Standard,2021-07-04,102442.9
1389,Customer 1389,68,Female,New York,Entry,2024-04-11,77961.84
1390,Customer 1390,32,Male,Florida,Entry,2021-08-07,119842.62
1391,Customer 1391,58,Male,Virginia,Standard,2025-11-03,183915.9
1392,Customer 1392,41,Other,Georgia,Entry,2021-08-20,180202.46
1393,Customer 1393,71,Male,Illinois,Entry,2022-07-23,187447.67
1394,Customer 1394,40,Male,Michigan,High Value,2025-08-10,215124.05
1395,Customer 1395,72,Male,New York,Standard,2024-09-18,151600.14
1396,Customer 1396,61,Other,Illinois,High Value,2022-09-26,147680.35
1397,Customer 1397,75,Female,Georgia,High Value,2022-04-30,230153.6
1398,Customer 1398,37,Female,Texas,Mass Affluent,2023-03-16,95433.04
1399,Customer 1399,31,Female,Illinois,Entry,2025-10-27,203649.83
1400,Customer 1400,26,Female,Virginia,Entry,2022-07-16,233829.39
1401,Customer 1401,66,Female,Texas,Mass Affluent,2022-11-13,183666.08
1402,Customer 1402,25,Female,Georgia,Standard,2023-11-03,129717.59
1403,Customer 1403,69,Male,California,Entry,2021-02-26,204024.25
1404,Customer 1404,21,Female,New York,Standard,2021-10-06,99018.8
1405,Customer 1405,28,Male,New York,Mass Affluent,2021-06-18,216331.29
1406,Customer 1406,47,Female,Virginia,Entry,2024-11-05,222171.29
1407,Customer 1407,37,Male,Michigan,Standard,2021-10-01,205896.31
1408,Customer 1408,26,Female,Illinois,Mass Affluent,2022-02-11,116568.72
1409,Customer 1409,74,Other,New York,High Value,2023-02-12,238584.03
1410,Customer 1410,62,Other,New York,High Value,2024-02-18,244308.07
1411,Customer 1411,37,Other,California,High Value,2022-02-11,118227.68
1412,Customer 1412,59,Female,California,High Value,2023-05-29,240767.23
1413,Customer 1413,57,Male,Ohio,Entry,2021-12-15,200139.05
1414,Customer 1414,73,Other,Virginia,High Value,2023-07-19,79386.47
1415,Customer 1415,33,Female,Florida,Entry,2022-02-21,114056.17
1416,Customer 1416,75,Male,Michigan,Mass Affluent,2023-06-03,248945.64
1417,Customer 1417,67,Other,New York,Entry,2022-08-03,69681.37
1418,Customer 1418,30,Male,Florida,Standard,2025-06-11,81806.84
1419,Customer 1419,36,Female,Michigan,Entry,2023-07-13,48862.51
1420,Customer 1420,29,Female,Georgia,Mass Affluent,2023-08-19,186933.91
1421,Customer 1421,48,Other,Michigan,Standard,2024-12-21,46072.24
1422,Customer 1422,24,Male,Illinois,Mass Affluent,2024-02-15,133605.13
1423,Customer 1423,59,Other,Michigan,High Value,2022-12-27,31179.42
1424,Customer 1424,60,Female,Florida,Entry,2023-10-31,177677.64
1425,Customer 1425,56,Male,Michigan,Mass Affluent,2021-09-28,87264.16
1426,Customer 1426,52,Female,Virginia,Mass Affluent,2023-10-29,49722.56
1427,Customer 1427,54,Female,California,Standard,2024-12-25,55705.25
1428,Customer 1428,29,Female,Florida,Standard,2021-04-01,233772.15
1429,Customer 1429,37,Other,Florida,Standard,2022-08-03,125870.58
1430,Customer 1430,41,Other,Virginia,Mass Affluent,2021-12-04,152248.44
1431,Customer 1431,61,Female,Ohio,Mass Affluent,2024-09-08,62696.58
1432,Customer 1432,32,Male,Virginia,Standard,2022-04-16,65982.09
1433,Customer 1433,48,Male,Virginia,High Value,2023-08-15,127134.33
1434,Customer 1434,56,Female,Virginia,Entry,2024-12-23,54747.99
1435,Customer 1435,30,Male,Illinois,High Value,2025-01-14,74821.42
1436,Customer 1436,32,Male,North Carolina,Standard,2022-08-05,153914.43
1437,Customer 1437,58,Male,Michigan,High Value,2024-09-20,145723.39
1438,Customer 1438,32,Female,Texas,Mass Affluent,2024-03-14,199015.75
1439,Customer 1439,27,Female,Ohio,Standard,2024-10-18,179888.72
1440,Customer 1440,28,Female,Illinois,High Value,2024-10-25,214134.99
1441,Customer 1441,22,Male,Virginia,Entry,2021-11-11,129892.21
1442,Customer 1442,59,Other,Ohio,Standard,2022-07-06,243349.51
1443,Customer 1443,60,Female,Illinois,Mass Affluent,2024-09-05,76500.71
1444,Customer 1444,72,Other,Florida,Standard,2021-04-10,205592.33
1445,Customer 1445,25,Other,Michigan,Entry,2025-03-04,50361.22
1446,Customer 1446,32,Male,Georgia,High Value,2022-06-07,34512.65
1447,Customer 1447,31,Female,Georgia,Standard,2022-03-03,172376.96
1448,Customer 1448,30,Male,Florida,Entry,2024-09-01,206242.09
1449,Customer 1449,72,Female,Michigan,Mass Affluent,2025-02-16,108989.74
1450,Customer 1450,74,Female,North Carolina,Mass Affluent,2021-07-16,137717.07
1451,Customer 1451,51,Female,Michigan,Entry,2023-03-06,49848.92
1452,Customer 1452,72,Female,Michigan,Mass Affluent,2023-05-16,125503.3
1453,Customer 1453,26,Male,North Carolina,Standard,2023-05-23,244119.79
1454,Customer 1454,35,Other,California,Entry,2024-10-17,146001.32
1455,Customer 1455,54,Male,Florida,Entry,2024-08-18,126218.21
1456,Customer 1456,51,Female,California,Mass Affluent,2025-06-30,180549.07
1457,Customer 1457,74,Male,North Carolina,Entry,2022-09-08,95005.96
1458,Customer 1458,56,Male,Ohio,High Value,2021-04-08,142343.35
1459,Customer 1459,27,Female,Michigan,Standard,2023-04-26,108200.68
1460,Customer 1460,26,Other,Ohio,High Value,2024-04-14,192913.56
1461,Customer 1461,32,Male,Georgia,High Value,2023-08-06,48323.92
1462,Customer 1462,66,Female,Illinois,Entry,2025-12-01,196617.94
1463,Customer 1463,60,Female,Illinois,Mass Affluent,2023-07-11,76435.04
1464,Customer 1464,68,Other,Florida,High Value,2021-06-10,125435.76
1465,Customer 1465,21,Female,Texas,High Value,2021-02-06,67781.78
1466,Customer 1466,50,Other,Georgia,Entry,2023-09-05,96616.0
1467,Customer 1467,60,Female,Georgia,Standard,2025-07-24,49279.73
1468,Customer 1468,21,Male,Texas,High Value,2021-10-04,183127.14
1469,Customer 1469,75,Male,New York,Entry,2022-01-21,172697.11
1470,Customer 1470,36,Female,North Carolina,Mass Affluent,2024-08-23,48940.58
1471,Customer 1471,50,Male,Virginia,Entry,2025-04-26,34799.7
1472,Customer 1472,30,Other,Virginia,Entry,2021-12-07,133727.62
1473,Customer 1473,49,Other,New York,Mass Affluent,2025-10-27,94862.91
1474,Customer 1474,74,Female,Ohio,Standard,2025-08-26,31732.34
1475,Customer 1475,75,Other,Georgia,Entry,2024-07-15,216695.58
1476,Customer 1476,58,Other,North Carolina,Standard,2025-02-18,38143.79
1477,Customer 1477,52,Other,Michigan,Entry,2023-03-30,81019.27
1478,Customer 1478,54,Male,Georgia,Standard,2021-05-05,151716.25
1479,Customer 1479,62,Female,Virginia,High Value,2022-07-03,138853.54
1480,Customer 1480,43,Female,Georgia,High Value,2024-08-16,65493.36
1481,Customer 1481,33,Female,Illinois,Entry,2025-01-27,81062.68
1482,Customer 1482,58,Other,Illinois,Entry,2022-03-26,58854.88
1483,Customer 1483,67,Other,Georgia,Entry,2022-08-24,213277.76
1484,Customer 1484,62,Other,Illinois,Entry,2024-10-10,205946.11
1485,Customer 1485,31,Other,New York,Standard,2025-09-26,181953.46
1486,Customer 1486,63,Female,California,Mass Affluent,2021-06-26,73886.53
1487,Customer 1487,52,Male,Georgia,Entry,2024-05-25,96803.42
1488,Customer 1488,56,Male,Ohio,Standard,2022-03-05,223799.34
1489,Customer 1489,64,Male,California,High Value,2023-01-02,207499.42
1490,Customer 1490,48,Male,Michigan,Mass Affluent,2022-11-23,56551.37
1491,Customer 1491,52,Female,Illinois,Standard,2022-04-04,199262.26
1492,Customer 1492,56,Female,California,High Value,2025-04-27,185409.08
1493,Customer 1493,72,Female,Texas,High Value,2023-06-16,201963.53
1494,Customer 1494,71,Male,North Carolina,High Value,2024-06-02,141607.26
1495,Customer 1495,61,Male,New York,Standard,2021-12-09,64547.16
1496,Customer 1496,66,Female,North Carolina,Entry,2022-08-22,191161.42
1497,Customer 1497,30,Other,Illinois,Standard,2021-07-23,210215.37
1498,Customer 1498,75,Male,Virginia,Entry,2021-09-09,199228.25
1499,Customer 1499,36,Female,Illinois,Standard,2021-01-14,141105.0
1500,Customer 1500,38,Female,Georgia,Standard,2021-06-24,168476.89
1501,Customer 1501,30,Other,Georgia,Mass Affluent,2022-05-18,60358.75
1502,Customer 1502,47,Female,Virginia,Standard,2023-05-29,237622.86
1503,Customer 1503,30,Male,North Carolina,High Value,2023-06-26,48651.21
1504,Customer 1504,46,Male,Georgia,High Value,2022-10-07,116518.58
1505,Customer 1505,63,Other,California,High Value,2021-03-17,245101.25
1506,Customer 1506,72,Other,North Carolina,Standard,2024-12-31,122247.17
1507,Customer 1507,65,Other,Florida,Standard,2024-10-26,230030.79
1508,Customer 1508,73,Female,North Carolina,Mass Affluent,2021-01-17,184064.91
1509,Customer 1509,62,Male,North Carolina,Entry,2023-07-03,183443.61
1510,Customer 1510,71,Other,Georgia,Mass Affluent,2025-07-21,223814.43
1511,Customer 1511,23,Other,Illinois,Entry,2021-06-22,189521.71
1512,Customer 1512,29,Other,North Carolina,Standard,2025-02-24,77021.59
1513,Customer 1513,56,Female,North Carolina,Standard,2023-11-14,196550.19
1514,Customer 1514,22,Male,North Carolina,Standard,2021-11-24,83094.75
1515,Customer 1515,40,Other,Georgia,High Value,2025-05-05,191036.96
1516,Customer 1516,44,Female,North Carolina,Standard,2025-09-20,57238.86
1517,Customer 1517,62,Male,Virginia,Standard,2025-03-30,155935.76
1518,Customer 1518,50,Female,New York,Mass Affluent,2021-01-11,107074.17
1519,Customer 1519,63,Other,Michigan,Mass Affluent,2022-08-06,187157.22
1520,Customer 1520,68,Male,Texas,Standard,2023-12-01,143619.4
1521,Customer 1521,73,Female,Virginia,High Value,2022-01-30,62241.72
1522,Customer 1522,74,Female,Texas,High Value,2023-05-22,43682.61
1523,Customer 1523,51,Male,Virginia,High Value,2021-09-24,111244.73
1524,Customer 1524,46,Other,North Carolina,Entry,2023-12-14,221843.25
1525,Customer 1525,52,Other,Georgia,Entry,2024-04-11,181583.93
1526,Customer 1526,67,Female,California,Mass Affluent,2023-09-30,141272.9
1527,Customer 1527,66,Female,California,High Value,2023-09-20,182783.56
1528,Customer 1528,51,Male,California,Standard,2023-07-22,232773.42
1529,Customer 1529,59,Female,Texas,High Value,2021-09-01,111308.91
1530,Customer 1530,23,Other,California,High Value,2022-08-17,111722.82
1531,Customer 1531,40,Female,Virginia,High Value,2023-02-06,204064.81
1532,Customer 1532,71,Other,Georgia,High Value,2021-10-19,236100.54
1533,Customer 1533,39,Male,California,Entry,2022-09-17,30458.87
1534,Customer 1534,43,Male,Ohio,Entry,2024-01-27,135858.82
1535,Customer 1535,57,Female,Illinois,Entry,2022-09-27,134550.06
1536,Customer 1536,74,Other,California,Mass Affluent,2025-01-14,141048.05
1537,Customer 1537,69,Female,Virginia,Mass Affluent,2023-08-02,220596.02
1538,Customer 1538,26,Other,Michigan,Entry,2022-10-29,115191.73
1539,Customer 1539,42,Other,Ohio,Entry,2023-03-21,191900.81
1540,Customer 1540,26,Male,Ohio,Standard,2024-08-15,153429.76
1541,Customer 1541,62,Other,Texas,Mass Affluent,2021-09-11,240137.03
1542,Customer 1542,57,Male,Michigan,Mass Affluent,2024-01-15,195122.89
1543,Customer 1543,22,Male,North Carolina,Mass Affluent,2023-10-27,241722.89
1544,Customer 1544,71,Male,New York,Entry,2022-07-18,48622.55
1545,Customer 1545,59,Female,Georgia,High Value,2023-12-29,138124.07
1546,Customer 1546,42,Female,California,Entry,2021-02-17,35292.53
1547,Customer 1547,41,Female,Florida,High Value,2023-12-18,55221.82
1548,Customer 1548,55,Male,Florida,Mass Affluent,2021-07-23,70187.16
1549,Customer 1549,26,Male,Florida,Entry,2025-04-23,179293.88
1550,Customer 1550,60,Female,California,High Value,2021-05-01,186926.14
1551,Customer 1551,45,Male,Illinois,Mass Affluent,2022-09-03,120821.02
1552,Customer 1552,37,Female,Texas,High Value,2022-10-26,74563.08
1553,Customer 1553,59,Other,New York,Entry,2025-03-21,141896.68
1554,Customer 1554,45,Male,Florida,High Value,2023-10-31,100034.02
1555,Customer 1555,47,Male,Virginia,High Value,2024-02-07,119648.63
1556,Customer 1556,22,Female,North Carolina,High Value,2022-04-24,84189.54
1557,Customer 1557,62,Male,Florida,Entry,2024-02-11,128116.1
1558,Customer 1558,61,Other,New York,Mass Affluent,2025-09-30,112127.15
1559,Customer 1559,71,Male,North Carolina,Entry,2021-12-11,241497.46
1560,Customer 1560,49,Male,Ohio,Entry,2024-02-11,241445.18
1561,Customer 1561,39,Other,California,High Value,2024-06-25,43238.51
1562,Customer 1562,38,Other,Florida,Entry,2023-09-15,249833.21
1563,Customer 1563,61,Male,Michigan,Standard,2025-09-22,40006.64
1564,Customer 1564,55,Other,Texas,Standard,2025-02-22,49737.32
1565,Customer 1565,28,Male,North Carolina,Standard,2024-12-01,223221.44
1566,Customer 1566,60,Other,Illinois,Standard,2022-03-08,169737.37
1567,Customer 1567,66,Female,Florida,Mass Affluent,2025-03-22,175700.95
1568,Customer 1568,42,Male,Virginia,Standard,2022-10-21,33492.42
1569,Customer 1569,29,Other,Ohio,Entry,2024-11-17,30941.43
1570,Customer 1570,64,Male,Georgia,Entry,2021-01-20,197742.35
1571,Customer 1571,26,Other,Texas,High Value,2024-01-08,226365.88
1572,Customer 1572,63,Female,Texas,Standard,2025-07-30,243848.59
1573,Customer 1573,73,Other,Illinois,Entry,2023-02-10,68981.06
1574,Customer 1574,72,Other,Ohio,High Value,2025-04-22,131792.36
1575,Customer 1575,49,Male,New York,High Value,2022-01-31,196852.62
1576,Customer 1576,66,Female,New York,High Value,2024-10-25,209581.78
1577,Customer 1577,40,Other,New York,Mass Affluent,2024-07-04,245626.21
1578,Customer 1578,23,Female,Virginia,Mass Affluent,2023-01-14,31569.79
1579,Customer 1579,61,Female,Texas,Standard,2025-08-09,155202.49
1580,Customer 1580,31,Other,New York,Mass Affluent,2023-10-09,44379.34
1581,Customer 1581,68,Male,California,Standard,2021-09-20,235383.95
1582,Customer 1582,35,Other,Florida,Mass Affluent,2025-10-19,216486.78
1583,Customer 1583,65,Other,North Carolina,Standard,2021-02-17,179749.68
1584,Customer 1584,21,Female,Ohio,Standard,2023-07-19,125160.6
1585,Customer 1585,38,Male,North Carolina,Entry,2023-04-14,139026.44
1586,Customer 1586,69,Male,New York,High Value,2023-11-26,91145.27
1587,Customer 1587,55,Female,Illinois,High Value,2023-05-11,116208.95
1588,Customer 1588,26,Other,Ohio,Mass Affluent,2022-11-17,245181.03
1589,Customer 1589,25,Male,New York,Mass Affluent,2023-05-18,102429.42
1590,Customer 1590,61,Other,Texas,High Value,2021-05-09,135592.61
1591,Customer 1591,22,Other,Illinois,Standard,2025-07-13,84373.78
1592,Customer 1592,36,Female,Ohio,Standard,2023-08-28,144328.51
1593,Customer 1593,25,Other,Michigan,Entry,2022-04-30,198101.69
1594,Customer 1594,49,Other,Texas,High Value,2024-07-04,244395.63
1595,Customer 1595,45,Female,Texas,Mass Affluent,2021-03-10,43640.49
1596,Customer 1596,49,Male,Florida,Entry,2025-07-02,44473.86
1597,Customer 1597,24,Other,Ohio,Standard,2024-10-19,216984.45
1598,Customer 1598,27,Other,Georgia,Mass Affluent,2023-04-03,220208.2
1599,Customer 1599,63,Other,Ohio,Entry,2025-06-01,114462.41
1600,Customer 1600,48,Other,Michigan,High Value,2025-06-17,104715.62
1601,Customer 1601,71,Male,Virginia,Standard,2024-10-15,159318.94
1602,Customer 1602,27,Male,Michigan,High Value,2021-08-10,160435.03
1603,Customer 1603,33,Other,California,Standard,2025-09-18,108186.07
1604,Customer 1604,67,Other,Virginia,Mass Affluent,2023-09-13,83493.55
1605,Customer 1605,23,Male,California,Standard,2025-06-21,158594.9
1606,Customer 1606,62,Female,Florida,Mass Affluent,2023-11-17,62429.99
1607,Customer 1607,59,Female,Florida,Standard,2022-09-25,243459.63
1608,Customer 1608,58,Other,California,High Value,2023-11-27,82225.22
1609,Customer 1609,74,Other,Ohio,Entry,2025-08-05,105639.54
1610,Customer 1610,61,Male,Texas,Standard,2022-02-15,71658.23
1611,Customer 1611,65,Other,Virginia,Standard,2023-09-02,217441.91
1612,Customer 1612,42,Other,Florida,Entry,2024-03-05,102296.19
1613,Customer 1613,50,Male,Virginia,Mass Affluent,2021-08-03,232389.79
1614,Customer 1614,35,Other,New York,Entry,2024-08-01,167262.4
1615,Customer 1615,51,Other,Illinois,Entry,2022-05-05,75169.6
1616,Customer 1616,73,Male,Illinois,High Value,2022-01-13,46220.85
1617,Customer 1617,56,Male,California,Standard,2021-03-03,126889.79
1618,Customer 1618,58,Female,Ohio,High Value,2024-07-16,73807.03
1619,Customer 1619,32,Male,Florida,Mass Affluent,2022-08-05,104759.85
1620,Customer 1620,36,Male,New York,High Value,2024-02-10,68737.03
1621,Customer 1621,27,Male,California,Entry,2022-06-21,174071.22
1622,Customer 1622,42,Male,Florida,Entry,2021-08-16,82832.99
1623,Customer 1623,44,Other,California,Entry,2025-07-16,223245.32
1624,Customer 1624,28,Male,California,Mass Affluent,2021-05-14,72169.88
1625,Customer 1625,65,Female,Illinois,Entry,2023-02-14,244935.94
1626,Customer 1626,23,Other,Michigan,Mass Affluent,2022-05-16,217975.8
1627,Customer 1627,71,Male,Illinois,Mass Affluent,2022-08-26,41716.97
1628,Customer 1628,38,Male,North Carolina,Entry,2025-06-18,76032.27
1629,Customer 1629,71,Female,Michigan,High Value,2021-06-16,66835.38
1630,Customer 1630,69,Other,North Carolina,Standard,2023-03-06,139689.31
1631,Customer 1631,32,Female,Illinois,Entry,2023-08-09,187442.97
1632,Customer 1632,51,Female,Michigan,Entry,2023-10-11,170383.23
1633,Customer 1633,58,Other,Ohio,Mass Affluent,2025-06-08,78295.78
1634,Customer 1634,49,Male,Georgia,Mass Affluent,2022-02-20,97319.79
1635,Customer 1635,57,Male,Illinois,Standard,2023-02-12,151121.43
1636,Customer 1636,69,Male,Florida,Entry,2021-10-03,144140.56
1637,Customer 1637,58,Male,Virginia,Standard,2022-04-17,123742.52
1638,Customer 1638,48,Female,Illinois,Entry,2023-08-16,99744.49
1639,Customer 1639,22,Male,Virginia,Mass Affluent,2023-02-23,88437.47
1640,Customer 1640,43,Male,Florida,High Value,2021-06-05,202892.13
1641,Customer 1641,27,Male,Texas,Standard,2022-04-12,38421.9
1642,Customer 1642,42,Male,Illinois,Standard,2022-02-15,96597.43
1643,Customer 1643,70,Other,Florida,Mass Affluent,2025-07-29,185241.38
1644,Customer 1644,75,Other,North Carolina,Standard,2021-10-10,31877.45
1645,Customer 1645,39,Female,Georgia,Entry,2022-09-06,210809.49
1646,Customer 1646,62,Male,Virginia,Mass Affluent,2025-04-01,220402.55
1647,Customer 1647,35,Other,New York,Entry,2022-04-12,81419.1
1648,Customer 1648,71,Other,Virginia,Entry,2024-04-17,104945.11
1649,Customer 1649,41,Male,Georgia,Entry,2021-06-25,76108.65
1650,Customer 1650,75,Other,Ohio,Standard,2023-07-11,60569.05
1651,Customer 1651,29,Female,Ohio,Entry,2025-11-25,208288.3
1652,Customer 1652,43,Female,New York,Entry,2025-09-05,123658.26
1653,Customer 1653,46,Other,North Carolina,Standard,2025-03-22,101737.49
1654,Customer 1654,57,Male,California,Mass Affluent,2021-02-17,244993.53
1655,Customer 1655,57,Other,Michigan,Entry,2022-11-08,245637.87
1656,Customer 1656,46,Male,North Carolina,Entry,2022-02-23,71434.51
1657,Customer 1657,42,Other,Virginia,Standard,2021-08-11,50513.13
1658,Customer 1658,64,Other,California,High Value,2021-08-02,211824.46
1659,Customer 1659,52,Male,California,Mass Affluent,2024-05-20,45288.03
1660,Customer 1660,39,Male,New York,Standard,2023-03-02,175105.38
1661,Customer 1661,50,Male,Illinois,High Value,2021-05-24,67801.66
1662,Customer 1662,47,Female,California,High Value,2025-10-27,58410.29
1663,Customer 1663,51,Other,Texas,Entry,2023-05-07,240121.29
1664,Customer 1664,34,Male,New York,Standard,2025-11-08,125084.15
1665,Customer 1665,63,Female,California,Standard,2024-12-24,159248.23
1666,Customer 1666,66,Other,Virginia,Standard,2023-10-27,74374.6
1667,Customer 1667,49,Male,Georgia,Mass Affluent,2021-10-20,145688.43
1668,Customer 1668,52,Female,Virginia,High Value,2024-03-11,192203.96
1669,Customer 1669,62,Female,Illinois,Standard,2022-08-13,116039.88
1670,Customer 1670,72,Male,Georgia,Mass Affluent,2025-08-14,69507.18
1671,Customer 1671,67,Female,Virginia,Entry,2024-06-19,230383.28
1672,Customer 1672,65,Other,Texas,Entry,2022-01-11,183701.85
1673,Customer 1673,36,Male,Florida,Standard,2021-03-31,176664.53
1674,Customer 1674,65,Other,New York,Entry,2021-05-17,120481.19
1675,Customer 1675,56,Male,Illinois,High Value,2025-04-10,196187.31
1676,Customer 1676,70,Female,Georgia,Entry,2023-10-31,66264.6
1677,Customer 1677,53,Male,Virginia,High Value,2022-03-01,46103.01
1678,Customer 1678,64,Other,Virginia,Entry,2024-11-23,105604.7
1679,Customer 1679,75,Male,Georgia,High Value,2023-03-29,32362.22
1680,Customer 1680,66,Male,Illinois,Entry,2021-08-23,136647.03
1681,Customer 1681,26,Other,New York,Entry,2021-05-20,60856.27
1682,Customer 1682,38,Male,California,High Value,2025-08-08,163537.48
1683,Customer 1683,39,Male,North Carolina,Entry,2021-12-29,67059.74
1684,Customer 1684,69,Male,Florida,Mass Affluent,2024-10-07,126944.76
1685,Customer 1685,34,Other,Ohio,Mass Affluent,2021-12-31,127252.79
1686,Customer 1686,74,Other,North Carolina,High Value,2021-04-08,115936.05
1687,Customer 1687,49,Male,Michigan,High Value,2022-09-24,40706.23
1688,Customer 1688,70,Male,New York,Standard,2023-02-12,229926.4
1689,Customer 1689,26,Male,Georgia,High Value,2022-02-14,247643.94
1690,Customer 1690,73,Male,Texas,Mass Affluent,2022-11-22,240923.96
1691,Customer 1691,72,Other,California,Mass Affluent,2021-07-17,39682.75
1692,Customer 1692,27,Female,Illinois,Mass Affluent,2023-11-16,167428.14
1693,Customer 1693,46,Female,Texas,Mass Affluent,2024-01-15,77031.6
1694,Customer 1694,41,Male,Ohio,Entry,2023-01-01,173878.41
1695,Customer 1695,45,Male,Virginia,Mass Affluent,2021-01-25,44523.58
1696,Customer 1696,38,Other,Michigan,Standard,2025-07-28,39666.57
1697,Customer 1697,47,Female,Michigan,Entry,2022-03-24,246282.55
1698,Customer 1698,66,Other,Michigan,Mass Affluent,2021-07-28,85426.83
1699,Customer 1699,59,Female,Georgia,Mass Affluent,2021-07-14,103050.24
1700,Customer 1700,69,Other,Illinois,Entry,2024-07-25,44852.97
1701,Customer 1701,59,Other,Virginia,Entry,2021-02-06,142425.75
1702,Customer 1702,35,Other,Michigan,High Value,2025-02-28,81173.3
1703,Customer 1703,69,Male,Florida,Mass Affluent,2024-06-16,192340.92
1704,Customer 1704,36,Other,Texas,High Value,2025-03-31,60262.21
1705,Customer 1705,39,Male,California,Entry,2023-10-19,74964.77
1706,Customer 1706,36,Other,Michigan,Entry,2021-03-19,192636.24
1707,Customer 1707,29,Female,Illinois,High Value,2022-11-05,144592.03
1708,Customer 1708,62,Female,Ohio,Mass Affluent,2023-04-30,216325.67
1709,Customer 1709,42,Male,New York,High Value,2022-11-10,229459.05
1710,Customer 1710,36,Other,New York,Entry,2024-09-23,144723.82
1711,Customer 1711,49,Other,Ohio,High Value,2022-01-11,221370.68
1712,Customer 1712,33,Male,California,Mass Affluent,2021-05-24,57623.42
1713,Customer 1713,58,Other,New York,Mass Affluent,2021-12-22,141633.4
1714,Customer 1714,67,Female,Florida,Mass Affluent,2023-05-23,188768.23
1715,Customer 1715,48,Male,Michigan,Mass Affluent,2022-05-17,96682.16
1716,Customer 1716,49,Other,New York,Standard,2024-03-26,219733.62
1717,Customer 1717,26,Female,Georgia,Entry,2023-09-13,66908.53
1718,Customer 1718,48,Other,Michigan,Entry,2023-06-23,197271.38
1719,Customer 1719,71,Female,Ohio,Entry,2025-08-06,124027.4
1720,Customer 1720,69,Female,Michigan,Mass Affluent,2021-06-20,151627.47
1721,Customer 1721,37,Female,Virginia,Standard,2021-12-26,129792.68
1722,Customer 1722,56,Other,Virginia,High Value,2023-02-08,103311.51
1723,Customer 1723,51,Male,California,Mass Affluent,2025-01-04,30919.72
1724,Customer 1724,53,Other,Illinois,Entry,2025-10-31,119002.16
1725,Customer 1725,46,Other,Illinois,Entry,2023-05-02,137701.25
1726,Customer 1726,58,Male,Georgia,High Value,2024-08-05,248343.94
1727,Customer 1727,45,Other,California,Mass Affluent,2021-09-12,197849.19
1728,Customer 1728,70,Other,Illinois,Entry,2022-06-07,169695.54
1729,Customer 1729,65,Male,Georgia,Entry,2023-01-25,191846.13
1730,Customer 1730,51,Male,Illinois,High Value,2022-05-12,183443.71
1731,Customer 1731,30,Female,Michigan,Entry,2024-08-14,237738.35
1732,Customer 1732,37,Male,Michigan,Mass Affluent,2021-10-29,32714.23
1733,Customer 1733,26,Other,Georgia,Entry,2025-04-28,185335.35
1734,Customer 1734,54,Male,Georgia,Mass Affluent,2021-06-14,212544.9
1735,Customer 1735,65,Female,North Carolina,Entry,2022-06-02,158937.55
1736,Customer 1736,47,Other,Texas,High Value,2025-02-12,169959.65
1737,Customer 1737,72,Female,California,Standard,2025-05-10,194720.62
1738,Customer 1738,46,Other,Florida,High Value,2025-03-13,247145.61
1739,Customer 1739,52,Male,Texas,High Value,2025-07-30,200223.6
1740,Customer 1740,54,Female,Florida,Entry,2023-05-06,67539.54
1741,Customer 1741,32,Other,California,Mass Affluent,2023-02-07,137023.68
1742,Customer 1742,28,Female,Michigan,Mass Affluent,2023-10-27,70840.37
1743,Customer 1743,68,Male,New York,Standard,2021-05-01,246248.37
1744,Customer 1744,47,Female,Michigan,High Value,2025-11-21,221039.64
1745,Customer 1745,26,Female,Texas,Entry,2021-12-07,57429.95
1746,Customer 1746,42,Male,Michigan,Mass Affluent,2021-05-12,135137.37
1747,Customer 1747,69,Male,Ohio,High Value,2024-10-09,88537.77
1748,Customer 1748,63,Other,Ohio,High Value,2021-01-15,76435.04
1749,Customer 1749,21,Female,Michigan,Standard,2025-06-10,235068.24
1750,Customer 1750,69,Female,Michigan,Entry,2023-08-28,104041.04
1751,Customer 1751,42,Female,New York,Standard,2024-10-28,176317.22
1752,Customer 1752,60,Male,Illinois,Standard,2023-02-15,207379.45
1753,Customer 1753,50,Other,Georgia,Mass Affluent,2021-01-07,35649.69
1754,Customer 1754,54,Female,New York,Standard,2021-09-09,129421.98
1755,Customer 1755,63,Female,North Carolina,Entry,2024-11-06,175250.25
1756,Customer 1756,61,Female,Ohio,Standard,2021-01-07,222155.59
1757,Customer 1757,68,Female,Virginia,Mass Affluent,2025-07-12,163487.86
1758,Customer 1758,68,Other,Texas,Standard,2023-03-31,124141.58
1759,Customer 1759,63,Other,Texas,Entry,2023-09-03,94649.85
1760,Customer 1760,66,Male,North Carolina,High Value,2022-02-04,58129.5
1761,Customer 1761,26,Female,North Carolina,Entry,2025-06-20,66971.63
1762,Customer 1762,28,Female,North Carolina,Mass Affluent,2023-07-03,83538.32
1763,Customer 1763,69,Other,Texas,High Value,2021-12-16,125676.55
1764,Customer 1764,22,Male,Illinois,Entry,2025-01-05,198587.94
1765,Customer 1765,67,Female,Virginia,High Value,2022-03-28,176404.8
1766,Customer 1766,61,Other,Virginia,High Value,2023-12-31,205018.9
1767,Customer 1767,35,Other,Michigan,High Value,2022-11-13,171677.04
1768,Customer 1768,66,Other,Georgia,Entry,2023-02-12,207858.45
1769,Customer 1769,37,Male,Florida,High Value,2022-04-03,54504.15
1770,Customer 1770,68,Other,New York,High Value,2022-11-28,156024.58
1771,Customer 1771,75,Female,Georgia,High Value,2021-09-18,98375.76
1772,Customer 1772,55,Male,Georgia,Entry,2024-04-23,100321.46
1773,Customer 1773,72,Other,California,Mass Affluent,2023-01-18,53448.9
1774,Customer 1774,55,Female,Illinois,Mass Affluent,2021-01-19,209552.55
1775,Customer 1775,74,Male,Virginia,Entry,2022-08-31,62433.58
1776,Customer 1776,30,Other,Ohio,Standard,2022-08-04,97956.11
1777,Customer 1777,28,Female,Michigan,Entry,2024-11-11,168836.96
1778,Customer 1778,52,Female,Georgia,High Value,2022-03-18,245851.41
1779,Customer 1779,30,Other,New York,Mass Affluent,2022-11-14,184089.63
1780,Customer 1780,70,Male,Virginia,Entry,2021-04-18,95802.39
1781,Customer 1781,63,Male,Ohio,Entry,2025-07-28,104230.23
1782,Customer 1782,51,Female,Georgia,Entry,2024-10-20,45801.11
1783,Customer 1783,39,Female,New York,Entry,2025-01-28,51410.3
1784,Customer 1784,69,Other,Ohio,Standard,2022-10-25,130657.15
1785,Customer 1785,57,Male,Virginia,Entry,2021-12-02,94037.95
1786,Customer 1786,34,Male,New York,High Value,2021-10-24,109689.67
1787,Customer 1787,57,Male,California,Entry,2025-10-20,239087.59
1788,Customer 1788,64,Male,Ohio,High Value,2023-05-25,108228.45
1789,Customer 1789,32,Male,Texas,Standard,2023-08-29,160546.33
1790,Customer 1790,61,Other,Georgia,Mass Affluent,2021-11-01,37478.42
1791,Customer 1791,46,Female,Florida,Mass Affluent,2022-05-09,173615.33
1792,Customer 1792,70,Other,Texas,Entry,2023-02-08,220277.07
1793,Customer 1793,45,Female,Virginia,Standard,2024-08-24,32552.53
1794,Customer 1794,26,Male,Virginia,Mass Affluent,2021-08-27,35065.89
1795,Customer 1795,57,Female,Florida,High Value,2024-03-19,204755.62
1796,Customer 1796,45,Female,Georgia,Standard,2022-01-06,155713.08
1797,Customer 1797,41,Male,North Carolina,Mass Affluent,2021-07-23,119172.71
1798,Customer 1798,22,Female,North Carolina,Entry,2024-12-06,44064.97
1799,Customer 1799,58,Other,Texas,Mass Affluent,2025-09-11,242449.83
1800,Customer 1800,32,Other,California,High Value,2021-08-29,152038.79
1801,Customer 1801,41,Male,Ohio,Mass Affluent,2025-06-28,156517.83
1802,Customer 1802,31,Male,North Carolina,Standard,2024-08-29,217319.02
1803,Customer 1803,26,Male,North Carolina,Standard,2021-03-13,109983.12
1804,Customer 1804,31,Female,Ohio,Mass Affluent,2024-01-20,96132.0
1805,Customer 1805,71,Female,North Carolina,Entry,2023-11-30,60768.11
1806,Customer 1806,65,Female,North Carolina,Standard,2023-10-02,163357.87
1807,Customer 1807,34,Other,Texas,High Value,2023-11-12,82162.08
1808,Customer 1808,30,Female,New York,Mass Affluent,2022-01-21,162471.77
1809,Customer 1809,58,Female,Florida,Mass Affluent,2022-03-19,190402.97
1810,Customer 1810,25,Other,Florida,Standard,2023-05-15,113992.11
1811,Customer 1811,46,Female,Texas,Standard,2021-12-01,178835.65
1812,Customer 1812,30,Other,New York,High Value,2024-11-23,168505.0
1813,Customer 1813,61,Other,New York,Standard,2022-07-06,154001.27
1814,Customer 1814,73,Other,Michigan,Mass Affluent,2024-08-19,122331.02
1815,Customer 1815,41,Female,Georgia,High Value,2021-11-11,242083.89
1816,Customer 1816,25,Female,Texas,High Value,2022-05-22,180475.43
1817,Customer 1817,25,Female,Texas,Standard,2023-04-14,230033.99
1818,Customer 1818,38,Male,New York,Standard,2025-05-13,32169.93
1819,Customer 1819,35,Female,Texas,High Value,2023-02-12,68660.9
1820,Customer 1820,40,Other,Virginia,High Value,2025-01-31,146371.23
1821,Customer 1821,57,Female,North Carolina,Standard,2024-12-05,163642.73
1822,Customer 1822,31,Female,Georgia,Mass Affluent,2021-04-09,105938.04
1823,Customer 1823,64,Other,North Carolina,Entry,2025-02-27,134909.61
1824,Customer 1824,37,Male,North Carolina,Mass Affluent,2021-09-19,174663.85
1825,Customer 1825,45,Other,Florida,High Value,2021-10-20,232057.16
1826,Customer 1826,44,Other,New York,Entry,2024-08-02,185493.09
1827,Customer 1827,49,Female,Virginia,Standard,2022-01-10,90681.05
1828,Customer 1828,54,Other,New York,Standard,2023-05-27,169839.75
1829,Customer 1829,40,Female,Illinois,High Value,2021-06-28,169628.87
1830,Customer 1830,67,Male,Texas,Mass Affluent,2021-06-07,156569.67
1831,Customer 1831,68,Female,North Carolina,Entry,2021-06-23,207836.32
1832,Customer 1832,48,Other,North Carolina,Mass Affluent,2021-01-22,135524.31
1833,Customer 1833,64,Other,North Carolina,High Value,2023-11-21,119203.72
1834,Customer 1834,33,Other,Ohio,Entry,2024-06-16,184570.18
1835,Customer 1835,43,Male,North Carolina,High Value,2025-03-16,163622.18
1836,Customer 1836,64,Other,New York,Mass Affluent,2021-12-12,46526.92
1837,Customer 1837,29,Other,Illinois,High Value,2025-09-16,122998.9
1838,Customer 1838,31,Female,Texas,Standard,2023-02-16,231089.94
1839,Customer 1839,74,Other,Texas,Standard,2022-05-27,95819.16
1840,Customer 1840,37,Male,Ohio,Entry,2022-08-25,77841.9
1841,Customer 1841,62,Other,Ohio,Entry,2022-09-17,226348.66
1842,Customer 1842,52,Male,Illinois,High Value,2025-10-04,165416.65
1843,Customer 1843,40,Female,Texas,High Value,2022-11-04,106938.77
1844,Customer 1844,32,Female,Illinois,High Value,2025-01-19,52294.31
1845,Customer 1845,33,Male,North Carolina,Mass Affluent,2023-10-05,120358.19
1846,Customer 1846,21,Male,Florida,Mass Affluent,2023-09-26,133553.71
1847,Customer 1847,40,Female,Georgia,Mass Affluent,2023-02-06,148014.02
1848,Customer 1848,27,Female,Virginia,Mass Affluent,2022-07-06,60772.37
1849,Customer 1849,48,Male,Illinois,Mass Affluent,2025-03-11,54346.44
1850,Customer 1850,23,Male,Georgia,Entry,2022-08-07,193663.28
1851,Customer 1851,31,Other,New York,Entry,2021-03-06,241133.75
1852,Customer 1852,28,Female,Virginia,Entry,2022-06-29,205960.42
1853,Customer 1853,29,Female,Georgia,Entry,2025-01-02,58911.89
1854,Customer 1854,71,Male,California,Mass Affluent,2021-08-09,105706.52
1855,Customer 1855,70,Other,New York,High Value,2021-01-28,179228.27
1856,Customer 1856,48,Other,Ohio,Entry,2022-12-02,135642.46
1857,Customer 1857,52,Male,Georgia,Mass Affluent,2022-08-01,165874.9
1858,Customer 1858,53,Male,New York,Standard,2025-02-02,198680.07
1859,Customer 1859,37,Other,New York,Entry,2025-11-05,73650.74
1860,Customer 1860,71,Male,North Carolina,Mass Affluent,2024-12-17,71507.18
1861,Customer 1861,58,Other,California,Mass Affluent,2025-10-17,56501.46
1862,Customer 1862,23,Female,New York,Mass Affluent,2023-04-02,123786.65
1863,Customer 1863,33,Male,Ohio,Entry,2024-06-16,119605.38
1864,Customer 1864,65,Other,New York,Mass Affluent,2022-09-20,103959.13
1865,Customer 1865,24,Other,Georgia,High Value,2023-09-09,96943.8
1866,Customer 1866,44,Female,Illinois,Entry,2022-07-06,84333.1
1867,Customer 1867,32,Male,Ohio,High Value,2021-04-08,175294.77
1868,Customer 1868,34,Female,Virginia,Standard,2022-10-21,229866.03
1869,Customer 1869,48,Male,Florida,Entry,2021-07-26,109987.87
1870,Customer 1870,28,Male,Ohio,Mass Affluent,2022-09-16,102866.58
1871,Customer 1871,72,Female,Michigan,Standard,2025-02-27,82415.49
1872,Customer 1872,34,Other,Georgia,High Value,2022-07-20,225182.64
1873,Customer 1873,61,Other,Michigan,High Value,2021-09-25,39028.57
1874,Customer 1874,73,Male,New York,Entry,2024-09-02,233610.14
1875,Customer 1875,55,Other,Illinois,Standard,2021-06-03,189577.15
1876,Customer 1876,33,Other,California,High Value,2025-04-08,58123.03
1877,Customer 1877,56,Other,Florida,Standard,2023-05-07,226880.87
1878,Customer 1878,61,Other,Texas,Entry,2023-07-08,44895.87
1879,Customer 1879,54,Other,Ohio,Mass Affluent,2023-05-09,161813.81
1880,Customer 1880,29,Female,Ohio,High Value,2024-11-27,204765.88
1881,Customer 1881,33,Other,Georgia,Entry,2024-11-21,180632.74
1882,Customer 1882,53,Male,California,Entry,2025-11-18,195160.11
1883,Customer 1883,56,Female,Georgia,Standard,2023-02-26,75523.41
1884,Customer 1884,31,Other,New York,High Value,2021-01-08,223414.1
1885,Customer 1885,53,Female,North Carolina,Standard,2025-06-08,96750.24
1886,Customer 1886,39,Other,Florida,High Value,2022-03-28,67644.0
1887,Customer 1887,55,Male,Florida,High Value,2021-04-04,170715.38
1888,Customer 1888,29,Female,Ohio,Mass Affluent,2022-07-23,247697.98
1889,Customer 1889,55,Male,Ohio,Standard,2022-03-07,169190.23
1890,Customer 1890,41,Male,North Carolina,Standard,2023-01-26,188857.51
1891,Customer 1891,60,Female,Illinois,High Value,2023-04-17,167710.17
1892,Customer 1892,73,Female,New York,Standard,2021-01-22,68881.75
1893,Customer 1893,55,Other,Michigan,High Value,2021-02-02,188972.48
1894,Customer 1894,45,Other,Florida,Mass Affluent,2024-11-10,209706.35
1895,Customer 1895,41,Female,New York,Entry,2022-03-28,64241.12
1896,Customer 1896,67,Other,Georgia,Standard,2022-04-20,62633.52
1897,Customer 1897,26,Female,California,Entry,2023-09-09,70706.16
1898,Customer 1898,32,Male,Michigan,Entry,2025-11-02,237538.11
1899,Customer 1899,62,Female,Ohio,Standard,2022-01-05,65842.1
1900,Customer 1900,73,Female,Michigan,Mass Affluent,2021-12-30,45279.91
1901,Customer 1901,48,Male,Virginia,Entry,2021-05-28,52051.44
1902,Customer 1902,29,Other,Ohio,High Value,2023-12-15,113132.53
1903,Customer 1903,28,Male,Ohio,Mass Affluent,2021-02-12,84635.45
1904,Customer 1904,38,Male,Michigan,High Value,2021-06-21,204328.1
1905,Customer 1905,71,Male,North Carolina,Standard,2021-01-20,217598.45
1906,Customer 1906,33,Male,Virginia,Entry,2021-06-24,209402.28
1907,Customer 1907,42,Female,California,Mass Affluent,2022-09-22,42292.61
1908,Customer 1908,38,Other,North Carolina,High Value,2024-11-18,34665.74
1909,Customer 1909,27,Other,Florida,High Value,2021-04-02,142539.33
1910,Customer 1910,47,Male,Ohio,Mass Affluent,2025-09-10,35280.19
1911,Customer 1911,45,Male,Illinois,Standard,2023-05-25,79694.57
1912,Customer 1912,64,Female,Texas,Entry,2025-12-06,67302.99
1913,Customer 1913,35,Male,Florida,Standard,2021-08-14,46783.79
1914,Customer 1914,28,Female,Texas,High Value,2022-11-15,162991.4
1915,Customer 1915,48,Other,Illinois,Mass Affluent,2021-12-31,179475.33
1916,Customer 1916,63,Other,Florida,Standard,2021-11-04,106644.85
1917,Customer 1917,38,Female,Illinois,Standard,2021-08-01,208358.27
1918,Customer 1918,72,Male,Ohio,Mass Affluent,2024-12-27,201112.49
1919,Customer 1919,41,Male,Georgia,Entry,2021-10-28,188695.56
1920,Customer 1920,51,Male,Texas,Entry,2025-05-28,241108.77
1921,Customer 1921,30,Male,Illinois,Mass Affluent,2022-07-25,70011.91
1922,Customer 1922,43,Female,Virginia,Entry,2023-02-28,135883.48
1923,Customer 1923,59,Other,Illinois,Mass Affluent,2023-04-28,206471.0
1924,Customer 1924,36,Female,Georgia,Entry,2024-09-01,148524.39
1925,Customer 1925,55,Other,New York,Entry,2023-10-06,48395.9
1926,Customer 1926,47,Other,Michigan,Mass Affluent,2025-01-04,184680.53
1927,Customer 1927,44,Male,New York,High Value,2022-04-27,109727.66
1928,Customer 1928,29,Male,Ohio,Standard,2023-08-29,109388.88
1929,Customer 1929,70,Male,Florida,Entry,2025-10-06,61710.85
1930,Customer 1930,56,Female,New York,Mass Affluent,2025-10-14,212120.8
1931,Customer 1931,68,Male,Texas,Mass Affluent,2021-04-25,113041.37
1932,Customer 1932,65,Female,Illinois,High Value,2021-02-23,184308.39
1933,Customer 1933,58,Male,Virginia,Mass Affluent,2024-09-19,36640.86
1934,Customer 1934,30,Male,New York,High Value,2023-01-19,32745.09
1935,Customer 1935,73,Female,California,Mass Affluent,2025-08-30,133348.24
1936,Customer 1936,68,Other,Florida,Entry,2021-10-14,120534.95
1937,Customer 1937,49,Other,Ohio,Standard,2022-11-22,54478.67
1938,Customer 1938,62,Male,Michigan,Mass Affluent,2021-05-03,140724.99
1939,Customer 1939,46,Female,Virginia,Standard,2021-01-23,232213.05
1940,Customer 1940,40,Other,New York,Entry,2023-10-25,234919.05
1941,Customer 1941,26,Other,Georgia,Mass Affluent,2022-07-11,193489.64
1942,Customer 1942,60,Male,New York,Entry,2023-04-01,70412.63
1943,Customer 1943,56,Other,Texas,Entry,2025-03-08,135031.58
1944,Customer 1944,62,Female,Georgia,Mass Affluent,2024-08-29,42027.76
1945,Customer 1945,62,Female,New York,Standard,2023-01-31,53848.19
1946,Customer 1946,44,Other,Illinois,High Value,2021-06-09,82696.58
1947,Customer 1947,55,Male,Texas,Mass Affluent,2021-11-30,161364.37
1948,Customer 1948,40,Male,North Carolina,Mass Affluent,2025-03-30,170445.57
1949,Customer 1949,36,Female,Texas,High Value,2021-03-08,154022.65
1950,Customer 1950,51,Male,Ohio,Standard,2025-06-07,50506.41
1951,Customer 1951,21,Female,Florida,Entry,2022-09-25,140047.54
1952,Customer 1952,69,Female,Illinois,Mass Affluent,2022-10-07,184584.5
1953,Customer 1953,42,Female,North Carolina,High Value,2021-07-19,140478.97
1954,Customer 1954,30,Male,Michigan,Entry,2025-05-07,134929.67
1955,Customer 1955,75,Male,Florida,Mass Affluent,2025-11-15,63338.32
1956,Customer 1956,26,Other,Texas,Mass Affluent,2023-08-07,224568.45
1957,Customer 1957,64,Other,California,Mass Affluent,2025-07-12,248551.66
1958,Customer 1958,54,Other,Michigan,Standard,2023-10-25,128445.65
1959,Customer 1959,42,Female,Illinois,Entry,2021-09-26,38802.84
1960,Customer 1960,70,Other,Georgia,Mass Affluent,2024-12-30,75940.54
1961,Customer 1961,59,Male,California,Entry,2024-06-04,51429.33
1962,Customer 1962,30,Female,North Carolina,High Value,2021-01-31,139760.7
1963,Customer 1963,41,Male,Florida,Mass Affluent,2023-07-21,44995.6
1964,Customer 1964,44,Female,Texas,High Value,2024-03-26,69420.98
1965,Customer 1965,50,Female,Virginia,Standard,2025-04-30,197892.2
1966,Customer 1966,62,Male,Texas,Entry,2023-06-25,38710.38
1967,Customer 1967,39,Female,Georgia,Mass Affluent,2025-10-26,126982.09
1968,Customer 1968,75,Other,Illinois,Standard,2023-11-16,48367.92
1969,Customer 1969,53,Female,Florida,High Value,2023-04-27,166535.02
1970,Customer 1970,24,Other,New York,High Value,2024-08-11,64003.69
1971,Customer 1971,39,Female,California,Entry,2021-08-04,217842.42
1972,Customer 1972,45,Female,Texas,Standard,2022-04-02,132493.07
1973,Customer 1973,55,Female,Texas,High Value,2024-08-08,69660.14
1974,Customer 1974,46,Female,New York,Entry,2021-08-10,102318.54
1975,Customer 1975,42,Other,Virginia,Mass Affluent,2022-10-12,184503.98
1976,Customer 1976,28,Female,Virginia,High Value,2023-09-03,149917.87
1977,Customer 1977,30,Other,New York,Standard,2023-08-21,155005.45
1978,Customer 1978,70,Female,Ohio,Standard,2024-05-16,203703.01
1979,Customer 1979,34,Male,New York,High Value,2023-08-28,239581.9
1980,Customer 1980,48,Female,Florida,Mass Affluent,2024-11-01,48390.08
1981,Customer 1981,38,Female,Texas,Standard,2021-05-22,222230.7
1982,Customer 1982,47,Other,New York,Standard,2023-07-14,70497.22
1983,Customer 1983,26,Female,Illinois,Standard,2021-04-21,66197.32
1984,Customer 1984,47,Female,Virginia,Mass Affluent,2022-12-17,242429.76
1985,Customer 1985,43,Other,Michigan,Entry,2023-06-14,211063.45
1986,Customer 1986,71,Other,New York,High Value,2024-02-23,188999.21
1987,Customer 1987,60,Male,Illinois,Standard,2024-03-30,33121.09
1988,Customer 1988,30,Female,Illinois,High Value,2023-07-29,204243.7
1989,Customer 1989,47,Female,North Carolina,High Value,2024-10-12,247412.49
1990,Customer 1990,75,Male,Virginia,High Value,2025-09-01,38026.91
1991,Customer 1991,33,Female,North Carolina,Mass Affluent,2025-03-08,162207.54
1992,Customer 1992,43,Male,New York,High Value,2022-03-19,111456.41
1993,Customer 1993,22,Female,Florida,High Value,2023-01-16,183849.77
1994,Customer 1994,50,Female,Georgia,Standard,2024-08-21,107486.47
1995,Customer 1995,48,Other,Illinois,High Value,2024-01-16,233796.75
1996,Customer 1996,48,Female,California,Mass Affluent,2023-07-29,149407.83
1997,Customer 1997,39,Other,Georgia,Standard,2023-02-21,184460.38
1998,Customer 1998,27,Male,Texas,High Value,2025-10-22,172917.41
1999,Customer 1999,47,Male,Virginia,High Value,2024-06-16,169375.53
2000,Customer 2000,58,Male,Florida,Entry,2023-10-28,76611.65
2001,Customer 2001,50,Other,Georgia,High Value,2025-05-11,73023.25
2002,Customer 2002,28,Female,Virginia,Entry,2023-08-20,229758.59
2003,Customer 2003,66,Other,Georgia,High Value,2024-08-13,236715.7
2004,Customer 2004,35,Other,Florida,Standard,2025-05-21,223513.58
2005,Customer 2005,40,Female,New York,High Value,2022-06-26,228041.2
2006,Customer 2006,23,Male,Ohio,Mass Affluent,2023-04-30,203912.23
2007,Customer 2007,73,Other,Michigan,Standard,2025-09-18,103719.79
2008,Customer 2008,48,Male,North Carolina,Entry,2024-03-17,72385.29
2009,Customer 2009,46,Male,Michigan,Entry,2024-08-12,58351.5
2010,Customer 2010,45,Other,California,Entry,2024-07-27,228917.7
2011,Customer 2011,31,Female,New York,High Value,2023-11-26,186205.47
2012,Customer 2012,53,Male,Michigan,Entry,2021-09-16,215466.76
2013,Customer 2013,37,Other,California,Standard,2024-07-08,74827.77
2014,Customer 2014,22,Female,Ohio,Mass Affluent,2021-07-11,36120.03
2015,Customer 2015,55,Male,Michigan,Entry,2024-12-20,35563.77
2016,Customer 2016,29,Female,Illinois,Mass Affluent,2025-02-12,82738.81
2017,Customer 2017,40,Male,North Carolina,Mass Affluent,2022-03-31,189788.78
2018,Customer 2018,71,Female,Florida,High Value,2025-07-11,90492.26
2019,Customer 2019,61,Male,Michigan,High Value,2021-10-22,54404.93
2020,Customer 2020,28,Male,California,Standard,2024-05-05,87638.83
2021,Customer 2021,26,Male,Virginia,Standard,2022-01-05,230798.21
2022,Customer 2022,46,Male,Virginia,High Value,2022-03-02,121023.93
2023,Customer 2023,61,Male,New York,Entry,2023-09-24,112555.96
2024,Customer 2024,61,Female,California,Mass Affluent,2022-10-05,95726.1
2025,Customer 2025,63,Other,Michigan,High Value,2022-01-01,55785.57
2026,Customer 2026,43,Female,Michigan,High Value,2022-12-04,64845.42
2027,Customer 2027,37,Male,New York,High Value,2025-02-27,147909.92
2028,Customer 2028,53,Male,New York,Standard,2023-11-27,55253.46
2029,Customer 2029,22,Female,California,Mass Affluent,2022-03-21,48357.41
2030,Customer 2030,29,Female,Florida,Entry,2024-11-17,73832.26
2031,Customer 2031,43,Other,North Carolina,Standard,2021-07-08,132749.62
2032,Customer 2032,52,Female,North Carolina,Entry,2025-07-15,232916.58
2033,Customer 2033,32,Male,Florida,Entry,2022-05-28,52636.81
2034,Customer 2034,70,Other,Florida,Mass Affluent,2025-06-13,204701.9
2035,Customer 2035,52,Female,Virginia,Entry,2025-01-18,161192.55
2036,Customer 2036,73,Female,Michigan,High Value,2022-07-11,163605.04
2037,Customer 2037,33,Other,Illinois,Standard,2023-05-30,227536.83
2038,Customer 2038,25,Female,California,High Value,2025-08-06,240781.44
2039,Customer 2039,58,Female,Florida,Standard,2022-06-03,117627.47
2040,Customer 2040,32,Female,Georgia,Mass Affluent,2021-08-23,108703.79
2041,Customer 2041,34,Other,Illinois,Standard,2021-05-29,61908.73
2042,Customer 2042,28,Male,Illinois,High Value,2022-10-06,187696.58
2043,Customer 2043,50,Other,Illinois,Mass Affluent,2022-03-14,153560.93
2044,Customer 2044,39,Other,New York,Mass Affluent,2023-03-01,52642.44
2045,Customer 2045,66,Other,Texas,Entry,2022-07-24,180069.02
2046,Customer 2046,41,Female,New York,Mass Affluent,2023-06-11,40925.14
2047,Customer 2047,52,Male,Florida,Entry,2023-10-09,56236.99
2048,Customer 2048,31,Other,Illinois,Entry,2023-07-17,82012.82
2049,Customer 2049,39,Male,Michigan,High Value,2021-02-13,230561.49
2050,Customer 2050,29,Female,Ohio,High Value,2022-08-06,104225.77
2051,Customer 2051,25,Female,Texas,Entry,2021-02-03,189115.81
2052,Customer 2052,41,Female,Georgia,High Value,2022-07-17,152419.04
2053,Customer 2053,52,Other,Ohio,Entry,2022-10-04,95657.64
2054,Customer 2054,52,Other,Texas,Standard,2023-07-20,236294.83
2055,Customer 2055,22,Male,Ohio,High Value,2021-07-30,60521.57
2056,Customer 2056,65,Other,Georgia,Mass Affluent,2022-10-24,67442.12
2057,Customer 2057,67,Female,North Carolina,High Value,2022-01-27,235504.28
2058,Customer 2058,24,Female,Ohio,High Value,2025-11-13,40560.75
2059,Customer 2059,25,Female,Illinois,Entry,2022-09-16,89380.65
2060,Customer 2060,29,Other,Virginia,High Value,2021-12-15,57783.52
2061,Customer 2061,30,Other,Georgia,Entry,2025-11-01,177011.76
2062,Customer 2062,54,Male,Michigan,Entry,2023-12-05,175479.17
2063,Customer 2063,41,Other,Virginia,Mass Affluent,2022-07-29,50195.86
2064,Customer 2064,39,Other,Texas,Standard,2025-04-19,152873.35
2065,Customer 2065,36,Other,New York,High Value,2025-11-23,46531.77
2066,Customer 2066,24,Male,Ohio,Mass Affluent,2023-10-10,132993.09
2067,Customer 2067,33,Female,Texas,Standard,2023-02-28,75905.52
2068,Customer 2068,69,Other,North Carolina,Standard,2024-04-24,197307.35
2069,Customer 2069,66,Female,California,High Value,2022-10-01,231107.56
2070,Customer 2070,44,Female,Virginia,Mass Affluent,2022-03-25,201604.63
2071,Customer 2071,25,Female,Georgia,Mass Affluent,2022-01-20,180978.52
2072,Customer 2072,57,Other,Texas,Mass Affluent,2025-11-17,131409.91
2073,Customer 2073,68,Male,New York,High Value,2021-08-08,226701.57
2074,Customer 2074,38,Male,Virginia,Entry,2022-01-19,107430.5
2075,Customer 2075,56,Male,Illinois,Entry,2021-08-31,76654.53
2076,Customer 2076,53,Female,North Carolina,Standard,2023-03-24,41694.56
2077,Customer 2077,44,Male,Ohio,Entry,2022-07-13,191040.35
2078,Customer 2078,33,Female,New York,Entry,2023-05-16,68861.92
2079,Customer 2079,54,Other,Virginia,Entry,2022-07-20,54020.6
2080,Customer 2080,62,Male,Texas,Mass Affluent,2021-04-13,55341.34
2081,Customer 2081,57,Female,New York,High Value,2021-03-15,147068.98
2082,Customer 2082,35,Other,Georgia,Entry,2022-07-19,116434.79
2083,Customer 2083,67,Other,Florida,Entry,2022-03-27,75255.18
2084,Customer 2084,34,Female,Florida,Standard,2025-05-29,191454.1
2085,Customer 2085,32,Other,Michigan,Entry,2021-07-13,192599.97
2086,Customer 2086,65,Male,California,Standard,2025-10-13,179917.35
2087,Customer 2087,32,Female,Virginia,Mass Affluent,2021-12-08,241693.47
2088,Customer 2088,51,Female,Illinois,High Value,2024-09-26,69053.31
2089,Customer 2089,25,Male,Ohio,Standard,2022-06-25,243299.14
2090,Customer 2090,21,Female,New York,Entry,2024-04-09,54064.92
2091,Customer 2091,22,Other,Florida,Mass Affluent,2025-08-05,145559.22
2092,Customer 2092,69,Male,Texas,High Value,2021-12-09,97012.5
2093,Customer 2093,42,Female,Virginia,Standard,2025-02-16,247754.49
2094,Customer 2094,63,Female,Florida,Standard,2022-06-12,130925.17
2095,Customer 2095,43,Female,Illinois,Entry,2025-08-23,54807.43
2096,Customer 2096,54,Other,Ohio,Mass Affluent,2024-11-05,245300.24
2097,Customer 2097,35,Other,California,Standard,2025-10-20,139523.09
2098,Customer 2098,57,Other,Georgia,Standard,2022-05-16,75387.65
2099,Customer 2099,33,Female,Texas,Standard,2021-07-02,222971.69
2100,Customer 2100,55,Female,North Carolina,Mass Affluent,2024-10-22,88368.05
2101,Customer 2101,43,Female,Georgia,Entry,2024-10-22,237958.63
2102,Customer 2102,40,Male,Ohio,Standard,2022-07-20,213517.74
2103,Customer 2103,48,Female,Michigan,Standard,2021-09-09,93449.88
2104,Customer 2104,52,Other,California,Entry,2021-01-18,179803.07
2105,Customer 2105,39,Other,North Carolina,Mass Affluent,2023-12-08,96802.03
2106,Customer 2106,25,Female,Ohio,Entry,2022-08-14,39009.68
2107,Customer 2107,73,Other,Texas,High Value,2022-08-03,137440.62
2108,Customer 2108,48,Female,Ohio,High Value,2021-01-11,85315.36
2109,Customer 2109,39,Other,North Carolina,Mass Affluent,2022-12-19,239810.76
2110,Customer 2110,38,Male,New York,Entry,2024-12-31,158749.46
2111,Customer 2111,39,Male,Ohio,Entry,2021-06-15,235245.65
2112,Customer 2112,72,Other,Georgia,Entry,2022-05-25,117804.99
2113,Customer 2113,37,Female,Michigan,Standard,2021-07-20,68126.43
2114,Customer 2114,64,Female,Michigan,Mass Affluent,2023-06-12,180330.66
2115,Customer 2115,37,Male,Georgia,Mass Affluent,2022-02-13,96233.7
2116,Customer 2116,40,Other,Virginia,Mass Affluent,2021-06-25,112712.51
2117,Customer 2117,74,Female,Texas,Mass Affluent,2025-11-29,145845.71
2118,Customer 2118,41,Other,Illinois,Entry,2024-11-22,107922.65
2119,Customer 2119,47,Female,Virginia,High Value,2023-08-14,230762.82
2120,Customer 2120,70,Female,Texas,Mass Affluent,2021-02-24,165345.88
2121,Customer 2121,71,Male,Michigan,Standard,2022-09-12,58000.47
2122,Customer 2122,57,Female,Ohio,Entry,2024-01-18,57705.88
2123,Customer 2123,21,Female,North Carolina,Entry,2024-10-04,214623.57
2124,Customer 2124,24,Female,Texas,Standard,2021-06-23,160754.73
2125,Customer 2125,39,Other,Virginia,Standard,2025-08-11,220149.11
2126,Customer 2126,68,Other,North Carolina,High Value,2021-09-06,184345.99
2127,Customer 2127,30,Other,Virginia,Mass Affluent,2023-11-24,79179.59
2128,Customer 2128,61,Male,Florida,Standard,2024-10-15,188211.25
2129,Customer 2129,72,Female,Michigan,Mass Affluent,2021-01-14,55235.95
2130,Customer 2130,30,Other,Texas,High Value,2021-01-01,84385.34
2131,Customer 2131,51,Male,North Carolina,Entry,2021-08-01,115957.06
2132,Customer 2132,40,Female,Virginia,Mass Affluent,2021-09-07,210459.61
2133,Customer 2133,75,Other,Florida,Entry,2025-09-20,219049.06
2134,Customer 2134,28,Female,California,High Value,2024-06-17,70657.73
2135,Customer 2135,68,Other,New York,Mass Affluent,2025-08-04,142533.3
2136,Customer 2136,55,Male,Virginia,Entry,2024-12-03,93807.96
2137,Customer 2137,27,Other,Virginia,Standard,2024-09-29,176893.93
2138,Customer 2138,45,Other,Texas,Entry,2023-03-13,121717.22
2139,Customer 2139,30,Male,Florida,Entry,2023-05-21,56427.83
2140,Customer 2140,21,Other,Florida,High Value,2023-03-09,171923.98
2141,Customer 2141,60,Female,Ohio,Standard,2024-09-07,241815.24
2142,Customer 2142,67,Female,Florida,High Value,2023-08-17,245985.81
2143,Customer 2143,53,Other,New York,Standard,2023-01-03,228561.12
2144,Customer 2144,45,Other,Texas,Mass Affluent,2023-12-12,174302.23
2145,Customer 2145,62,Other,Michigan,Standard,2022-12-22,131085.98
2146,Customer 2146,71,Male,Florida,Standard,2025-10-25,233164.93
2147,Customer 2147,74,Other,Virginia,Entry,2021-05-20,241762.1
2148,Customer 2148,63,Male,Michigan,Standard,2024-05-25,58472.83
2149,Customer 2149,58,Other,Illinois,Entry,2022-10-26,44865.39
2150,Customer 2150,75,Other,California,Mass Affluent,2021-03-02,51238.9
2151,Customer 2151,52,Other,Virginia,Standard,2021-08-06,197180.04
2152,Customer 2152,72,Other,New York,High Value,2025-04-30,227954.75
2153,Customer 2153,67,Female,Georgia,High Value,2021-12-23,43623.86
2154,Customer 2154,28,Male,Texas,Entry,2022-05-28,197937.43
2155,Customer 2155,61,Male,California,Standard,2024-05-27,53685.42
2156,Customer 2156,45,Male,Michigan,Mass Affluent,2023-07-10,73057.95
2157,Customer 2157,49,Other,Florida,Mass Affluent,2023-10-03,74262.4
2158,Customer 2158,48,Other,New York,High Value,2021-11-28,158063.75
2159,Customer 2159,63,Male,New York,High Value,2024-07-12,208201.95
2160,Customer 2160,44,Female,Michigan,High Value,2021-01-11,104956.49
2161,Customer 2161,67,Other,North Carolina,Entry,2024-10-29,71830.12
2162,Customer 2162,57,Female,North Carolina,Standard,2022-03-01,108426.74
2163,Customer 2163,75,Male,Texas,Entry,2024-02-19,124052.58
2164,Customer 2164,25,Other,Texas,Mass Affluent,2023-02-10,202125.22
2165,Customer 2165,27,Male,Virginia,Mass Affluent,2022-09-03,41325.38
2166,Customer 2166,42,Male,New York,Standard,2024-01-13,232900.13
2167,Customer 2167,45,Other,Illinois,High Value,2022-05-30,221937.36
2168,Customer 2168,39,Male,North Carolina,Mass Affluent,2021-11-20,217702.95
2169,Customer 2169,53,Female,Georgia,High Value,2024-06-05,150107.16
2170,Customer 2170,58,Female,Florida,High Value,2021-08-16,37100.44
2171,Customer 2171,37,Male,Illinois,High Value,2023-05-14,60643.5
2172,Customer 2172,73,Other,Illinois,High Value,2024-01-26,81835.78
2173,Customer 2173,72,Other,Michigan,High Value,2021-05-30,106086.03
2174,Customer 2174,47,Other,Michigan,High Value,2021-05-25,225254.1
2175,Customer 2175,29,Female,Ohio,High Value,2023-09-08,37832.02
2176,Customer 2176,35,Other,Illinois,Entry,2023-11-06,135070.37
2177,Customer 2177,75,Male,Ohio,High Value,2025-05-20,35797.84
2178,Customer 2178,72,Male,North Carolina,Entry,2025-05-21,180027.07
2179,Customer 2179,22,Other,Virginia,High Value,2025-02-20,115167.45
2180,Customer 2180,65,Male,Georgia,Entry,2023-02-12,150899.88
2181,Customer 2181,49,Male,Michigan,Standard,2021-08-25,107393.6
2182,Customer 2182,48,Male,New York,Mass Affluent,2022-12-04,50237.98
2183,Customer 2183,35,Female,North Carolina,High Value,2021-01-21,248006.52
2184,Customer 2184,67,Male,Ohio,High Value,2021-01-31,42464.01
2185,Customer 2185,32,Female,Ohio,Standard,2023-06-18,106926.84
2186,Customer 2186,36,Female,California,Entry,2024-09-03,135314.3
2187,Customer 2187,63,Male,Texas,Standard,2021-09-08,236441.43
2188,Customer 2188,52,Other,Illinois,Mass Affluent,2022-02-26,127579.2
2189,Customer 2189,44,Other,Florida,Mass Affluent,2022-09-12,145905.72
2190,Customer 2190,41,Other,North Carolina,High Value,2022-07-02,41879.46
2191,Customer 2191,66,Other,Virginia,Standard,2023-04-22,47258.14
2192,Customer 2192,74,Other,New York,Standard,2021-10-08,193219.9
2193,Customer 2193,28,Female,California,High Value,2022-03-08,245140.13
2194,Customer 2194,49,Other,Virginia,High Value,2024-12-01,34683.72
2195,Customer 2195,23,Female,Florida,Entry,2025-09-09,96090.83
2196,Customer 2196,24,Female,Michigan,Entry,2021-06-23,138978.65
2197,Customer 2197,45,Female,Virginia,High Value,2025-11-02,79378.66
2198,Customer 2198,32,Other,Georgia,High Value,2023-02-16,175288.54
2199,Customer 2199,55,Female,Ohio,Standard,2021-03-06,232993.71
2200,Customer 2200,72,Other,New York,High Value,2022-06-22,105007.76
2201,Customer 2201,60,Female,Georgia,High Value,2025-08-26,207627.27
2202,Customer 2202,45,Other,Florida,Entry,2024-02-08,123243.7
2203,Customer 2203,57,Other,Florida,Mass Affluent,2025-01-12,241267.1
2204,Customer 2204,68,Male,California,High Value,2023-08-16,91754.03
2205,Customer 2205,38,Male,New York,Standard,2024-10-29,104257.12
2206,Customer 2206,23,Other,Florida,Standard,2023-03-20,89124.42
2207,Customer 2207,71,Other,Michigan,High Value,2022-05-29,57347.41
2208,Customer 2208,63,Female,Florida,Mass Affluent,2024-03-10,127637.91
2209,Customer 2209,49,Male,Virginia,High Value,2021-02-05,242494.81
2210,Customer 2210,61,Other,New York,Entry,2023-09-11,42888.66
2211,Customer 2211,38,Other,North Carolina,Standard,2021-06-12,239724.52
2212,Customer 2212,32,Female,Florida,Standard,2023-06-22,221192.18
2213,Customer 2213,35,Other,California,Mass Affluent,2021-09-18,221672.62
2214,Customer 2214,24,Male,Texas,High Value,2024-09-05,70536.21
2215,Customer 2215,49,Other,Illinois,High Value,2023-11-04,151749.7
2216,Customer 2216,24,Other,Florida,Standard,2022-04-12,33546.0
2217,Customer 2217,75,Female,North Carolina,High Value,2025-09-27,162127.34
2218,Customer 2218,27,Male,North Carolina,Entry,2022-12-18,54900.16
2219,Customer 2219,36,Male,Illinois,Standard,2021-06-08,212410.33
2220,Customer 2220,47,Male,Georgia,Standard,2024-10-26,61477.49
2221,Customer 2221,59,Female,Illinois,Entry,2022-10-31,227426.29
2222,Customer 2222,51,Female,Michigan,High Value,2023-02-07,65268.82
2223,Customer 2223,39,Male,Michigan,High Value,2021-04-02,53371.06
2224,Customer 2224,72,Female,North Carolina,Standard,2022-03-10,236786.76
2225,Customer 2225,74,Other,Ohio,Mass Affluent,2023-02-15,113839.73
2226,Customer 2226,26,Male,New York,Entry,2024-08-22,148572.82
2227,Customer 2227,75,Other,Ohio,Entry,2021-09-06,175023.51
2228,Customer 2228,49,Female,Florida,Mass Affluent,2023-12-02,213921.97
2229,Customer 2229,36,Female,New York,Standard,2022-08-24,80795.95
2230,Customer 2230,68,Male,New York,Entry,2022-10-07,191215.63
2231,Customer 2231,44,Male,Illinois,High Value,2023-04-20,231219.81
2232,Customer 2232,51,Other,New York,Entry,2024-08-31,202986.91
2233,Customer 2233,57,Male,North Carolina,Mass Affluent,2022-04-16,200818.62
2234,Customer 2234,64,Other,California,Standard,2023-04-15,205088.31
2235,Customer 2235,41,Male,Texas,Entry,2022-12-01,122624.97
2236,Customer 2236,57,Female,New York,Mass Affluent,2021-10-31,222809.25
2237,Customer 2237,31,Male,Georgia,Standard,2021-02-01,198412.1
2238,Customer 2238,51,Other,Texas,Mass Affluent,2024-12-27,221280.93
2239,Customer 2239,48,Male,California,High Value,2025-09-04,59123.11
2240,Customer 2240,54,Female,Georgia,Standard,2025-11-11,58039.66
2241,Customer 2241,56,Male,Florida,High Value,2024-11-28,104097.82
2242,Customer 2242,42,Other,Michigan,High Value,2025-08-17,248709.5
2243,Customer 2243,25,Other,Illinois,Entry,2021-04-03,230348.33
2244,Customer 2244,49,Other,Georgia,Standard,2024-07-15,196685.21
2245,Customer 2245,29,Other,California,High Value,2024-12-04,63496.41
2246,Customer 2246,58,Other,Illinois,Entry,2021-01-16,113462.41
2247,Customer 2247,32,Other,Michigan,Standard,2023-06-18,237848.98
2248,Customer 2248,35,Female,Virginia,Standard,2021-07-18,40623.35
2249,Customer 2249,54,Other,North Carolina,Entry,2023-11-27,92756.58
2250,Customer 2250,41,Male,California,High Value,2023-02-26,209077.18
2251,Customer 2251,67,Male,Georgia,Standard,2025-02-13,156530.32
2252,Customer 2252,41,Male,Illinois,Standard,2024-06-14,66430.36
2253,Customer 2253,38,Female,Virginia,Mass Affluent,2022-08-13,224776.82
2254,Customer 2254,37,Other,Texas,Mass Affluent,2022-08-14,176615.39
2255,Customer 2255,27,Male,North Carolina,Mass Affluent,2021-10-16,36017.03
2256,Customer 2256,55,Other,New York,High Value,2021-03-23,137440.5
2257,Customer 2257,22,Female,New York,Standard,2025-08-12,237197.31
2258,Customer 2258,48,Other,Virginia,Mass Affluent,2024-03-15,212828.32
2259,Customer 2259,28,Other,Texas,Entry,2022-08-28,225553.55
2260,Customer 2260,37,Male,California,Standard,2023-10-08,190959.42
2261,Customer 2261,43,Male,New York,High Value,2021-08-27,101965.46
2262,Customer 2262,42,Female,Virginia,High Value,2023-11-05,185498.16
2263,Customer 2263,23,Female,Texas,Standard,2022-10-07,71887.71
2264,Customer 2264,63,Other,Ohio,High Value,2024-02-18,84101.02
2265,Customer 2265,45,Male,New York,Standard,2024-04-15,133425.39
2266,Customer 2266,73,Male,Virginia,Standard,2023-09-20,58994.22
2267,Customer 2267,26,Other,New York,High Value,2024-07-24,125550.13
2268,Customer 2268,56,Other,New York,Mass Affluent,2023-10-02,38538.8
2269,Customer 2269,37,Other,Georgia,Mass Affluent,2024-11-09,170297.22
2270,Customer 2270,54,Other,California,Standard,2023-09-19,214952.21
2271,Customer 2271,39,Other,Virginia,Entry,2025-11-28,205284.16
2272,Customer 2272,59,Female,North Carolina,Entry,2023-03-15,94991.79
2273,Customer 2273,28,Female,Georgia,Entry,2022-03-25,101587.35
2274,Customer 2274,48,Male,California,Entry,2024-09-18,240389.42
2275,Customer 2275,28,Female,Georgia,Mass Affluent,2024-09-14,200209.99
2276,Customer 2276,74,Female,Michigan,Entry,2023-09-18,181188.82
2277,Customer 2277,39,Female,North Carolina,Mass Affluent,2021-03-01,225758.33
2278,Customer 2278,47,Male,North Carolina,Standard,2025-05-23,87553.16
2279,Customer 2279,47,Female,Virginia,Entry,2022-10-13,117709.49
2280,Customer 2280,38,Female,New York,Standard,2021-04-22,169978.56
2281,Customer 2281,40,Female,Georgia,Mass Affluent,2021-04-04,155951.25
2282,Customer 2282,55,Male,Texas,Standard,2021-12-08,58427.37
2283,Customer 2283,22,Other,Ohio,Entry,2024-01-11,49855.6
2284,Customer 2284,42,Female,North Carolina,High Value,2024-12-14,174084.95
2285,Customer 2285,34,Female,North Carolina,Mass Affluent,2023-11-29,246747.81
2286,Customer 2286,55,Female,New York,Standard,2025-09-13,206282.79
2287,Customer 2287,42,Female,New York,Mass Affluent,2023-02-05,236803.04
2288,Customer 2288,75,Male,North Carolina,High Value,2021-03-15,140329.85
2289,Customer 2289,52,Male,California,Standard,2025-06-09,96322.62
2290,Customer 2290,61,Other,New York,High Value,2022-04-17,89940.81
2291,Customer 2291,73,Female,Georgia,Mass Affluent,2021-09-11,210025.1
2292,Customer 2292,38,Male,Texas,High Value,2025-12-01,140992.13
2293,Customer 2293,69,Other,Georgia,High Value,2024-12-11,33243.19
2294,Customer 2294,55,Other,California,High Value,2025-08-28,191892.15
2295,Customer 2295,46,Male,Michigan,Standard,2025-06-12,202649.79
2296,Customer 2296,53,Other,Ohio,Standard,2023-05-21,90290.94
2297,Customer 2297,27,Female,Michigan,Entry,2022-02-20,112847.76
2298,Customer 2298,26,Male,Georgia,Standard,2023-05-30,136336.89
2299,Customer 2299,55,Other,New York,Entry,2024-12-10,33786.76
2300,Customer 2300,67,Female,Illinois,High Value,2023-10-15,129499.48
2301,Customer 2301,22,Female,New York,Entry,2024-03-29,111360.76
2302,Customer 2302,27,Other,Florida,Standard,2024-02-28,61629.68
2303,Customer 2303,26,Male,North Carolina,Mass Affluent,2024-07-14,75690.0
2304,Customer 2304,58,Male,Texas,Mass Affluent,2023-10-01,118702.92
2305,Customer 2305,51,Other,Michigan,Mass Affluent,2025-09-13,42965.25
2306,Customer 2306,37,Female,Florida,Standard,2023-10-08,213551.15
2307,Customer 2307,41,Other,Michigan,Entry,2021-03-16,221714.14
2308,Customer 2308,65,Male,North Carolina,Entry,2022-07-04,150029.52
2309,Customer 2309,62,Male,Illinois,Entry,2022-10-04,185951.0
2310,Customer 2310,56,Other,Texas,High Value,2023-11-20,123654.45
2311,Customer 2311,45,Male,Ohio,Mass Affluent,2021-06-08,144386.58
2312,Customer 2312,31,Male,Virginia,High Value,2021-09-06,38593.63
2313,Customer 2313,52,Male,North Carolina,Entry,2023-05-19,60770.39
2314,Customer 2314,56,Female,Georgia,High Value,2025-11-26,95285.23
2315,Customer 2315,39,Other,Florida,Standard,2023-06-11,165322.11
2316,Customer 2316,57,Other,California,Mass Affluent,2023-02-01,93843.29
2317,Customer 2317,34,Other,Illinois,Standard,2024-11-03,133864.21
2318,Customer 2318,42,Other,California,Mass Affluent,2022-03-08,145363.26
2319,Customer 2319,51,Male,Illinois,Entry,2025-08-26,69429.67
2320,Customer 2320,25,Male,Florida,Mass Affluent,2023-08-22,73838.88
2321,Customer 2321,55,Female,Illinois,High Value,2021-07-12,43443.71
2322,Customer 2322,59,Male,Texas,Standard,2023-08-18,169995.58
2323,Customer 2323,43,Other,Ohio,Mass Affluent,2022-04-08,90407.74
2324,Customer 2324,48,Other,Florida,Standard,2025-08-08,167390.21
2325,Customer 2325,37,Other,North Carolina,Mass Affluent,2023-04-06,47044.75
2326,Customer 2326,27,Other,New York,Standard,2021-11-09,69231.56
2327,Customer 2327,27,Male,North Carolina,Entry,2024-02-29,102635.24
2328,Customer 2328,75,Other,Michigan,Standard,2025-05-01,242664.96
2329,Customer 2329,60,Other,Virginia,Mass Affluent,2025-02-18,66981.87
2330,Customer 2330,35,Male,Texas,Mass Affluent,2025-05-24,61533.33
2331,Customer 2331,21,Female,Texas,High Value,2023-09-01,60134.48
2332,Customer 2332,49,Female,Virginia,Standard,2025-07-12,96562.83
2333,Customer 2333,28,Male,North Carolina,Entry,2025-04-06,113008.1
2334,Customer 2334,66,Female,Illinois,Standard,2023-03-01,214502.87
2335,Customer 2335,54,Male,Michigan,Mass Affluent,2022-10-12,240179.23
2336,Customer 2336,74,Female,California,Entry,2024-07-21,153306.89
2337,Customer 2337,65,Female,Texas,Entry,2023-10-01,173460.27
2338,Customer 2338,22,Female,Virginia,Standard,2021-12-31,190268.13
2339,Customer 2339,60,Other,New York,Entry,2022-03-14,112325.29
2340,Customer 2340,21,Male,Virginia,Standard,2025-03-12,145720.57
2341,Customer 2341,58,Female,Illinois,High Value,2021-01-12,230428.97
2342,Customer 2342,53,Male,Michigan,Standard,2022-06-04,37376.2
2343,Customer 2343,62,Female,Georgia,High Value,2022-07-18,249062.33
2344,Customer 2344,37,Female,Ohio,High Value,2024-12-13,219900.77
2345,Customer 2345,59,Other,Virginia,Entry,2023-08-23,68229.61
2346,Customer 2346,62,Other,Texas,High Value,2025-03-16,111297.45
2347,Customer 2347,66,Male,California,Mass Affluent,2024-06-09,48221.42
2348,Customer 2348,75,Male,Ohio,Entry,2025-09-05,170245.19
2349,Customer 2349,41,Male,North Carolina,Standard,2021-05-08,246348.75
2350,Customer 2350,62,Other,Ohio,Standard,2022-02-02,214200.18
2351,Customer 2351,41,Other,California,Standard,2025-10-04,143594.9
2352,Customer 2352,46,Female,Ohio,High Value,2024-09-22,72446.79
2353,Customer 2353,53,Male,Florida,High Value,2025-04-09,67968.75
2354,Customer 2354,38,Other,New York,Entry,2021-04-02,68053.01
2355,Customer 2355,74,Male,Florida,Standard,2025-03-10,153323.07
2356,Customer 2356,42,Female,Michigan,High Value,2021-08-30,154561.64
2357,Customer 2357,26,Male,Texas,Mass Affluent,2023-08-07,190501.08
2358,Customer 2358,41,Other,Ohio,Mass Affluent,2022-01-16,203522.07
2359,Customer 2359,61,Female,Virginia,High Value,2022-03-22,222983.65
2360,Customer 2360,40,Other,New York,Mass Affluent,2022-05-21,98307.15
2361,Customer 2361,66,Female,California,Standard,2023-02-16,60893.74
2362,Customer 2362,47,Male,New York,Standard,2022-10-09,224385.09
2363,Customer 2363,39,Female,Virginia,Standard,2021-12-29,50330.65
2364,Customer 2364,58,Female,Illinois,Entry,2022-12-29,212490.02
2365,Customer 2365,74,Male,Ohio,Entry,2024-11-08,64254.93
2366,Customer 2366,34,Other,Georgia,Standard,2024-03-10,172121.76
2367,Customer 2367,71,Female,New York,Standard,2024-10-28,183923.84
2368,Customer 2368,56,Other,Florida,High Value,2023-10-29,142919.94
2369,Customer 2369,37,Male,Virginia,Standard,2022-03-08,36918.57
2370,Customer 2370,54,Other,California,Entry,2021-08-25,60759.36
2371,Customer 2371,41,Female,Michigan,Entry,2024-04-16,174827.06
2372,Customer 2372,41,Other,Texas,Standard,2021-03-11,221252.4
2373,Customer 2373,31,Female,Virginia,Standard,2021-01-17,104067.81
2374,Customer 2374,32,Female,Florida,Mass Affluent,2021-07-25,132705.07
2375,Customer 2375,69,Male,Virginia,Entry,2022-01-17,160586.45
2376,Customer 2376,48,Other,Georgia,Entry,2024-11-23,213501.21
2377,Customer 2377,67,Female,Michigan,Standard,2022-06-02,136162.67
2378,Customer 2378,40,Male,New York,High Value,2023-04-02,122616.92
2379,Customer 2379,38,Other,Georgia,High Value,2025-05-05,66085.71
2380,Customer 2380,40,Other,North Carolina,Mass Affluent,2021-12-07,239328.65
2381,Customer 2381,69,Male,California,Standard,2024-03-09,203485.27
2382,Customer 2382,26,Female,California,Standard,2021-04-21,130916.97
2383,Customer 2383,50,Male,California,Mass Affluent,2021-12-05,224250.04
2384,Customer 2384,40,Male,California,Mass Affluent,2022-09-10,218707.68
2385,Customer 2385,26,Other,New York,Mass Affluent,2023-06-14,180636.99
2386,Customer 2386,70,Female,Ohio,Entry,2025-09-28,65052.56
2387,Customer 2387,51,Other,Georgia,Mass Affluent,2021-07-24,230823.27
2388,Customer 2388,45,Female,New York,High Value,2024-09-30,115266.26
2389,Customer 2389,69,Male,Georgia,Standard,2022-10-14,227564.68
2390,Customer 2390,64,Other,Georgia,Entry,2025-08-06,147505.34
2391,Customer 2391,52,Other,Michigan,High Value,2022-12-12,78772.69
2392,Customer 2392,32,Male,Illinois,Standard,2024-05-31,104767.21
2393,Customer 2393,21,Other,Michigan,Entry,2025-08-13,231208.92
2394,Customer 2394,35,Male,Virginia,Mass Affluent,2024-08-15,39734.54
2395,Customer 2395,48,Male,Illinois,Entry,2022-09-11,173889.89
2396,Customer 2396,30,Female,Florida,Entry,2023-05-22,178560.05
2397,Customer 2397,23,Female,Georgia,Mass Affluent,2023-09-12,65979.43
2398,Customer 2398,54,Male,Virginia,High Value,2024-10-29,106183.11
2399,Customer 2399,27,Other,Georgia,High Value,2025-02-09,65394.43
2400,Customer 2400,57,Other,Georgia,Entry,2021-09-21,32549.5
2401,Customer 2401,63,Female,Georgia,High Value,2024-09-01,96649.99
2402,Customer 2402,68,Other,Texas,Entry,2022-06-14,140453.55
2403,Customer 2403,51,Other,Illinois,Standard,2025-05-19,54567.87
2404,Customer 2404,48,Other,Georgia,High Value,2022-01-02,63085.19
2405,Customer 2405,66,Other,Florida,Mass Affluent,2022-11-22,143277.18
2406,Customer 2406,67,Female,Georgia,High Value,2024-06-12,132247.9
2407,Customer 2407,28,Female,Virginia,Standard,2021-03-23,41016.17
2408,Customer 2408,64,Female,Florida,Entry,2024-05-12,104241.58
2409,Customer 2409,70,Male,North Carolina,Standard,2022-08-30,69320.2
2410,Customer 2410,47,Male,Virginia,Standard,2023-01-01,95490.34
2411,Customer 2411,59,Male,Illinois,High Value,2021-03-14,146879.08
2412,Customer 2412,36,Male,Texas,High Value,2023-03-23,57732.02
2413,Customer 2413,61,Female,Georgia,Standard,2021-10-24,105984.98
2414,Customer 2414,65,Other,New York,Entry,2023-07-28,38941.02
2415,Customer 2415,44,Male,California,High Value,2022-10-31,114020.86
2416,Customer 2416,26,Female,Florida,Entry,2025-01-25,118162.71
2417,Customer 2417,68,Female,Texas,Entry,2022-01-12,242335.21
2418,Customer 2418,33,Other,Florida,Standard,2025-06-14,165427.92
2419,Customer 2419,75,Male,Ohio,Standard,2024-01-10,156133.92
2420,Customer 2420,69,Female,Florida,Mass Affluent,2022-03-17,90907.84
2421,Customer 2421,23,Other,Georgia,Mass Affluent,2024-10-07,179205.81
2422,Customer 2422,21,Female,New York,High Value,2022-07-13,202051.13
2423,Customer 2423,29,Female,Florida,Entry,2024-09-07,161797.48
2424,Customer 2424,41,Male,New York,Mass Affluent,2024-07-24,33976.04
2425,Customer 2425,35,Male,Michigan,Standard,2022-10-27,190196.07
2426,Customer 2426,73,Female,Michigan,Entry,2024-06-01,169649.99
2427,Customer 2427,55,Female,Virginia,High Value,2022-11-05,105449.16
2428,Customer 2428,43,Female,California,Entry,2022-10-17,217958.32
2429,Customer 2429,34,Other,California,Entry,2023-10-19,86252.37
2430,Customer 2430,63,Other,Texas,Entry,2021-03-08,153491.66
2431,Customer 2431,26,Male,North Carolina,Standard,2022-12-09,96887.2
2432,Customer 2432,41,Female,Virginia,High Value,2025-03-18,64298.11
2433,Customer 2433,31,Other,Illinois,Entry,2024-04-12,121386.46
2434,Customer 2434,22,Female,North Carolina,Entry,2025-04-16,247729.65
2435,Customer 2435,55,Male,Georgia,High Value,2023-02-08,51335.56
2436,Customer 2436,34,Male,Michigan,Standard,2022-03-24,69296.94
2437,Customer 2437,70,Other,Georgia,Entry,2021-11-22,107445.42
2438,Customer 2438,47,Other,Florida,Standard,2022-03-22,199509.93
2439,Customer 2439,27,Other,Illinois,Entry,2024-07-14,79521.83
2440,Customer 2440,52,Female,Florida,Entry,2023-04-08,64532.92
2441,Customer 2441,32,Female,Florida,High Value,2025-11-24,147186.46
2442,Customer 2442,69,Female,California,High Value,2022-11-16,114337.75
2443,Customer 2443,47,Female,Georgia,Mass Affluent,2024-08-30,170011.71
2444,Customer 2444,35,Male,Michigan,High Value,2024-06-21,161905.0
2445,Customer 2445,47,Male,Illinois,Mass Affluent,2025-02-08,66620.95
2446,Customer 2446,51,Other,Texas,Standard,2024-07-05,34998.29
2447,Customer 2447,71,Other,Georgia,Mass Affluent,2024-05-16,217067.98
2448,Customer 2448,50,Female,New York,Mass Affluent,2021-11-27,133877.16
2449,Customer 2449,33,Female,California,Standard,2024-12-30,44258.82
2450,Customer 2450,34,Other,Virginia,Entry,2021-03-05,83910.33
2451,Customer 2451,49,Male,California,Entry,2024-05-20,140047.29
2452,Customer 2452,72,Other,Illinois,Mass Affluent,2021-08-16,83869.96
2453,Customer 2453,25,Male,Ohio,Entry,2025-01-18,220753.8
2454,Customer 2454,45,Male,Georgia,Standard,2023-08-21,224338.55
2455,Customer 2455,28,Other,Michigan,High Value,2024-01-06,126474.65
2456,Customer 2456,67,Male,Florida,Entry,2025-08-23,212227.7
2457,Customer 2457,70,Male,Illinois,Entry,2025-01-25,187657.42
2458,Customer 2458,61,Other,Virginia,Entry,2023-11-14,203233.18
2459,Customer 2459,30,Female,Michigan,High Value,2021-08-01,188838.73
2460,Customer 2460,47,Other,Illinois,Mass Affluent,2023-01-21,230854.41
2461,Customer 2461,51,Male,Florida,High Value,2025-06-18,102605.65
2462,Customer 2462,25,Female,Virginia,Mass Affluent,2024-11-21,196535.73
2463,Customer 2463,39,Other,Virginia,Standard,2022-12-03,203222.27
2464,Customer 2464,37,Other,Florida,High Value,2024-12-03,197491.0
2465,Customer 2465,54,Female,Ohio,Mass Affluent,2021-10-31,223637.53
2466,Customer 2466,44,Other,Florida,Standard,2024-02-29,237854.22
2467,Customer 2467,57,Other,Florida,Entry,2021-11-21,186877.34
2468,Customer 2468,39,Male,California,Mass Affluent,2024-10-10,163638.87
2469,Customer 2469,45,Female,New York,High Value,2025-10-26,217202.21
2470,Customer 2470,40,Male,Michigan,High Value,2024-04-09,87072.66
2471,Customer 2471,53,Other,North Carolina,Entry,2025-01-16,134934.35
2472,Customer 2472,43,Other,California,Standard,2021-12-15,145134.23
2473,Customer 2473,52,Other,California,Entry,2023-02-14,68585.22
2474,Customer 2474,21,Other,Texas,Standard,2023-02-17,79461.54
2475,Customer 2475,35,Male,Florida,High Value,2022-02-27,172999.27
2476,Customer 2476,52,Female,Michigan,High Value,2023-01-01,214794.97
2477,Customer 2477,73,Other,New York,Mass Affluent,2025-09-29,109983.27
2478,Customer 2478,46,Other,Texas,Standard,2021-03-09,141631.63
2479,Customer 2479,56,Other,North Carolina,High Value,2022-07-10,243496.19
2480,Customer 2480,49,Other,North Carolina,Mass Affluent,2021-04-25,83832.29
2481,Customer 2481,68,Male,New York,Mass Affluent,2025-06-21,181720.24
2482,Customer 2482,32,Male,Michigan,Standard,2023-07-24,151434.64
2483,Customer 2483,68,Male,Texas,Mass Affluent,2021-07-07,144962.69
2484,Customer 2484,34,Male,New York,Entry,2021-05-05,132139.68
2485,Customer 2485,71,Male,Illinois,High Value,2024-01-05,73213.68
2486,Customer 2486,49,Male,Virginia,Mass Affluent,2021-08-27,51972.7
2487,Customer 2487,34,Other,Virginia,Standard,2024-04-22,155252.44
2488,Customer 2488,48,Male,Virginia,Mass Affluent,2024-04-06,159566.26
2489,Customer 2489,60,Female,Ohio,Standard,2024-07-24,196003.26
2490,Customer 2490,38,Female,California,Standard,2024-05-16,141604.46
2491,Customer 2491,39,Other,Florida,Standard,2023-11-20,220797.41
2492,Customer 2492,42,Female,North Carolina,Standard,2022-05-25,167702.78
2493,Customer 2493,69,Male,Virginia,High Value,2021-08-17,100225.66
2494,Customer 2494,51,Female,California,Mass Affluent,2023-11-10,44423.08
2495,Customer 2495,64,Female,Texas,Entry,2023-06-04,105334.98
2496,Customer 2496,55,Male,New York,High Value,2024-11-07,197827.58
2497,Customer 2497,40,Other,Florida,Standard,2022-03-13,198612.51
2498,Customer 2498,27,Other,Florida,Mass Affluent,2023-08-25,155621.85
2499,Customer 2499,41,Male,New York,Entry,2021-11-13,202878.45
2500,Customer 2500,31,Other,California,Standard,2025-10-12,240475.54
2501,Customer 2501,62,Other,Georgia,Standard,2023-08-29,80319.19
2502,Customer 2502,51,Female,Illinois,Mass Affluent,2022-06-23,97371.13
2503,Customer 2503,43,Other,Illinois,Entry,2025-01-28,97763.71
2504,Customer 2504,46,Female,Ohio,Entry,2024-02-28,42167.63
2505,Customer 2505,43,Other,California,Entry,2023-04-18,198750.69
2506,Customer 2506,73,Other,New York,Mass Affluent,2021-02-09,175652.02
2507,Customer 2507,39,Female,Ohio,Standard,2022-06-09,124049.64
2508,Customer 2508,41,Other,North Carolina,Mass Affluent,2023-02-23,205444.42
2509,Customer 2509,53,Female,Florida,High Value,2024-06-18,46373.92
2510,Customer 2510,41,Other,Virginia,Entry,2021-11-25,239449.98
2511,Customer 2511,70,Other,Georgia,Entry,2021-04-05,84966.15
2512,Customer 2512,58,Female,Ohio,High Value,2024-05-27,42345.2
2513,Customer 2513,38,Other,Illinois,Entry,2022-12-03,233193.34
2514,Customer 2514,51,Male,Texas,Standard,2021-08-16,244979.33
2515,Customer 2515,47,Male,California,Standard,2025-02-09,156299.39
2516,Customer 2516,26,Female,New York,Standard,2024-02-25,156001.3
2517,Customer 2517,63,Female,North Carolina,Standard,2025-04-12,181705.43
2518,Customer 2518,70,Male,Illinois,Standard,2021-10-15,229122.77
2519,Customer 2519,68,Male,California,Standard,2023-07-03,133031.81
2520,Customer 2520,44,Female,New York,Standard,2023-08-02,86178.71
2521,Customer 2521,22,Male,Texas,Entry,2025-03-12,124012.8
2522,Customer 2522,52,Male,North Carolina,High Value,2025-07-09,230856.08
2523,Customer 2523,44,Male,Michigan,Entry,2023-11-16,249043.98
2524,Customer 2524,72,Female,North Carolina,Entry,2023-10-30,92182.21
2525,Customer 2525,61,Male,Texas,High Value,2022-11-15,244330.06
2526,Customer 2526,28,Other,California,High Value,2025-05-18,156263.55
2527,Customer 2527,60,Other,New York,High Value,2023-08-18,198765.36
2528,Customer 2528,73,Female,Virginia,Entry,2023-06-02,225658.27
2529,Customer 2529,30,Other,Illinois,High Value,2025-02-22,69968.24
2530,Customer 2530,42,Female,North Carolina,Entry,2024-03-24,225667.34
2531,Customer 2531,57,Female,Ohio,Entry,2023-04-03,34151.76
2532,Customer 2532,41,Female,California,Standard,2022-04-07,218226.42
2533,Customer 2533,64,Female,North Carolina,Entry,2024-04-11,173794.79
2534,Customer 2534,70,Other,Illinois,Mass Affluent,2022-02-15,71546.42
2535,Customer 2535,34,Female,California,High Value,2021-10-31,35769.39
2536,Customer 2536,75,Male,California,Standard,2024-05-17,240025.33
2537,Customer 2537,41,Male,New York,Mass Affluent,2022-11-02,96644.49
2538,Customer 2538,38,Male,New York,Standard,2023-05-19,36005.22
2539,Customer 2539,49,Male,Georgia,High Value,2025-12-03,127669.54
2540,Customer 2540,75,Other,New York,Entry,2025-03-04,40827.14
2541,Customer 2541,46,Male,New York,Entry,2023-06-18,159847.78
2542,Customer 2542,26,Male,North Carolina,High Value,2021-09-13,65834.26
2543,Customer 2543,28,Female,Michigan,Standard,2022-03-06,194930.17
2544,Customer 2544,47,Male,New York,High Value,2022-10-11,205954.07
2545,Customer 2545,51,Female,North Carolina,High Value,2023-01-07,237877.31
2546,Customer 2546,21,Female,Georgia,Entry,2021-02-03,241545.13
2547,Customer 2547,43,Female,Florida,High Value,2021-07-24,125512.75
2548,Customer 2548,62,Female,New York,High Value,2025-10-03,173095.18
2549,Customer 2549,45,Female,Ohio,Standard,2025-07-18,190518.4
2550,Customer 2550,23,Male,New York,Mass Affluent,2022-10-25,154207.43
2551,Customer 2551,54,Male,California,Entry,2021-09-20,197703.32
2552,Customer 2552,59,Male,Florida,Standard,2021-05-06,165862.11
2553,Customer 2553,31,Female,California,Mass Affluent,2025-08-14,235984.15
2554,Customer 2554,68,Other,California,Standard,2021-11-07,223397.03
2555,Customer 2555,71,Male,Ohio,Entry,2021-08-13,74896.92
2556,Customer 2556,61,Female,Florida,Standard,2023-04-07,36265.2
2557,Customer 2557,42,Male,Virginia,High Value,2021-02-22,191689.18
2558,Customer 2558,47,Male,North Carolina,Entry,2021-10-23,197750.5
2559,Customer 2559,54,Male,California,High Value,2025-01-19,33286.46
2560,Customer 2560,26,Female,Texas,High Value,2022-04-02,243120.69
2561,Customer 2561,47,Other,Virginia,Mass Affluent,2023-08-10,218521.45
2562,Customer 2562,61,Male,Florida,Entry,2025-07-16,133287.14
2563,Customer 2563,29,Female,North Carolina,Standard,2022-06-11,240519.18
2564,Customer 2564,66,Male,Virginia,Entry,2024-09-30,194718.16
2565,Customer 2565,57,Male,California,Mass Affluent,2025-10-11,143241.49
2566,Customer 2566,30,Male,Texas,High Value,2025-07-08,187798.97
2567,Customer 2567,60,Male,New York,Mass Affluent,2022-08-02,85147.55
2568,Customer 2568,63,Female,Illinois,Entry,2025-02-04,177038.4
2569,Customer 2569,54,Other,Florida,Mass Affluent,2023-12-01,102147.68
2570,Customer 2570,63,Male,Michigan,High Value,2023-02-07,194545.91
2571,Customer 2571,45,Other,Ohio,Mass Affluent,2025-06-26,245496.74
2572,Customer 2572,30,Other,Ohio,Mass Affluent,2021-01-30,65614.75
2573,Customer 2573,21,Other,Virginia,Entry,2022-10-23,218689.7
2574,Customer 2574,61,Other,Georgia,Entry,2022-01-20,248393.73
2575,Customer 2575,60,Female,North Carolina,Entry,2023-07-18,55920.21
2576,Customer 2576,62,Other,Illinois,Standard,2022-07-27,249270.86
2577,Customer 2577,37,Female,Virginia,Entry,2022-01-17,175914.58
2578,Customer 2578,75,Female,North Carolina,Standard,2024-09-30,43885.91
2579,Customer 2579,48,Other,Ohio,Mass Affluent,2023-01-19,50808.37
2580,Customer 2580,74,Male,Texas,Standard,2023-07-26,57785.84
2581,Customer 2581,40,Female,Georgia,High Value,2022-12-13,242584.36
2582,Customer 2582,32,Female,North Carolina,Mass Affluent,2023-10-31,61175.85
2583,Customer 2583,35,Male,New York,Standard,2024-10-25,145626.43
2584,Customer 2584,30,Other,North Carolina,High Value,2025-05-17,206057.2
2585,Customer 2585,55,Male,North Carolina,Mass Affluent,2023-01-13,112383.87
2586,Customer 2586,64,Male,Michigan,Mass Affluent,2021-07-25,215512.53
2587,Customer 2587,66,Male,North Carolina,Entry,2025-03-19,218824.94
2588,Customer 2588,24,Female,Florida,Entry,2022-07-25,228210.46
2589,Customer 2589,51,Female,Illinois,Mass Affluent,2023-05-13,188740.48
2590,Customer 2590,21,Male,Florida,Standard,2022-09-07,75926.06
2591,Customer 2591,60,Other,Texas,High Value,2025-02-11,196137.3
2592,Customer 2592,30,Female,California,Mass Affluent,2021-10-15,116072.42
2593,Customer 2593,62,Female,Georgia,Mass Affluent,2021-11-23,84686.13
2594,Customer 2594,25,Male,Florida,Mass Affluent,2022-12-19,226380.47
2595,Customer 2595,67,Other,Michigan,Mass Affluent,2021-09-10,75282.84
2596,Customer 2596,64,Female,Illinois,High Value,2021-10-19,170086.45
2597,Customer 2597,40,Other,Texas,Entry,2023-12-03,81079.86
2598,Customer 2598,40,Male,North Carolina,Entry,2023-06-17,63808.85
2599,Customer 2599,67,Female,Florida,High Value,2025-03-25,113930.38
2600,Customer 2600,28,Other,Virginia,Entry,2022-06-08,158695.29
2601,Customer 2601,66,Other,Virginia,Standard,2025-11-30,79419.35
2602,Customer 2602,26,Other,Michigan,Standard,2021-07-31,83084.37
2603,Customer 2603,63,Female,Georgia,Entry,2025-10-07,42463.55
2604,Customer 2604,70,Female,Florida,Standard,2021-08-04,170858.39
2605,Customer 2605,47,Other,Florida,Standard,2022-11-05,48280.54
2606,Customer 2606,66,Female,New York,Entry,2021-07-27,78705.39
2607,Customer 2607,63,Female,Texas,Entry,2023-06-08,153347.57
2608,Customer 2608,57,Female,Michigan,Entry,2025-09-12,39262.27
2609,Customer 2609,58,Other,Texas,High Value,2021-08-09,55844.14
2610,Customer 2610,36,Female,Michigan,Entry,2025-04-14,209362.38
2611,Customer 2611,68,Male,Illinois,Entry,2025-01-11,217491.27
2612,Customer 2612,54,Male,Georgia,Entry,2024-03-20,177195.04
2613,Customer 2613,34,Other,California,High Value,2021-02-22,168714.68
2614,Customer 2614,27,Female,Georgia,High Value,2022-11-05,190392.62
2615,Customer 2615,37,Female,Illinois,Standard,2025-10-06,244187.5
2616,Customer 2616,38,Female,Ohio,Standard,2022-05-25,130805.01
2617,Customer 2617,37,Male,New York,Standard,2024-07-24,192955.05
2618,Customer 2618,43,Male,Virginia,High Value,2025-03-23,103427.92
2619,Customer 2619,55,Other,New York,Standard,2024-06-16,212310.28
2620,Customer 2620,67,Male,Georgia,Standard,2021-07-27,166795.94
2621,Customer 2621,32,Female,New York,Standard,2024-08-02,218314.72
2622,Customer 2622,43,Female,Virginia,Standard,2023-09-22,196049.59
2623,Customer 2623,41,Male,Texas,Mass Affluent,2021-12-12,158006.3
2624,Customer 2624,65,Other,North Carolina,Standard,2023-11-03,196489.53
2625,Customer 2625,32,Female,Michigan,High Value,2024-01-08,73696.31
2626,Customer 2626,66,Other,Georgia,Standard,2021-07-05,62068.4
2627,Customer 2627,55,Female,Georgia,Mass Affluent,2022-11-28,232676.83
2628,Customer 2628,75,Other,Florida,High Value,2021-08-01,101243.99
2629,Customer 2629,49,Male,New York,Mass Affluent,2022-04-06,176854.69
2630,Customer 2630,22,Female,New York,Mass Affluent,2022-07-15,83977.38
2631,Customer 2631,49,Other,New York,Mass Affluent,2022-04-08,32732.04
2632,Customer 2632,22,Other,Virginia,Entry,2022-05-15,121195.68
2633,Customer 2633,57,Male,Georgia,Mass Affluent,2024-02-03,216539.05
2634,Customer 2634,46,Other,Michigan,Entry,2024-04-04,194294.41
2635,Customer 2635,71,Female,Florida,Entry,2024-12-18,111450.27
2636,Customer 2636,41,Other,Illinois,High Value,2022-04-26,240780.04
2637,Customer 2637,41,Other,New York,Mass Affluent,2021-10-03,51256.71
2638,Customer 2638,53,Other,Virginia,Standard,2025-05-26,53057.68
2639,Customer 2639,59,Male,Illinois,Mass Affluent,2025-08-20,132363.02
2640,Customer 2640,74,Male,Virginia,Entry,2024-03-22,139369.25
2641,Customer 2641,25,Male,Ohio,Entry,2023-06-13,152979.13
2642,Customer 2642,43,Female,California,High Value,2021-04-28,180041.54
2643,Customer 2643,67,Female,Michigan,Standard,2021-05-14,238417.25
2644,Customer 2644,22,Other,Michigan,Entry,2025-01-30,124782.61
2645,Customer 2645,29,Female,New York,Entry,2025-04-15,98161.56
2646,Customer 2646,64,Female,Illinois,Mass Affluent,2024-11-28,155368.62
2647,Customer 2647,53,Female,California,Standard,2025-11-29,219801.5
2648,Customer 2648,24,Other,Illinois,High Value,2024-06-02,200416.6
2649,Customer 2649,60,Male,North Carolina,Entry,2021-05-26,190683.68
2650,Customer 2650,33,Male,Michigan,Mass Affluent,2025-02-09,213862.67
2651,Customer 2651,62,Female,Texas,Standard,2021-03-02,49603.26
2652,Customer 2652,57,Other,Georgia,Entry,2023-04-07,113883.96
2653,Customer 2653,29,Female,California,High Value,2023-08-30,98462.98
2654,Customer 2654,66,Female,Florida,Entry,2021-12-30,49961.59
2655,Customer 2655,46,Male,New York,Standard,2022-06-18,246839.93
2656,Customer 2656,26,Female,Virginia,High Value,2024-07-20,145250.8
2657,Customer 2657,59,Male,North Carolina,High Value,2021-02-11,180196.22
2658,Customer 2658,31,Male,North Carolina,High Value,2021-07-15,31025.43
2659,Customer 2659,40,Male,Michigan,Standard,2023-02-27,219058.9
2660,Customer 2660,33,Other,Michigan,Entry,2021-12-20,69993.08
2661,Customer 2661,43,Male,California,Standard,2022-03-24,156276.7
2662,Customer 2662,66,Male,North Carolina,Mass Affluent,2023-06-22,209159.52
2663,Customer 2663,22,Other,Ohio,High Value,2023-07-01,207585.06
2664,Customer 2664,39,Male,Illinois,Mass Affluent,2022-10-01,159823.39
2665,Customer 2665,27,Female,New York,Mass Affluent,2021-12-09,249415.22
2666,Customer 2666,50,Other,North Carolina,Entry,2022-11-22,202493.78
2667,Customer 2667,63,Other,Texas,Standard,2021-08-27,84168.88
2668,Customer 2668,36,Female,New York,Entry,2021-10-17,39149.89
2669,Customer 2669,51,Other,Michigan,High Value,2021-05-01,216510.32
2670,Customer 2670,63,Other,Illinois,Entry,2021-07-06,196523.16
2671,Customer 2671,33,Female,Illinois,Mass Affluent,2024-08-10,128539.01
2672,Customer 2672,39,Other,Georgia,Entry,2022-02-10,125730.54
2673,Customer 2673,52,Male,Virginia,High Value,2021-06-18,100733.19
2674,Customer 2674,60,Female,Florida,Entry,2023-09-19,248303.22
2675,Customer 2675,39,Other,Ohio,High Value,2025-04-28,71377.36
2676,Customer 2676,40,Other,Michigan,Mass Affluent,2021-07-02,171005.13
2677,Customer 2677,24,Other,Ohio,High Value,2025-02-22,242689.0
2678,Customer 2678,33,Female,North Carolina,High Value,2023-02-28,211224.15
2679,Customer 2679,48,Other,North Carolina,Mass Affluent,2024-11-02,141924.03
2680,Customer 2680,65,Male,New York,High Value,2024-10-26,130591.43
2681,Customer 2681,35,Other,Illinois,High Value,2022-01-16,187087.61
2682,Customer 2682,34,Other,Michigan,High Value,2023-10-12,39951.45
2683,Customer 2683,34,Other,Texas,Standard,2023-02-21,31042.53
2684,Customer 2684,63,Female,California,Entry,2022-05-08,211845.89
2685,Customer 2685,74,Female,Ohio,Mass Affluent,2023-02-01,61167.27
2686,Customer 2686,60,Other,Florida,Entry,2022-05-20,179687.06
2687,Customer 2687,61,Female,New York,Standard,2024-12-25,120024.75
2688,Customer 2688,47,Female,Georgia,Standard,2021-01-21,215379.53
2689,Customer 2689,73,Female,Florida,High Value,2022-01-24,167838.16
2690,Customer 2690,23,Other,Virginia,Mass Affluent,2023-03-21,175851.87
2691,Customer 2691,25,Other,Texas,High Value,2022-04-02,64963.24
2692,Customer 2692,52,Male,California,Standard,2025-06-09,66820.68
2693,Customer 2693,37,Other,Georgia,Standard,2025-02-24,147977.22
2694,Customer 2694,75,Other,Florida,High Value,2022-08-07,197417.64
2695,Customer 2695,73,Male,Texas,Entry,2023-03-20,74173.4
2696,Customer 2696,23,Female,Virginia,High Value,2023-11-28,54509.46
2697,Customer 2697,74,Female,California,High Value,2021-03-19,197759.11
2698,Customer 2698,25,Male,Georgia,Standard,2025-07-10,126383.88
2699,Customer 2699,49,Other,Ohio,Mass Affluent,2021-10-20,199080.83
2700,Customer 2700,41,Male,Michigan,High Value,2025-01-24,238689.67
2701,Customer 2701,37,Male,Illinois,Entry,2022-12-01,74142.85
2702,Customer 2702,24,Female,Georgia,Mass Affluent,2024-08-12,238300.68
2703,Customer 2703,25,Male,California,Mass Affluent,2023-11-02,103895.5
2704,Customer 2704,49,Male,Virginia,High Value,2025-01-16,215552.91
2705,Customer 2705,54,Female,North Carolina,Mass Affluent,2024-05-17,61539.96
2706,Customer 2706,24,Male,Texas,Entry,2022-10-13,143970.41
2707,Customer 2707,60,Other,California,Standard,2021-02-05,111481.87
2708,Customer 2708,27,Other,New York,High Value,2021-10-21,113866.95
2709,Customer 2709,24,Female,Michigan,High Value,2024-02-27,218540.66
2710,Customer 2710,61,Male,Michigan,High Value,2025-04-10,34354.54
2711,Customer 2711,51,Other,Georgia,Standard,2025-08-15,180834.2
2712,Customer 2712,49,Other,New York,Entry,2023-03-04,164773.87
2713,Customer 2713,61,Female,Virginia,Mass Affluent,2022-12-08,129929.1
2714,Customer 2714,35,Male,Florida,Mass Affluent,2023-01-08,241868.73
2715,Customer 2715,37,Male,Illinois,High Value,2023-03-07,124982.05
2716,Customer 2716,30,Male,Virginia,Entry,2022-09-07,186350.88
2717,Customer 2717,75,Male,Georgia,Mass Affluent,2024-01-14,214829.78
2718,Customer 2718,34,Female,Georgia,Entry,2022-12-24,131327.94
2719,Customer 2719,49,Female,Virginia,Standard,2023-07-16,104316.29
2720,Customer 2720,46,Male,North Carolina,Mass Affluent,2024-09-24,84121.57
2721,Customer 2721,33,Other,New York,Standard,2024-12-30,228077.95
2722,Customer 2722,69,Female,Illinois,Standard,2024-01-28,76973.01
2723,Customer 2723,51,Male,North Carolina,Entry,2021-10-17,96070.46
2724,Customer 2724,70,Other,Georgia,High Value,2025-09-02,73870.14
2725,Customer 2725,56,Male,Georgia,Entry,2022-11-23,69669.35
2726,Customer 2726,22,Other,New York,Entry,2023-06-27,154826.44
2727,Customer 2727,38,Other,Michigan,Mass Affluent,2021-12-19,171072.39
2728,Customer 2728,71,Male,California,Entry,2024-03-23,99627.95
2729,Customer 2729,68,Male,Virginia,Standard,2022-05-19,164278.77
2730,Customer 2730,60,Other,Ohio,High Value,2025-04-13,203131.7
2731,Customer 2731,22,Male,Ohio,Standard,2021-06-25,217572.2
2732,Customer 2732,43,Male,California,Mass Affluent,2022-10-04,97663.61
2733,Customer 2733,44,Other,Illinois,Entry,2021-05-16,134519.21
2734,Customer 2734,32,Female,Florida,High Value,2024-12-11,206513.9
2735,Customer 2735,30,Male,Georgia,High Value,2021-11-24,147107.14
2736,Customer 2736,47,Male,North Carolina,Entry,2024-06-20,183969.78
2737,Customer 2737,65,Male,Texas,Mass Affluent,2022-07-30,230020.66
2738,Customer 2738,69,Male,California,Entry,2021-07-18,134018.88
2739,Customer 2739,31,Male,Michigan,Standard,2023-09-04,234807.28
2740,Customer 2740,57,Male,Virginia,High Value,2024-04-12,243465.28
2741,Customer 2741,57,Female,Illinois,High Value,2024-10-07,225027.96
2742,Customer 2742,32,Male,Michigan,Standard,2021-05-22,179022.09
2743,Customer 2743,28,Other,New York,Standard,2021-11-03,94316.88
2744,Customer 2744,71,Male,Illinois,Entry,2025-06-12,33510.22
2745,Customer 2745,47,Male,Illinois,Standard,2024-04-23,72245.09
2746,Customer 2746,54,Male,Virginia,Standard,2022-07-28,229279.66
2747,Customer 2747,62,Male,Florida,Standard,2021-04-17,128764.83
2748,Customer 2748,42,Male,Florida,Entry,2023-06-06,175070.31
2749,Customer 2749,56,Male,California,High Value,2022-11-13,191621.08
2750,Customer 2750,40,Female,New York,Entry,2021-02-09,113603.73
2751,Customer 2751,65,Other,Florida,Entry,2021-03-15,103839.68
2752,Customer 2752,53,Female,Georgia,Standard,2025-07-03,59114.83
2753,Customer 2753,67,Female,North Carolina,Mass Affluent,2022-12-11,137542.69
2754,Customer 2754,26,Female,Texas,Standard,2022-07-01,219525.41
2755,Customer 2755,22,Male,Texas,Mass Affluent,2021-08-21,46371.22
2756,Customer 2756,25,Male,Michigan,Mass Affluent,2023-02-04,201352.87
2757,Customer 2757,25,Male,Ohio,Standard,2025-11-04,221435.11
2758,Customer 2758,25,Male,Michigan,Entry,2024-06-18,168820.64
2759,Customer 2759,71,Other,Texas,High Value,2022-11-09,42356.61
2760,Customer 2760,33,Other,Texas,Mass Affluent,2021-10-12,50174.85
2761,Customer 2761,21,Female,New York,Mass Affluent,2021-07-07,40999.7
2762,Customer 2762,45,Female,North Carolina,Mass Affluent,2021-06-12,134729.7
2763,Customer 2763,66,Female,Michigan,Mass Affluent,2022-02-09,133226.3
2764,Customer 2764,64,Other,Ohio,Entry,2025-02-07,70684.13
2765,Customer 2765,26,Male,New York,Standard,2021-01-13,61656.41
2766,Customer 2766,57,Male,Texas,High Value,2024-01-16,71403.67
2767,Customer 2767,41,Male,California,Entry,2025-10-04,169765.32
2768,Customer 2768,39,Other,Georgia,Standard,2024-04-28,78016.81
2769,Customer 2769,73,Female,New York,High Value,2022-05-29,174065.28
2770,Customer 2770,37,Female,California,High Value,2024-10-31,43556.31
2771,Customer 2771,43,Other,Ohio,Entry,2023-10-09,47589.35
2772,Customer 2772,66,Female,Ohio,High Value,2025-04-15,100047.57
2773,Customer 2773,44,Other,Michigan,High Value,2025-04-29,155224.25
2774,Customer 2774,74,Female,Virginia,Standard,2025-01-29,193282.38
2775,Customer 2775,44,Female,Florida,Entry,2023-09-11,98964.43
2776,Customer 2776,33,Male,Michigan,Mass Affluent,2025-03-06,39393.89
2777,Customer 2777,47,Female,Virginia,Standard,2022-12-24,233158.12
2778,Customer 2778,46,Female,Virginia,Entry,2025-09-30,63590.67
2779,Customer 2779,69,Female,Georgia,High Value,2025-02-20,222139.59
2780,Customer 2780,41,Female,California,Entry,2025-06-03,110456.21
2781,Customer 2781,71,Other,California,Mass Affluent,2023-06-09,160446.18
2782,Customer 2782,34,Male,Ohio,Entry,2022-01-12,133903.41
2783,Customer 2783,42,Male,Ohio,Entry,2022-07-09,116291.02
2784,Customer 2784,74,Other,Florida,Mass Affluent,2022-09-14,71788.13
2785,Customer 2785,67,Female,Georgia,Entry,2024-05-27,238412.8
2786,Customer 2786,52,Other,Ohio,Standard,2021-11-24,241516.67
2787,Customer 2787,41,Other,Virginia,Standard,2021-05-18,61125.11
2788,Customer 2788,52,Male,Georgia,Entry,2023-11-29,32852.87
2789,Customer 2789,61,Male,Illinois,Standard,2022-09-23,180492.66
2790,Customer 2790,60,Male,Michigan,Mass Affluent,2023-05-29,146520.08
2791,Customer 2791,67,Female,California,Standard,2022-11-30,154372.09
2792,Customer 2792,25,Male,Virginia,Standard,2023-08-28,121740.13
2793,Customer 2793,41,Other,New York,Standard,2022-03-05,169451.71
2794,Customer 2794,71,Female,North Carolina,Standard,2023-09-03,156988.36
2795,Customer 2795,65,Male,California,Standard,2022-11-10,201950.93
2796,Customer 2796,35,Other,Michigan,Mass Affluent,2024-03-18,208930.82
2797,Customer 2797,52,Other,Virginia,High Value,2022-05-26,98961.21
2798,Customer 2798,45,Male,Michigan,Standard,2021-07-15,47887.69
2799,Customer 2799,50,Other,Florida,High Value,2023-10-03,128886.68
2800,Customer 2800,33,Female,California,Standard,2025-05-12,216510.01
2801,Customer 2801,51,Male,New York,High Value,2021-05-01,101987.16
2802,Customer 2802,60,Female,North Carolina,Mass Affluent,2025-08-17,202410.54
2803,Customer 2803,52,Female,Michigan,Mass Affluent,2022-10-18,211310.02
2804,Customer 2804,33,Other,Michigan,High Value,2024-08-15,95036.31
2805,Customer 2805,68,Male,North Carolina,Standard,2021-05-05,84609.82
2806,Customer 2806,48,Other,Ohio,Standard,2023-02-10,87417.33
2807,Customer 2807,39,Male,Ohio,Entry,2021-10-23,47316.13
2808,Customer 2808,70,Male,Virginia,Entry,2023-08-11,152158.16
2809,Customer 2809,49,Female,Texas,Standard,2024-05-01,130307.51
2810,Customer 2810,66,Other,Virginia,Standard,2022-02-10,65838.24
2811,Customer 2811,41,Male,Texas,High Value,2021-09-21,220902.29
2812,Customer 2812,51,Female,California,Standard,2024-02-06,212996.95
2813,Customer 2813,56,Male,Georgia,Standard,2023-02-08,117018.29
2814,Customer 2814,60,Male,Florida,Standard,2022-10-31,154435.72
2815,Customer 2815,23,Other,Ohio,Mass Affluent,2024-03-10,139268.85
2816,Customer 2816,29,Male,Texas,Mass Affluent,2021-05-20,236827.01
2817,Customer 2817,26,Female,Illinois,Standard,2022-04-27,47854.92
2818,Customer 2818,69,Male,Virginia,Entry,2022-12-05,149924.5
2819,Customer 2819,47,Other,Georgia,Mass Affluent,2023-12-11,150581.45
2820,Customer 2820,73,Male,Virginia,Mass Affluent,2021-07-03,55354.81
2821,Customer 2821,37,Male,New York,High Value,2025-11-15,171846.89
2822,Customer 2822,22,Male,New York,Entry,2024-02-17,39326.86
2823,Customer 2823,69,Male,California,Mass Affluent,2022-03-25,140128.45
2824,Customer 2824,45,Other,Georgia,High Value,2022-10-24,142254.33
2825,Customer 2825,52,Male,Georgia,High Value,2022-08-17,38828.6
2826,Customer 2826,23,Male,New York,Entry,2024-04-22,31573.52
2827,Customer 2827,26,Other,Illinois,Mass Affluent,2024-12-08,117379.93
2828,Customer 2828,55,Male,Michigan,Standard,2021-11-08,88442.28
2829,Customer 2829,53,Female,California,Mass Affluent,2023-02-06,195917.72
2830,Customer 2830,42,Male,Illinois,Standard,2022-06-09,116379.14
2831,Customer 2831,39,Female,Ohio,Entry,2024-08-25,162740.93
2832,Customer 2832,63,Other,Georgia,Mass Affluent,2024-08-27,70663.05
2833,Customer 2833,45,Male,New York,Mass Affluent,2021-03-27,197147.04
2834,Customer 2834,68,Female,New York,Standard,2025-02-15,109406.43
2835,Customer 2835,62,Other,New York,Standard,2021-04-22,77697.33
2836,Customer 2836,40,Male,New York,Mass Affluent,2021-02-18,219278.76
2837,Customer 2837,52,Other,Georgia,Standard,2022-02-27,130734.55
2838,Customer 2838,59,Male,Virginia,Entry,2023-03-12,153382.57
2839,Customer 2839,71,Other,New York,High Value,2022-08-08,165601.47
2840,Customer 2840,75,Male,Michigan,High Value,2021-01-01,218576.52
2841,Customer 2841,21,Female,Virginia,Entry,2022-07-16,190324.61
2842,Customer 2842,27,Male,Illinois,Mass Affluent,2021-11-23,172069.87
2843,Customer 2843,68,Female,Texas,Standard,2023-05-17,121847.15
2844,Customer 2844,40,Male,Texas,Standard,2021-02-15,61204.38
2845,Customer 2845,72,Male,Texas,High Value,2023-07-25,223663.92
2846,Customer 2846,32,Male,Texas,High Value,2023-09-03,189457.99
2847,Customer 2847,58,Other,North Carolina,Standard,2023-07-22,89414.7
2848,Customer 2848,57,Female,Texas,Mass Affluent,2024-12-10,77404.63
2849,Customer 2849,64,Female,Ohio,High Value,2023-03-26,139433.16
2850,Customer 2850,50,Female,California,High Value,2025-08-28,156887.35
2851,Customer 2851,63,Male,Florida,Standard,2021-04-01,188151.58
2852,Customer 2852,72,Female,Ohio,Standard,2022-02-20,241901.71
2853,Customer 2853,36,Other,Virginia,High Value,2022-01-21,249084.24
2854,Customer 2854,57,Female,North Carolina,Entry,2021-04-01,204232.03
2855,Customer 2855,75,Other,Ohio,Standard,2025-01-05,110087.65
2856,Customer 2856,44,Female,Virginia,Mass Affluent,2024-05-09,112118.84
2857,Customer 2857,67,Other,North Carolina,Mass Affluent,2023-01-31,100556.47
2858,Customer 2858,43,Female,California,Entry,2024-08-02,111864.18
2859,Customer 2859,70,Female,California,Entry,2022-12-13,178656.35
2860,Customer 2860,44,Female,Texas,Standard,2023-04-16,224649.92
2861,Customer 2861,43,Other,Virginia,Entry,2022-11-13,195814.73
2862,Customer 2862,64,Male,Ohio,Standard,2025-10-31,141397.63
2863,Customer 2863,61,Male,Michigan,Standard,2025-10-27,148846.43
2864,Customer 2864,68,Male,Michigan,Mass Affluent,2025-08-31,244991.04
2865,Customer 2865,34,Other,Georgia,High Value,2025-06-11,211157.54
2866,Customer 2866,53,Other,Ohio,High Value,2021-08-18,156602.21
2867,Customer 2867,56,Other,California,Mass Affluent,2022-06-06,180482.35
2868,Customer 2868,42,Female,Texas,Standard,2025-06-02,191008.03
2869,Customer 2869,44,Other,Georgia,Entry,2025-06-21,78195.71
2870,Customer 2870,68,Female,Texas,Mass Affluent,2022-12-21,170903.26
2871,Customer 2871,30,Other,New York,High Value,2023-07-19,226500.38
2872,Customer 2872,72,Male,Virginia,Mass Affluent,2023-10-31,231485.61
2873,Customer 2873,40,Male,Georgia,Standard,2024-11-24,211551.03
2874,Customer 2874,61,Male,New York,High Value,2024-01-15,33568.4
2875,Customer 2875,28,Male,California,High Value,2022-08-29,44744.81
2876,Customer 2876,28,Female,Illinois,Entry,2023-07-16,32325.06
2877,Customer 2877,40,Female,Georgia,Standard,2024-05-08,75858.65
2878,Customer 2878,60,Other,Virginia,High Value,2023-05-28,179405.83
2879,Customer 2879,52,Female,Illinois,High Value,2021-03-06,86272.08
2880,Customer 2880,72,Female,North Carolina,High Value,2023-08-28,122994.37
2881,Customer 2881,60,Female,Virginia,High Value,2024-04-17,113592.8
2882,Customer 2882,69,Male,Virginia,Standard,2023-09-26,149621.69
2883,Customer 2883,36,Other,Texas,Entry,2021-06-19,113567.25
2884,Customer 2884,36,Other,Virginia,High Value,2022-11-22,101031.95
2885,Customer 2885,70,Other,Virginia,Mass Affluent,2024-02-06,165017.8
2886,Customer 2886,21,Other,California,High Value,2021-07-14,235818.4
2887,Customer 2887,25,Other,California,Entry,2023-06-30,90443.05
2888,Customer 2888,45,Other,Ohio,Standard,2024-03-03,158845.43
2889,Customer 2889,54,Female,California,Entry,2024-11-30,94545.68
2890,Customer 2890,23,Female,Michigan,Standard,2021-11-30,123880.95
2891,Customer 2891,30,Male,New York,Entry,2024-11-07,136974.44
2892,Customer 2892,45,Other,California,Entry,2021-01-12,39652.43
2893,Customer 2893,35,Female,Michigan,Entry,2022-01-10,80321.16
2894,Customer 2894,72,Other,Texas,High Value,2023-06-30,66175.32
2895,Customer 2895,68,Other,Michigan,High Value,2021-09-28,126381.4
2896,Customer 2896,71,Other,Georgia,High Value,2023-01-21,185849.94
2897,Customer 2897,44,Other,North Carolina,High Value,2024-11-21,122097.41
2898,Customer 2898,38,Female,North Carolina,Entry,2021-03-10,44726.48
2899,Customer 2899,37,Other,Illinois,Entry,2021-06-28,118291.93
2900,Customer 2900,29,Male,Ohio,Mass Affluent,2022-05-14,49003.06
2901,Customer 2901,63,Male,Virginia,Standard,2022-01-18,152621.06
2902,Customer 2902,25,Other,California,Entry,2023-09-06,55486.96
2903,Customer 2903,35,Male,California,Standard,2021-03-23,59307.26
2904,Customer 2904,46,Male,Illinois,High Value,2024-12-07,142243.13
2905,Customer 2905,28,Other,Florida,High Value,2021-01-25,96735.71
2906,Customer 2906,29,Female,New York,Entry,2025-07-20,206269.56
2907,Customer 2907,63,Female,Virginia,Entry,2022-01-22,77106.95
2908,Customer 2908,45,Other,North Carolina,High Value,2021-12-20,62144.73
2909,Customer 2909,75,Other,California,High Value,2021-09-18,135091.45
2910,Customer 2910,57,Male,New York,Entry,2021-05-29,214749.61
2911,Customer 2911,35,Female,Georgia,High Value,2023-01-11,195521.61
2912,Customer 2912,41,Female,Ohio,Mass Affluent,2021-03-29,177764.32
2913,Customer 2913,46,Female,Michigan,Mass Affluent,2023-02-05,194693.87
2914,Customer 2914,51,Other,North Carolina,Entry,2021-09-18,172129.01
2915,Customer 2915,61,Male,New York,Standard,2025-03-28,139369.37
2916,Customer 2916,48,Other,Ohio,Entry,2021-06-03,44593.47
2917,Customer 2917,66,Male,Ohio,Standard,2021-06-23,91025.68
2918,Customer 2918,50,Other,Illinois,Standard,2022-07-30,213991.38
2919,Customer 2919,41,Female,Virginia,Entry,2024-05-24,114940.65
2920,Customer 2920,74,Other,Michigan,Mass Affluent,2025-11-20,133252.18
2921,Customer 2921,65,Female,Illinois,High Value,2021-07-06,85350.45
2922,Customer 2922,38,Female,Michigan,Mass Affluent,2022-07-04,98871.36
2923,Customer 2923,36,Other,New York,Standard,2022-10-26,243914.95
2924,Customer 2924,73,Female,North Carolina,Entry,2022-01-28,91274.87
2925,Customer 2925,48,Other,New York,Mass Affluent,2024-05-09,206493.77
2926,Customer 2926,39,Male,Illinois,Standard,2024-11-10,74982.19
2927,Customer 2927,58,Other,California,High Value,2023-08-06,189410.39
2928,Customer 2928,39,Other,New York,Mass Affluent,2025-11-30,161588.87
2929,Customer 2929,74,Female,California,Entry,2024-07-21,112499.7
2930,Customer 2930,51,Other,Florida,Entry,2023-03-14,148229.9
2931,Customer 2931,37,Other,Texas,Standard,2021-10-27,57374.44
2932,Customer 2932,73,Other,Georgia,High Value,2023-02-11,44640.21
2933,Customer 2933,37,Female,Virginia,Standard,2025-07-21,142446.05
2934,Customer 2934,33,Female,Ohio,Entry,2023-05-12,168184.8
2935,Customer 2935,59,Male,Virginia,Entry,2023-09-30,115114.63
2936,Customer 2936,29,Male,Texas,Standard,2021-09-02,197227.37
2937,Customer 2937,23,Male,Florida,High Value,2021-04-22,150667.95
2938,Customer 2938,29,Male,Georgia,Mass Affluent,2022-07-04,38786.22
2939,Customer 2939,57,Male,Ohio,High Value,2024-09-14,104273.3
2940,Customer 2940,67,Female,Florida,Entry,2024-07-02,82949.66
2941,Customer 2941,60,Other,Michigan,Standard,2022-03-28,234127.34
2942,Customer 2942,74,Male,California,High Value,2022-12-26,151816.25
2943,Customer 2943,69,Male,California,Entry,2022-10-11,74691.07
2944,Customer 2944,22,Male,Texas,Standard,2024-06-16,208101.07
2945,Customer 2945,27,Male,Georgia,Mass Affluent,2021-09-13,83245.39
2946,Customer 2946,31,Male,New York,Standard,2024-06-02,53625.12
2947,Customer 2947,63,Female,Georgia,Entry,2022-05-05,128156.35
2948,Customer 2948,27,Male,Georgia,Entry,2022-04-21,127356.06
2949,Customer 2949,45,Other,Georgia,High Value,2025-02-22,149078.22
2950,Customer 2950,34,Other,Virginia,Entry,2022-07-11,203709.31
2951,Customer 2951,42,Female,Ohio,Entry,2023-12-10,141663.05
2952,Customer 2952,74,Female,Michigan,Mass Affluent,2023-03-06,112051.43
2953,Customer 2953,25,Other,Georgia,Mass Affluent,2024-12-11,203375.39
2954,Customer 2954,34,Female,Illinois,Entry,2022-03-01,90311.19
2955,Customer 2955,39,Male,Georgia,Entry,2025-01-04,241344.12
2956,Customer 2956,57,Male,Texas,Entry,2024-11-06,186875.33
2957,Customer 2957,45,Other,Illinois,Standard,2021-02-14,113813.61
2958,Customer 2958,48,Other,Virginia,Entry,2023-10-03,49681.4
2959,Customer 2959,43,Male,Florida,Standard,2022-06-07,230551.7
2960,Customer 2960,51,Male,California,Mass Affluent,2022-06-17,217802.33
2961,Customer 2961,54,Other,North Carolina,Mass Affluent,2024-08-13,216098.56
2962,Customer 2962,44,Male,New York,High Value,2023-02-21,185563.0
2963,Customer 2963,26,Other,North Carolina,High Value,2021-11-22,85086.05
2964,Customer 2964,37,Female,California,Standard,2023-12-12,61159.49
2965,Customer 2965,38,Male,New York,Entry,2023-06-12,98551.64
2966,Customer 2966,25,Male,Texas,High Value,2023-12-03,155973.99
2967,Customer 2967,71,Other,California,Standard,2025-05-23,150546.48
2968,Customer 2968,31,Male,Ohio,Mass Affluent,2023-05-17,162579.55
2969,Customer 2969,25,Male,Florida,Mass Affluent,2021-06-07,147469.73
2970,Customer 2970,50,Other,Illinois,Mass Affluent,2025-05-15,63598.09
2971,Customer 2971,36,Male,Illinois,Mass Affluent,2022-01-18,198596.92
2972,Customer 2972,73,Male,North Carolina,High Value,2023-11-18,116637.25
2973,Customer 2973,24,Female,California,Mass Affluent,2021-12-09,83223.62
2974,Customer 2974,74,Female,Michigan,Standard,2024-06-01,131729.15
2975,Customer 2975,32,Other,Texas,Mass Affluent,2023-07-21,65659.12
2976,Customer 2976,69,Male,Texas,Entry,2024-05-26,59898.94
2977,Customer 2977,50,Other,Virginia,Entry,2022-08-12,151069.46
2978,Customer 2978,46,Other,Virginia,Standard,2025-01-27,203004.64
2979,Customer 2979,66,Other,Georgia,Standard,2024-03-28,145163.49
2980,Customer 2980,31,Other,Virginia,Mass Affluent,2023-04-15,207064.52
2981,Customer 2981,25,Other,Illinois,Standard,2022-02-28,55417.96
2982,Customer 2982,45,Female,Florida,Standard,2023-04-25,35252.69
2983,Customer 2983,33,Male,New York,Entry,2023-09-25,200515.85
2984,Customer 2984,30,Female,Michigan,Mass Affluent,2025-03-17,172795.69
2985,Customer 2985,46,Male,California,High Value,2022-09-11,228110.79
2986,Customer 2986,37,Female,Georgia,Entry,2023-06-19,186835.86
2987,Customer 2987,34,Female,California,Entry,2023-01-31,241116.04
2988,Customer 2988,30,Other,Texas,Standard,2022-05-18,112287.84
2989,Customer 2989,50,Female,Georgia,High Value,2022-12-19,161612.02
2990,Customer 2990,73,Other,North Carolina,Entry,2022-12-28,38915.37
2991,Customer 2991,75,Female,Texas,Standard,2025-11-14,102919.52
2992,Customer 2992,53,Male,Ohio,High Value,2022-09-28,62106.59
2993,Customer 2993,56,Female,Ohio,High Value,2024-12-27,142091.47
2994,Customer 2994,54,Female,Ohio,Entry,2024-07-15,118750.65
2995,Customer 2995,60,Female,Illinois,Standard,2025-06-24,92683.98
2996,Customer 2996,72,Other,Michigan,High Value,2021-04-15,224377.27
2997,Customer 2997,52,Female,North Carolina,High Value,2025-04-03,176590.4
2998,Customer 2998,67,Other,Michigan,High Value,2024-01-28,249701.8
2999,Customer 2999,73,Female,Illinois,Entry,2021-11-11,190918.96
3000,Customer 3000,38,Male,California,Mass Affluent,2024-07-24,50501.71
3001,Customer 3001,38,Female,New York,High Value,2023-02-26,39682.95
3002,Customer 3002,29,Male,Georgia,Mass Affluent,2021-01-25,121869.59
3003,Customer 3003,30,Female,North Carolina,Standard,2025-08-19,247893.78
3004,Customer 3004,21,Male,California,High Value,2022-03-08,88411.69
3005,Customer 3005,71,Male,New York,Entry,2023-09-16,231329.48
3006,Customer 3006,64,Female,Texas,High Value,2021-12-06,177271.77
3007,Customer 3007,42,Other,Illinois,Entry,2025-07-21,240247.05
3008,Customer 3008,57,Other,North Carolina,Standard,2022-06-13,168935.4
3009,Customer 3009,54,Male,Michigan,Standard,2022-10-31,207361.57
3010,Customer 3010,36,Male,Ohio,Entry,2025-05-13,136347.11
3011,Customer 3011,53,Female,Virginia,Entry,2022-11-04,41283.05
3012,Customer 3012,40,Female,Texas,Mass Affluent,2024-04-26,152103.1
3013,Customer 3013,71,Male,New York,Entry,2025-09-26,229138.42
3014,Customer 3014,65,Other,North Carolina,Standard,2021-07-21,120781.91
3015,Customer 3015,47,Other,Illinois,Standard,2023-03-30,47848.42
3016,Customer 3016,60,Female,Texas,Standard,2021-11-29,233747.39
3017,Customer 3017,48,Female,Georgia,Mass Affluent,2021-04-27,121129.04
3018,Customer 3018,42,Female,Texas,Standard,2021-03-04,81850.11
3019,Customer 3019,52,Female,Michigan,Mass Affluent,2025-12-06,119169.89
3020,Customer 3020,36,Female,New York,Mass Affluent,2025-10-06,103944.48
3021,Customer 3021,41,Other,Georgia,High Value,2024-05-09,52145.16
3022,Customer 3022,71,Other,Ohio,Mass Affluent,2021-06-18,148881.5
3023,Customer 3023,26,Other,California,High Value,2023-10-06,30459.2
3024,Customer 3024,23,Male,Florida,Standard,2021-12-30,179322.74
3025,Customer 3025,65,Female,Michigan,High Value,2025-08-21,38894.56
3026,Customer 3026,42,Male,Ohio,High Value,2022-09-27,247400.63
3027,Customer 3027,21,Male,California,Entry,2024-06-12,211322.0
3028,Customer 3028,27,Female,Michigan,Standard,2023-10-02,165395.72
3029,Customer 3029,25,Other,Florida,Mass Affluent,2023-12-14,44287.35
3030,Customer 3030,75,Female,California,High Value,2024-05-26,139211.42
3031,Customer 3031,65,Female,Ohio,Entry,2022-04-04,217474.42
3032,Customer 3032,31,Other,Virginia,Entry,2024-09-23,108925.42
3033,Customer 3033,40,Female,Georgia,Entry,2023-11-09,207532.49
3034,Customer 3034,71,Female,Illinois,Mass Affluent,2022-04-27,82949.88
3035,Customer 3035,66,Male,Ohio,High Value,2021-11-01,42924.58
3036,Customer 3036,28,Male,Texas,Entry,2025-11-28,57744.14
3037,Customer 3037,25,Female,Illinois,Standard,2025-01-20,157439.47
3038,Customer 3038,51,Female,Georgia,High Value,2025-01-11,234572.12
3039,Customer 3039,63,Other,Michigan,Standard,2024-09-30,236235.96
3040,Customer 3040,51,Other,Ohio,Standard,2022-03-06,64436.81
3041,Customer 3041,43,Male,Ohio,High Value,2022-01-28,215046.7
3042,Customer 3042,37,Female,California,Entry,2025-07-04,131970.87
3043,Customer 3043,71,Other,Illinois,Entry,2023-03-26,59238.72
3044,Customer 3044,68,Other,Georgia,Standard,2022-11-01,240774.33
3045,Customer 3045,57,Other,California,High Value,2025-03-20,221218.31
3046,Customer 3046,37,Female,Texas,Entry,2021-12-03,222614.61
3047,Customer 3047,30,Male,California,Mass Affluent,2022-11-17,142812.57
3048,Customer 3048,38,Male,California,Entry,2023-10-12,38458.8
3049,Customer 3049,61,Female,Illinois,Standard,2021-01-19,104179.56
3050,Customer 3050,51,Other,New York,Mass Affluent,2021-08-03,62517.29
3051,Customer 3051,63,Other,North Carolina,Standard,2024-10-25,146791.2
3052,Customer 3052,58,Other,Michigan,Mass Affluent,2023-12-19,125686.29
3053,Customer 3053,72,Male,Virginia,Standard,2025-02-06,148534.3
3054,Customer 3054,50,Male,Florida,Standard,2025-03-28,33941.28
3055,Customer 3055,61,Male,Virginia,Entry,2024-04-21,234390.65
3056,Customer 3056,57,Male,Illinois,Mass Affluent,2024-05-31,128839.69
3057,Customer 3057,62,Male,New York,Standard,2022-09-07,116858.77
3058,Customer 3058,54,Male,Ohio,Mass Affluent,2021-01-09,239441.89
3059,Customer 3059,36,Female,Ohio,Entry,2023-07-10,40508.03
3060,Customer 3060,72,Female,North Carolina,Entry,2021-06-05,33595.55
3061,Customer 3061,67,Other,Florida,High Value,2025-11-14,139259.83
3062,Customer 3062,34,Other,North Carolina,Standard,2024-04-03,201528.46
3063,Customer 3063,36,Female,North Carolina,Standard,2025-10-18,68992.08
3064,Customer 3064,33,Male,Georgia,High Value,2024-09-05,102330.46
3065,Customer 3065,51,Male,Texas,Mass Affluent,2022-05-18,234838.04
3066,Customer 3066,37,Male,Florida,Standard,2025-02-06,121426.64
3067,Customer 3067,34,Other,California,Standard,2023-05-24,51472.95
3068,Customer 3068,40,Other,North Carolina,High Value,2022-08-15,46769.67
3069,Customer 3069,28,Male,New York,High Value,2021-11-15,201306.27
3070,Customer 3070,69,Female,California,High Value,2025-06-15,198278.06
3071,Customer 3071,28,Other,North Carolina,Entry,2022-11-23,142371.51
3072,Customer 3072,63,Other,Florida,High Value,2023-09-13,108376.99
3073,Customer 3073,43,Male,Georgia,Mass Affluent,2021-07-08,149966.98
3074,Customer 3074,67,Male,Michigan,High Value,2022-05-28,248267.06
3075,Customer 3075,30,Female,California,Mass Affluent,2021-11-29,135311.88
3076,Customer 3076,61,Female,Ohio,Standard,2025-03-31,217771.37
3077,Customer 3077,69,Female,Texas,Entry,2025-06-12,76719.2
3078,Customer 3078,60,Other,Virginia,High Value,2022-01-25,244750.2
3079,Customer 3079,35,Other,Virginia,Entry,2025-03-06,115200.63
3080,Customer 3080,44,Male,Ohio,High Value,2024-08-08,129640.07
3081,Customer 3081,57,Female,Ohio,Standard,2021-01-08,172717.7
3082,Customer 3082,68,Male,Illinois,Entry,2023-05-02,48749.56
3083,Customer 3083,27,Other,North Carolina,High Value,2025-09-23,160434.81
3084,Customer 3084,52,Other,North Carolina,Standard,2023-08-28,56345.67
3085,Customer 3085,23,Other,Illinois,Mass Affluent,2025-07-19,98652.8
3086,Customer 3086,48,Female,Ohio,High Value,2025-08-11,42080.86
3087,Customer 3087,63,Male,Florida,Entry,2022-09-07,249841.76
3088,Customer 3088,42,Female,Texas,Standard,2022-07-29,46524.57
3089,Customer 3089,68,Female,Georgia,High Value,2022-09-24,35752.51
3090,Customer 3090,41,Male,Texas,Mass Affluent,2022-08-07,234910.27
3091,Customer 3091,59,Male,Illinois,High Value,2024-05-19,50934.6
3092,Customer 3092,70,Female,Illinois,High Value,2022-06-26,70176.17
3093,Customer 3093,58,Male,New York,High Value,2022-03-11,90833.28
3094,Customer 3094,69,Other,North Carolina,High Value,2025-09-20,208546.96
3095,Customer 3095,57,Other,North Carolina,Standard,2024-01-30,229390.27
3096,Customer 3096,40,Male,Georgia,High Value,2024-09-09,98616.28
3097,Customer 3097,47,Male,Illinois,Standard,2025-12-04,193040.75
3098,Customer 3098,25,Male,Michigan,High Value,2021-10-08,53502.31
3099,Customer 3099,23,Female,Illinois,Entry,2023-09-04,149232.17
3100,Customer 3100,31,Other,North Carolina,Mass Affluent,2022-06-26,48041.95
3101,Customer 3101,32,Other,Michigan,High Value,2021-12-11,168784.55
3102,Customer 3102,51,Male,California,Mass Affluent,2021-02-04,192329.57
3103,Customer 3103,64,Other,New York,Entry,2025-08-11,31163.03
3104,Customer 3104,38,Other,New York,Entry,2023-12-08,150464.03
3105,Customer 3105,48,Male,Michigan,Entry,2021-05-02,72343.79
3106,Customer 3106,39,Female,California,Entry,2023-12-17,244218.73
3107,Customer 3107,58,Female,Florida,Mass Affluent,2023-04-23,165604.67
3108,Customer 3108,66,Female,Florida,Entry,2021-09-13,30319.58
3109,Customer 3109,46,Other,New York,Standard,2021-08-23,182085.99
3110,Customer 3110,32,Other,Michigan,High Value,2024-03-26,242778.36
3111,Customer 3111,29,Other,Ohio,Mass Affluent,2022-05-25,249591.9
3112,Customer 3112,23,Other,Texas,Entry,2025-03-06,59251.66
3113,Customer 3113,38,Male,Michigan,High Value,2022-03-23,173407.66
3114,Customer 3114,28,Other,Ohio,Entry,2025-01-08,53529.8
3115,Customer 3115,49,Male,California,High Value,2022-02-27,221136.25
3116,Customer 3116,47,Female,North Carolina,Standard,2022-10-28,127550.59
3117,Customer 3117,75,Other,California,Mass Affluent,2022-02-17,115626.43
3118,Customer 3118,63,Other,New York,Entry,2022-01-21,137560.97
3119,Customer 3119,48,Male,Florida,High Value,2022-07-15,125324.55
3120,Customer 3120,24,Male,Virginia,Standard,2021-11-21,74844.77
3121,Customer 3121,39,Male,Florida,Standard,2021-08-15,68953.22
3122,Customer 3122,21,Female,North Carolina,High Value,2025-04-25,159026.58
3123,Customer 3123,40,Other,New York,Entry,2022-12-14,74203.28
3124,Customer 3124,38,Female,Georgia,Standard,2025-11-05,65300.82
3125,Customer 3125,49,Male,Ohio,Mass Affluent,2022-03-28,171948.48
3126,Customer 3126,35,Other,North Carolina,Mass Affluent,2023-02-27,54161.37
3127,Customer 3127,44,Other,Florida,High Value,2025-01-17,89798.66
3128,Customer 3128,54,Female,Georgia,High Value,2024-09-10,43852.91
3129,Customer 3129,36,Female,Florida,Mass Affluent,2021-08-08,196702.12
3130,Customer 3130,56,Other,Michigan,Mass Affluent,2024-09-30,168054.25
3131,Customer 3131,21,Male,Ohio,Standard,2023-12-19,199068.49
3132,Customer 3132,56,Female,Michigan,Standard,2025-04-26,30321.31
3133,Customer 3133,32,Male,Florida,Entry,2022-02-01,85256.9
3134,Customer 3134,38,Other,New York,Entry,2025-07-06,177363.98
3135,Customer 3135,57,Other,Illinois,High Value,2024-05-17,113582.73
3136,Customer 3136,33,Male,Illinois,High Value,2024-07-03,218715.22
3137,Customer 3137,51,Male,North Carolina,Standard,2023-01-01,138493.12
3138,Customer 3138,56,Male,Texas,High Value,2023-06-02,154334.97
3139,Customer 3139,35,Female,Ohio,Mass Affluent,2021-10-08,132758.23
3140,Customer 3140,68,Male,Texas,Entry,2024-01-01,188054.81
3141,Customer 3141,68,Male,New York,Standard,2022-03-29,51308.36
3142,Customer 3142,21,Other,Georgia,High Value,2022-06-10,248089.43
3143,Customer 3143,58,Female,New York,High Value,2024-08-09,104979.14
3144,Customer 3144,60,Male,Texas,Standard,2022-04-30,204041.9
3145,Customer 3145,68,Other,New York,High Value,2024-01-05,134722.74
3146,Customer 3146,55,Male,Ohio,Entry,2022-07-22,209754.39
3147,Customer 3147,71,Female,Illinois,High Value,2022-03-20,49516.24
3148,Customer 3148,35,Other,Florida,High Value,2024-04-08,123963.26
3149,Customer 3149,43,Female,North Carolina,Mass Affluent,2022-12-16,35917.86
3150,Customer 3150,61,Other,Ohio,Standard,2021-07-19,72359.82
3151,Customer 3151,31,Male,Ohio,Mass Affluent,2025-08-12,73088.33
3152,Customer 3152,33,Male,Florida,Entry,2022-03-05,43480.54
3153,Customer 3153,35,Other,California,High Value,2023-07-10,55932.77
3154,Customer 3154,34,Female,Florida,Entry,2025-01-22,63864.48
3155,Customer 3155,74,Male,Virginia,Entry,2021-05-10,31677.01
3156,Customer 3156,23,Other,California,Entry,2023-02-07,53875.37
3157,Customer 3157,31,Male,Texas,Mass Affluent,2025-04-15,121311.62
3158,Customer 3158,35,Other,California,Standard,2023-06-10,187013.34
3159,Customer 3159,56,Other,North Carolina,Standard,2025-01-01,225005.4
3160,Customer 3160,74,Other,North Carolina,Mass Affluent,2021-11-19,239795.98
3161,Customer 3161,32,Other,Virginia,Standard,2023-05-21,99460.64
3162,Customer 3162,34,Other,Ohio,Mass Affluent,2024-05-26,119279.56
3163,Customer 3163,70,Other,Virginia,High Value,2023-02-09,222439.44
3164,Customer 3164,71,Other,California,High Value,2021-08-25,80542.32
3165,Customer 3165,55,Male,North Carolina,Entry,2024-12-05,116813.55
3166,Customer 3166,58,Other,California,High Value,2024-08-23,143949.98
3167,Customer 3167,35,Male,New York,High Value,2024-01-09,141851.52
3168,Customer 3168,55,Male,New York,High Value,2024-05-27,104604.63
3169,Customer 3169,26,Female,Florida,Standard,2024-01-06,150759.63
3170,Customer 3170,32,Male,Georgia,Entry,2025-08-23,217053.9
3171,Customer 3171,29,Male,Texas,Mass Affluent,2022-02-25,167464.81
3172,Customer 3172,48,Other,North Carolina,High Value,2021-05-27,192303.04
3173,Customer 3173,50,Male,Florida,Standard,2022-10-22,36591.23
3174,Customer 3174,21,Male,Ohio,High Value,2025-04-17,48399.44
3175,Customer 3175,69,Other,Michigan,High Value,2021-12-04,48179.17
3176,Customer 3176,51,Male,Virginia,Standard,2022-01-25,42594.47
3177,Customer 3177,68,Other,Ohio,Mass Affluent,2024-07-15,247448.64
3178,Customer 3178,45,Other,Texas,Standard,2022-10-03,195556.45
3179,Customer 3179,31,Male,North Carolina,Mass Affluent,2022-06-19,162076.62
3180,Customer 3180,55,Female,Florida,Entry,2024-03-26,144888.88
3181,Customer 3181,25,Male,California,Standard,2025-04-22,140311.39
3182,Customer 3182,23,Female,Georgia,Entry,2025-06-03,38884.3
3183,Customer 3183,50,Male,Ohio,High Value,2023-06-10,30615.03
3184,Customer 3184,36,Female,Illinois,Standard,2022-06-20,49511.48
3185,Customer 3185,54,Female,North Carolina,Mass Affluent,2025-01-22,119140.34
3186,Customer 3186,28,Male,Georgia,Mass Affluent,2024-02-28,205494.03
3187,Customer 3187,35,Female,Illinois,High Value,2023-11-14,110566.34
3188,Customer 3188,31,Other,Georgia,High Value,2025-08-10,151559.53
3189,Customer 3189,61,Female,Ohio,Entry,2021-03-22,75741.63
3190,Customer 3190,59,Other,North Carolina,Entry,2023-04-21,165980.04
3191,Customer 3191,22,Other,North Carolina,Mass Affluent,2025-05-30,57668.67
3192,Customer 3192,38,Male,Texas,Entry,2021-05-05,85619.33
3193,Customer 3193,28,Other,North Carolina,High Value,2023-12-19,87553.72
3194,Customer 3194,37,Other,California,Entry,2025-02-10,139658.39
3195,Customer 3195,54,Male,Georgia,Mass Affluent,2022-05-25,146230.69
3196,Customer 3196,46,Female,New York,Mass Affluent,2021-05-12,178059.95
3197,Customer 3197,65,Female,Michigan,Standard,2021-10-17,189717.71
3198,Customer 3198,57,Other,Florida,Entry,2023-12-05,95469.08
3199,Customer 3199,36,Female,California,Standard,2021-02-12,188894.88
3200,Customer 3200,54,Female,New York,High Value,2025-09-27,98108.71
3201,Customer 3201,37,Male,Virginia,High Value,2025-05-13,210848.12
3202,Customer 3202,61,Female,California,Standard,2022-08-21,238151.18
3203,Customer 3203,69,Female,Ohio,Mass Affluent,2023-02-05,118721.42
3204,Customer 3204,67,Other,Illinois,Standard,2022-04-15,149563.23
3205,Customer 3205,39,Male,Ohio,High Value,2022-01-18,133363.05
3206,Customer 3206,47,Female,Florida,High Value,2022-09-23,199848.12
3207,Customer 3207,27,Female,New York,Mass Affluent,2025-02-05,212691.44
3208,Customer 3208,42,Other,California,Entry,2022-07-19,164220.95
3209,Customer 3209,24,Other,Illinois,High Value,2024-11-28,93733.16
3210,Customer 3210,24,Female,New York,Mass Affluent,2024-08-01,231626.9
3211,Customer 3211,69,Female,New York,Standard,2022-03-04,159166.74
3212,Customer 3212,28,Female,New York,Mass Affluent,2024-12-22,207308.56
3213,Customer 3213,27,Other,Michigan,Entry,2021-07-04,145766.51
3214,Customer 3214,71,Male,North Carolina,High Value,2025-01-17,163420.43
3215,Customer 3215,36,Other,Texas,Mass Affluent,2022-02-11,138367.83
3216,Customer 3216,46,Other,Illinois,Mass Affluent,2021-10-03,38626.45
3217,Customer 3217,75,Male,Texas,High Value,2023-04-13,231988.69
3218,Customer 3218,69,Other,Virginia,Standard,2024-06-07,248112.83
3219,Customer 3219,50,Other,Georgia,High Value,2021-07-15,32347.83
3220,Customer 3220,34,Male,Ohio,High Value,2022-01-14,103609.47
3221,Customer 3221,28,Other,California,High Value,2023-04-30,83764.88
3222,Customer 3222,42,Female,Virginia,Standard,2023-02-12,190437.45
3223,Customer 3223,59,Male,Georgia,High Value,2025-08-13,224101.88
3224,Customer 3224,34,Female,Illinois,Standard,2024-10-24,59463.79
3225,Customer 3225,25,Female,Michigan,High Value,2021-04-29,207872.99
3226,Customer 3226,54,Other,Michigan,Standard,2025-11-19,53948.35
3227,Customer 3227,35,Male,Georgia,Entry,2022-08-22,105449.06
3228,Customer 3228,58,Male,Georgia,Mass Affluent,2021-02-24,67532.15
3229,Customer 3229,31,Male,Michigan,Mass Affluent,2025-01-20,46170.34
3230,Customer 3230,38,Female,Illinois,Entry,2023-07-14,46883.82
3231,Customer 3231,23,Other,Florida,Mass Affluent,2022-06-07,144329.65
3232,Customer 3232,68,Male,Illinois,High Value,2023-04-15,201164.06
3233,Customer 3233,36,Female,Georgia,Entry,2022-11-23,125781.67
3234,Customer 3234,68,Male,North Carolina,High Value,2025-06-08,55632.78
3235,Customer 3235,48,Male,Ohio,Mass Affluent,2021-09-21,222462.4
3236,Customer 3236,54,Male,Illinois,Entry,2021-04-24,117522.67
3237,Customer 3237,26,Male,Georgia,Mass Affluent,2024-05-29,180679.78
3238,Customer 3238,41,Other,New York,High Value,2021-05-29,239613.07
3239,Customer 3239,34,Female,Illinois,Standard,2025-04-22,41451.46
3240,Customer 3240,53,Other,California,Entry,2023-05-31,155849.13
3241,Customer 3241,61,Female,Georgia,Mass Affluent,2023-09-22,166659.31
3242,Customer 3242,74,Female,Florida,High Value,2023-12-11,55482.28
3243,Customer 3243,56,Male,North Carolina,Entry,2022-09-15,201653.52
3244,Customer 3244,40,Male,Virginia,Mass Affluent,2022-12-03,119640.59
3245,Customer 3245,35,Other,Illinois,High Value,2022-03-11,41748.07
3246,Customer 3246,44,Female,Ohio,High Value,2024-09-28,141627.88
3247,Customer 3247,58,Other,Texas,Standard,2024-03-02,92868.17
3248,Customer 3248,22,Other,Virginia,Standard,2022-01-08,158237.8
3249,Customer 3249,46,Other,Michigan,Entry,2021-12-06,198658.27
3250,Customer 3250,72,Female,Florida,Entry,2024-03-18,49724.03
3251,Customer 3251,39,Male,North Carolina,Standard,2023-12-06,157441.51
3252,Customer 3252,57,Male,California,Standard,2024-07-28,154374.77
3253,Customer 3253,22,Other,Florida,Mass Affluent,2022-08-26,239723.47
3254,Customer 3254,27,Male,New York,Standard,2022-01-25,201716.19
3255,Customer 3255,48,Female,Michigan,High Value,2025-05-09,119720.2
3256,Customer 3256,22,Other,Virginia,Mass Affluent,2024-12-03,117558.63
3257,Customer 3257,50,Female,Ohio,Entry,2021-08-30,68261.22
3258,Customer 3258,40,Other,New York,Mass Affluent,2022-03-19,101671.18
3259,Customer 3259,59,Female,New York,Mass Affluent,2024-09-18,174597.02
3260,Customer 3260,69,Male,Florida,High Value,2024-02-24,227395.18
3261,Customer 3261,63,Male,California,Entry,2023-04-15,105094.74
3262,Customer 3262,72,Male,Georgia,Standard,2024-01-30,149790.09
3263,Customer 3263,48,Other,Florida,High Value,2021-10-28,202392.19
3264,Customer 3264,57,Female,Illinois,Entry,2023-02-23,168677.62
3265,Customer 3265,34,Male,North Carolina,Entry,2025-08-26,207923.27
3266,Customer 3266,64,Other,California,Mass Affluent,2021-07-21,207591.14
3267,Customer 3267,57,Female,Texas,Standard,2022-10-05,215527.72
3268,Customer 3268,38,Female,North Carolina,Mass Affluent,2025-05-11,82932.18
3269,Customer 3269,70,Female,North Carolina,Standard,2025-06-19,167729.08
3270,Customer 3270,75,Male,California,Entry,2021-03-25,195513.23
3271,Customer 3271,21,Other,North Carolina,Entry,2021-01-03,162086.34
3272,Customer 3272,25,Male,Texas,Entry,2023-03-09,140857.85
3273,Customer 3273,26,Other,New York,Standard,2021-06-03,211183.32
3274,Customer 3274,75,Male,Ohio,High Value,2025-08-14,112542.12
3275,Customer 3275,60,Other,Florida,High Value,2021-04-25,94467.61
3276,Customer 3276,25,Other,Illinois,High Value,2024-05-27,129690.12
3277,Customer 3277,32,Other,North Carolina,Mass Affluent,2025-05-04,221804.94
3278,Customer 3278,62,Female,California,High Value,2023-06-27,190594.8
3279,Customer 3279,61,Female,Florida,High Value,2022-03-28,227058.06
3280,Customer 3280,49,Other,Florida,Entry,2023-06-22,65708.7
3281,Customer 3281,49,Male,Georgia,Entry,2025-01-02,177706.55
3282,Customer 3282,29,Female,Ohio,High Value,2024-05-06,194089.86
3283,Customer 3283,67,Other,Virginia,Entry,2023-10-05,233079.81
3284,Customer 3284,57,Other,Michigan,High Value,2021-11-26,199204.89
3285,Customer 3285,22,Female,North Carolina,Standard,2022-06-24,44774.78
3286,Customer 3286,33,Male,Virginia,Mass Affluent,2022-02-04,49621.11
3287,Customer 3287,41,Female,California,Mass Affluent,2021-09-29,105843.05
3288,Customer 3288,27,Female,North Carolina,High Value,2023-04-02,132136.11
3289,Customer 3289,75,Male,Texas,High Value,2022-02-24,162643.98
3290,Customer 3290,45,Male,New York,Entry,2021-01-01,82354.06
3291,Customer 3291,63,Female,California,Entry,2023-11-18,139064.58
3292,Customer 3292,43,Female,Texas,Mass Affluent,2024-03-20,78015.82
3293,Customer 3293,63,Other,Florida,Standard,2021-06-02,88211.71
3294,Customer 3294,67,Male,Michigan,Standard,2021-04-11,40512.84
3295,Customer 3295,46,Female,North Carolina,High Value,2025-11-05,244077.29
3296,Customer 3296,48,Female,Florida,High Value,2021-07-13,82031.65
3297,Customer 3297,64,Female,Texas,Entry,2022-02-24,133487.57
3298,Customer 3298,30,Female,Virginia,Mass Affluent,2021-08-10,231337.52
3299,Customer 3299,21,Male,Texas,Entry,2021-06-03,226738.57
3300,Customer 3300,55,Male,Texas,Mass Affluent,2024-04-21,87441.64
3301,Customer 3301,31,Other,North Carolina,Standard,2023-05-10,191600.55
3302,Customer 3302,71,Other,Michigan,Entry,2023-10-04,81450.19
3303,Customer 3303,73,Male,North Carolina,Mass Affluent,2023-05-23,222861.47
3304,Customer 3304,53,Male,North Carolina,Standard,2025-10-03,119853.54
3305,Customer 3305,35,Other,Virginia,High Value,2022-11-25,138421.74
3306,Customer 3306,58,Other,Georgia,Entry,2024-12-10,179763.97
3307,Customer 3307,50,Female,Ohio,Entry,2021-09-01,219398.89
3308,Customer 3308,36,Female,North Carolina,Mass Affluent,2023-10-14,219222.23
3309,Customer 3309,44,Male,Georgia,Mass Affluent,2021-02-01,48557.55
3310,Customer 3310,31,Male,New York,Standard,2025-09-18,102135.93
3311,Customer 3311,26,Female,Illinois,High Value,2021-11-23,201003.05
3312,Customer 3312,49,Male,Florida,Entry,2024-01-10,155275.0
3313,Customer 3313,25,Other,California,High Value,2025-02-09,245974.45
3314,Customer 3314,41,Other,Georgia,Entry,2021-10-12,196091.86
3315,Customer 3315,56,Other,North Carolina,Standard,2021-03-22,81748.22
3316,Customer 3316,59,Other,Florida,High Value,2024-06-30,239679.12
3317,Customer 3317,23,Female,Ohio,Mass Affluent,2021-09-17,175708.99
3318,Customer 3318,48,Other,Michigan,Standard,2024-01-16,141619.47
3319,Customer 3319,62,Male,Florida,Standard,2022-08-21,216149.82
3320,Customer 3320,53,Other,Texas,High Value,2024-06-02,92384.51
3321,Customer 3321,61,Other,North Carolina,Entry,2023-07-15,241734.6
3322,Customer 3322,23,Other,Virginia,High Value,2025-03-19,108526.33
3323,Customer 3323,36,Other,Georgia,Entry,2022-01-02,115909.16
3324,Customer 3324,55,Other,California,High Value,2022-02-06,235458.96
3325,Customer 3325,38,Female,Texas,High Value,2023-07-15,188269.92
3326,Customer 3326,50,Female,Michigan,Entry,2024-09-21,114584.37
3327,Customer 3327,75,Other,Michigan,Entry,2021-11-04,141277.21
3328,Customer 3328,75,Male,California,Standard,2025-01-11,143545.71
3329,Customer 3329,52,Other,Ohio,Standard,2022-02-06,179943.8
3330,Customer 3330,46,Other,California,Mass Affluent,2021-01-02,111109.8
3331,Customer 3331,38,Male,Illinois,Entry,2024-11-25,113806.62
3332,Customer 3332,42,Other,Virginia,High Value,2024-06-22,36739.51
3333,Customer 3333,31,Female,North Carolina,Mass Affluent,2021-09-13,201243.4
3334,Customer 3334,75,Female,Florida,Standard,2022-12-03,70162.33
3335,Customer 3335,46,Female,Michigan,Entry,2023-12-09,73143.59
3336,Customer 3336,73,Other,Florida,Mass Affluent,2022-12-24,170426.27
3337,Customer 3337,29,Other,North Carolina,Standard,2024-07-22,203697.72
3338,Customer 3338,35,Male,North Carolina,High Value,2025-08-28,104840.94
3339,Customer 3339,37,Male,Illinois,Mass Affluent,2021-12-03,147268.86
3340,Customer 3340,67,Female,California,Standard,2022-11-23,115596.84
3341,Customer 3341,31,Female,Michigan,Mass Affluent,2024-03-24,221033.55
3342,Customer 3342,42,Other,Michigan,Standard,2022-04-01,52488.56
3343,Customer 3343,53,Male,North Carolina,Entry,2025-10-29,111230.91
3344,Customer 3344,62,Female,North Carolina,Standard,2021-02-22,240376.98
3345,Customer 3345,56,Female,Ohio,Standard,2025-10-08,196317.34
3346,Customer 3346,64,Female,Florida,Mass Affluent,2025-05-03,31672.51
3347,Customer 3347,61,Other,Texas,High Value,2022-09-20,233790.1
3348,Customer 3348,51,Other,Virginia,Mass Affluent,2021-08-20,40315.76
3349,Customer 3349,74,Other,Illinois,Mass Affluent,2023-12-05,89209.43
3350,Customer 3350,26,Female,New York,Entry,2021-03-19,97667.71
3351,Customer 3351,39,Female,Texas,Standard,2022-10-29,212071.86
3352,Customer 3352,27,Male,California,Standard,2022-02-19,166263.5
3353,Customer 3353,73,Female,Virginia,High Value,2022-03-16,82392.74
3354,Customer 3354,49,Female,Ohio,High Value,2023-05-23,241156.05
3355,Customer 3355,75,Male,Texas,Standard,2022-06-29,239085.09
3356,Customer 3356,26,Male,Illinois,Mass Affluent,2025-06-11,130459.25
3357,Customer 3357,54,Male,Michigan,Entry,2024-06-14,153526.83
3358,Customer 3358,67,Male,Virginia,High Value,2024-05-24,89770.05
3359,Customer 3359,36,Other,North Carolina,Standard,2021-09-23,118482.59
3360,Customer 3360,42,Other,Georgia,Entry,2021-10-08,42841.22
3361,Customer 3361,70,Other,North Carolina,Entry,2022-10-27,204305.03
3362,Customer 3362,55,Female,Florida,Standard,2023-07-11,219770.39
3363,Customer 3363,52,Other,Illinois,Standard,2021-10-11,246293.86
3364,Customer 3364,38,Other,Illinois,Entry,2024-10-02,242197.79
3365,Customer 3365,41,Other,Michigan,Standard,2025-06-20,69110.52
3366,Customer 3366,40,Other,Texas,High Value,2021-09-21,208731.93
3367,Customer 3367,42,Male,California,High Value,2023-05-27,224147.8
3368,Customer 3368,30,Female,Illinois,Mass Affluent,2021-03-29,158992.89
3369,Customer 3369,35,Male,New York,Mass Affluent,2025-12-04,171383.11
3370,Customer 3370,73,Male,Illinois,Standard,2025-08-19,45233.37
3371,Customer 3371,41,Female,Virginia,High Value,2021-01-12,144793.12
3372,Customer 3372,61,Female,North Carolina,Mass Affluent,2024-07-21,180038.89
3373,Customer 3373,40,Female,North Carolina,Entry,2022-08-05,114881.64
3374,Customer 3374,66,Female,California,Entry,2024-06-23,241880.96
3375,Customer 3375,35,Female,Virginia,Entry,2024-11-14,188259.37
3376,Customer 3376,62,Female,California,High Value,2022-08-23,58542.04
3377,Customer 3377,53,Other,California,Standard,2025-09-29,93340.92
3378,Customer 3378,54,Male,California,High Value,2021-05-23,192150.16
3379,Customer 3379,74,Male,California,Mass Affluent,2022-01-25,163447.43
3380,Customer 3380,74,Other,Ohio,Standard,2025-12-05,167294.93
3381,Customer 3381,45,Other,Ohio,High Value,2021-05-01,144309.93
3382,Customer 3382,37,Female,California,Mass Affluent,2023-05-01,187859.81
3383,Customer 3383,43,Male,North Carolina,Mass Affluent,2023-08-07,198725.7
3384,Customer 3384,54,Other,Texas,Entry,2023-04-08,68927.06
3385,Customer 3385,43,Female,Virginia,Standard,2022-01-06,87274.95
3386,Customer 3386,56,Other,Florida,Entry,2023-01-14,59846.66
3387,Customer 3387,57,Male,Illinois,Mass Affluent,2021-11-13,166094.53
3388,Customer 3388,73,Other,Virginia,Entry,2023-11-13,227923.32
3389,Customer 3389,36,Other,Texas,Entry,2024-02-09,41681.22
3390,Customer 3390,32,Other,Virginia,High Value,2025-11-15,171992.47
3391,Customer 3391,25,Female,New York,Mass Affluent,2021-12-26,127437.63
3392,Customer 3392,67,Male,Michigan,Mass Affluent,2025-01-08,240472.02
3393,Customer 3393,41,Male,California,Mass Affluent,2021-03-01,156862.58
3394,Customer 3394,60,Male,Georgia,Mass Affluent,2024-03-06,240175.23
3395,Customer 3395,48,Female,Michigan,High Value,2025-02-09,170878.65
3396,Customer 3396,56,Other,California,Mass Affluent,2022-04-29,227275.44
3397,Customer 3397,62,Female,New York,Mass Affluent,2022-10-28,100444.81
3398,Customer 3398,38,Female,Texas,Entry,2022-09-23,189452.93
3399,Customer 3399,68,Other,Virginia,Mass Affluent,2023-08-07,65543.57
3400,Customer 3400,39,Male,Ohio,Standard,2023-03-17,87428.34
3401,Customer 3401,57,Female,Michigan,High Value,2022-06-04,69701.3
3402,Customer 3402,59,Other,Virginia,High Value,2023-07-05,71094.84
3403,Customer 3403,49,Male,California,High Value,2021-12-24,102844.14
3404,Customer 3404,59,Female,North Carolina,Entry,2024-09-27,188128.22
3405,Customer 3405,52,Other,Illinois,Mass Affluent,2022-03-15,157507.28
3406,Customer 3406,54,Male,California,Mass Affluent,2024-02-18,36177.24
3407,Customer 3407,69,Male,California,Standard,2024-10-14,117368.97
3408,Customer 3408,67,Male,North Carolina,Mass Affluent,2025-06-08,68118.59
3409,Customer 3409,37,Other,Virginia,Entry,2021-04-02,144097.28
3410,Customer 3410,57,Female,Illinois,Mass Affluent,2023-11-03,182530.31
3411,Customer 3411,66,Female,North Carolina,Standard,2025-01-18,70624.37
3412,Customer 3412,55,Female,Ohio,High Value,2024-07-29,74438.94
3413,Customer 3413,40,Male,Georgia,High Value,2022-07-24,209228.0
3414,Customer 3414,71,Other,Illinois,High Value,2025-10-18,131247.25
3415,Customer 3415,74,Male,New York,High Value,2022-12-12,35024.93
3416,Customer 3416,62,Other,California,Standard,2021-11-02,176081.84
3417,Customer 3417,40,Male,Virginia,Standard,2021-07-09,173826.03
3418,Customer 3418,53,Male,Ohio,Mass Affluent,2025-02-14,230563.98
3419,Customer 3419,47,Female,Texas,Mass Affluent,2024-03-26,181090.18
3420,Customer 3420,26,Other,Texas,Mass Affluent,2023-10-21,117520.29
3421,Customer 3421,30,Other,California,High Value,2024-07-20,75594.04
3422,Customer 3422,64,Other,Virginia,Entry,2021-08-30,132641.62
3423,Customer 3423,29,Male,Texas,High Value,2024-09-14,55505.46
3424,Customer 3424,46,Male,California,Mass Affluent,2023-02-23,39207.25
3425,Customer 3425,67,Male,Virginia,Mass Affluent,2024-06-18,189059.86
3426,Customer 3426,68,Other,Virginia,Mass Affluent,2024-09-17,73549.29
3427,Customer 3427,68,Other,New York,High Value,2024-06-29,94594.69
3428,Customer 3428,48,Female,Illinois,Mass Affluent,2022-01-30,147952.66
3429,Customer 3429,32,Female,Florida,High Value,2024-09-14,62918.99
3430,Customer 3430,39,Male,Texas,High Value,2025-05-27,92579.1
3431,Customer 3431,56,Other,Georgia,Mass Affluent,2025-06-06,232824.38
3432,Customer 3432,21,Other,Illinois,Mass Affluent,2025-10-27,63028.18
3433,Customer 3433,45,Male,Ohio,Mass Affluent,2022-08-11,184137.65
3434,Customer 3434,43,Other,Georgia,High Value,2023-01-22,208302.21
3435,Customer 3435,62,Male,New York,Standard,2025-02-16,58204.73
3436,Customer 3436,58,Female,Ohio,High Value,2024-11-23,80349.91
3437,Customer 3437,28,Male,Florida,Mass Affluent,2023-07-19,123249.67
3438,Customer 3438,56,Female,North Carolina,Standard,2023-01-06,115221.12
3439,Customer 3439,29,Male,Ohio,Standard,2025-04-11,237132.79
3440,Customer 3440,70,Male,Ohio,Mass Affluent,2025-03-01,247822.0
3441,Customer 3441,48,Male,Illinois,Mass Affluent,2021-04-21,135448.31
3442,Customer 3442,52,Female,Ohio,Mass Affluent,2024-02-16,161794.7
3443,Customer 3443,49,Other,Texas,Entry,2021-05-06,123763.75
3444,Customer 3444,22,Female,New York,Mass Affluent,2024-04-24,57826.21
3445,Customer 3445,54,Other,Texas,Standard,2022-07-31,100275.74
3446,Customer 3446,31,Other,Ohio,Mass Affluent,2025-11-05,184264.22
3447,Customer 3447,39,Male,New York,High Value,2025-11-10,57432.83
3448,Customer 3448,44,Female,Virginia,Entry,2024-06-15,111084.54
3449,Customer 3449,40,Other,Texas,Standard,2025-05-31,127418.7
3450,Customer 3450,70,Female,Illinois,Standard,2024-10-18,123537.42
3451,Customer 3451,36,Female,Virginia,High Value,2021-12-20,60109.02
3452,Customer 3452,37,Female,Georgia,High Value,2025-07-18,54323.25
3453,Customer 3453,24,Male,North Carolina,High Value,2024-02-11,38520.69
3454,Customer 3454,72,Other,Georgia,Mass Affluent,2021-02-24,52082.98
3455,Customer 3455,38,Male,Virginia,Mass Affluent,2023-03-28,123237.16
3456,Customer 3456,55,Male,North Carolina,High Value,2021-03-29,208713.96
3457,Customer 3457,44,Female,Texas,Mass Affluent,2024-10-04,160404.42
3458,Customer 3458,67,Male,Illinois,High Value,2025-11-14,131960.17
3459,Customer 3459,53,Male,Georgia,Entry,2022-02-05,52366.62
3460,Customer 3460,50,Other,New York,Standard,2021-04-21,47535.67
3461,Customer 3461,73,Female,Illinois,Standard,2021-04-08,138247.29
3462,Customer 3462,72,Female,California,High Value,2022-02-13,184894.24
3463,Customer 3463,22,Other,Georgia,Mass Affluent,2021-02-20,106765.38
3464,Customer 3464,54,Other,Illinois,Entry,2025-10-27,123699.85
3465,Customer 3465,59,Female,Virginia,High Value,2023-05-30,75003.62
3466,Customer 3466,21,Female,New York,Mass Affluent,2024-02-24,163531.79
3467,Customer 3467,73,Female,Florida,Entry,2021-11-17,225720.03
3468,Customer 3468,73,Male,Texas,Standard,2023-06-14,158732.38
3469,Customer 3469,36,Male,Virginia,High Value,2023-12-11,37058.62
3470,Customer 3470,46,Female,Georgia,High Value,2022-06-29,98332.28
3471,Customer 3471,61,Other,Ohio,High Value,2022-11-08,204922.75
3472,Customer 3472,49,Other,Virginia,Entry,2021-04-14,57351.15
3473,Customer 3473,23,Male,Florida,Mass Affluent,2022-06-01,149653.16
3474,Customer 3474,25,Other,Michigan,Standard,2024-02-05,156317.15
3475,Customer 3475,36,Other,Texas,Standard,2022-10-08,202580.69
3476,Customer 3476,37,Other,Michigan,High Value,2021-03-28,207723.03
3477,Customer 3477,62,Other,Virginia,Entry,2022-09-02,202331.69
3478,Customer 3478,52,Other,New York,High Value,2023-12-20,73706.03
3479,Customer 3479,49,Other,Texas,Entry,2024-04-23,114088.67
3480,Customer 3480,68,Female,Texas,Entry,2024-02-14,229776.67
3481,Customer 3481,30,Male,Virginia,Standard,2021-07-23,239560.2
3482,Customer 3482,51,Other,Florida,Mass Affluent,2023-09-21,81325.75
3483,Customer 3483,69,Female,Georgia,Mass Affluent,2021-12-23,76405.79
3484,Customer 3484,53,Other,Michigan,Standard,2024-11-11,158230.07
3485,Customer 3485,60,Female,Ohio,High Value,2021-08-22,186527.12
3486,Customer 3486,31,Female,California,High Value,2022-06-25,77155.29
3487,Customer 3487,53,Female,North Carolina,Mass Affluent,2021-04-15,53252.06
3488,Customer 3488,24,Male,Ohio,Standard,2023-04-22,50917.17
3489,Customer 3489,72,Male,New York,Standard,2024-01-23,180556.16
3490,Customer 3490,60,Other,North Carolina,Entry,2025-03-18,228183.14
3491,Customer 3491,26,Female,Ohio,Standard,2021-08-18,234116.74
3492,Customer 3492,22,Male,North Carolina,Entry,2023-11-07,226715.99
3493,Customer 3493,55,Male,California,High Value,2022-09-15,129284.1
3494,Customer 3494,54,Other,New York,Entry,2022-12-31,243954.21
3495,Customer 3495,49,Male,North Carolina,Mass Affluent,2023-02-05,43577.19
3496,Customer 3496,37,Other,Ohio,Entry,2021-02-22,134347.68
3497,Customer 3497,63,Male,California,Mass Affluent,2023-08-28,113654.98
3498,Customer 3498,40,Other,Georgia,High Value,2021-06-24,198214.1
3499,Customer 3499,26,Male,North Carolina,Entry,2024-09-30,178354.9
3500,Customer 3500,38,Male,Michigan,Entry,2024-04-24,153131.56
3501,Customer 3501,30,Female,Georgia,Entry,2023-10-31,176208.35
3502,Customer 3502,38,Male,Michigan,Standard,2021-04-13,80454.2
3503,Customer 3503,37,Male,Michigan,Entry,2021-08-30,54748.46
3504,Customer 3504,23,Female,North Carolina,Mass Affluent,2023-05-25,68946.44
3505,Customer 3505,64,Other,North Carolina,Mass Affluent,2022-08-05,103327.52
3506,Customer 3506,43,Male,Virginia,Entry,2023-02-12,69979.56
3507,Customer 3507,23,Other,Georgia,Standard,2024-08-03,213719.05
3508,Customer 3508,45,Other,New York,Standard,2023-02-10,235822.43
3509,Customer 3509,22,Female,Virginia,Standard,2023-05-30,63371.67
3510,Customer 3510,21,Male,North Carolina,Standard,2023-06-29,52486.13
3511,Customer 3511,31,Female,Michigan,Mass Affluent,2021-10-19,211614.36
3512,Customer 3512,38,Other,North Carolina,Mass Affluent,2023-04-13,30075.53
3513,Customer 3513,71,Male,Florida,Entry,2024-03-21,147194.76
3514,Customer 3514,35,Other,Ohio,Entry,2023-10-25,60241.07
3515,Customer 3515,46,Female,California,Entry,2022-06-14,162427.34
3516,Customer 3516,48,Male,Michigan,High Value,2021-05-20,49620.01
3517,Customer 3517,34,Male,Michigan,Mass Affluent,2021-06-01,108704.36
3518,Customer 3518,59,Other,California,Mass Affluent,2025-03-28,187241.65
3519,Customer 3519,35,Male,Virginia,Entry,2021-08-10,226777.34
3520,Customer 3520,32,Male,Ohio,Standard,2022-12-01,100667.86
3521,Customer 3521,27,Female,Illinois,High Value,2023-11-13,230202.15
3522,Customer 3522,38,Female,Virginia,Mass Affluent,2023-01-08,87680.2
3523,Customer 3523,27,Female,Illinois,High Value,2024-06-16,222069.22
3524,Customer 3524,39,Female,Ohio,Entry,2024-11-28,118454.24
3525,Customer 3525,51,Other,Virginia,High Value,2021-05-10,199927.97
3526,Customer 3526,65,Female,Michigan,High Value,2021-09-17,150274.96
3527,Customer 3527,21,Female,Virginia,Mass Affluent,2025-02-02,51317.58
3528,Customer 3528,49,Female,Georgia,High Value,2021-06-13,203200.91
3529,Customer 3529,41,Other,California,Entry,2025-09-16,167849.82
3530,Customer 3530,55,Female,Michigan,Mass Affluent,2022-06-27,183753.76
3531,Customer 3531,46,Other,Michigan,Entry,2024-04-06,98555.47
3532,Customer 3532,45,Other,Florida,High Value,2023-11-04,102011.86
3533,Customer 3533,37,Female,Ohio,High Value,2024-04-19,57305.7
3534,Customer 3534,67,Other,California,High Value,2021-10-04,215860.07
3535,Customer 3535,51,Female,New York,Entry,2025-05-19,225613.84
3536,Customer 3536,43,Male,Texas,Entry,2021-04-02,47293.39
3537,Customer 3537,67,Male,New York,Entry,2024-10-30,75571.14
3538,Customer 3538,36,Female,California,High Value,2022-10-06,143226.91
3539,Customer 3539,41,Female,Michigan,High Value,2022-06-17,113376.24
3540,Customer 3540,24,Male,Michigan,Standard,2021-01-16,207538.58
3541,Customer 3541,54,Other,Florida,Mass Affluent,2022-09-04,40330.83
3542,Customer 3542,45,Other,Florida,Entry,2023-02-10,124894.8
3543,Customer 3543,24,Female,Georgia,Standard,2023-04-21,65602.44
3544,Customer 3544,71,Female,Illinois,Entry,2025-08-07,220339.24
3545,Customer 3545,69,Female,Illinois,High Value,2023-10-01,155666.23
3546,Customer 3546,40,Female,New York,Mass Affluent,2025-05-22,201877.09
3547,Customer 3547,59,Male,Georgia,Mass Affluent,2025-07-08,83353.66
3548,Customer 3548,44,Female,Georgia,Entry,2025-05-22,202321.4
3549,Customer 3549,61,Male,Georgia,Standard,2025-10-16,184131.65
3550,Customer 3550,27,Female,Illinois,Standard,2021-04-21,80358.47
3551,Customer 3551,21,Other,Georgia,Mass Affluent,2021-04-20,218226.61
3552,Customer 3552,32,Male,Florida,Mass Affluent,2021-08-31,241921.37
3553,Customer 3553,49,Female,Virginia,Entry,2025-06-23,98335.58
3554,Customer 3554,69,Female,Michigan,High Value,2021-10-03,115831.57
3555,Customer 3555,26,Male,Florida,High Value,2021-08-01,50306.03
3556,Customer 3556,53,Female,North Carolina,Entry,2025-10-11,248542.17
3557,Customer 3557,69,Other,Ohio,High Value,2021-01-13,134408.77
3558,Customer 3558,46,Female,Virginia,Mass Affluent,2023-11-24,73094.44
3559,Customer 3559,32,Other,Michigan,Standard,2021-06-12,127699.43
3560,Customer 3560,21,Female,Virginia,Mass Affluent,2025-05-28,248727.53
3561,Customer 3561,71,Female,California,Entry,2023-04-17,46750.73
3562,Customer 3562,28,Male,Ohio,Mass Affluent,2025-02-04,146327.62
3563,Customer 3563,68,Female,Illinois,Mass Affluent,2022-04-14,124618.42
3564,Customer 3564,58,Other,Georgia,High Value,2024-11-27,131464.94
3565,Customer 3565,73,Other,California,Standard,2022-12-19,246348.24
3566,Customer 3566,32,Female,California,High Value,2023-11-19,177784.81
3567,Customer 3567,69,Male,North Carolina,Standard,2024-11-23,223302.99
3568,Customer 3568,72,Female,Ohio,High Value,2023-01-12,178680.54
3569,Customer 3569,37,Female,Illinois,Standard,2023-05-30,173485.55
3570,Customer 3570,68,Male,New York,High Value,2022-11-25,54508.81
3571,Customer 3571,30,Other,Virginia,Standard,2022-02-01,199345.2
3572,Customer 3572,69,Other,Virginia,High Value,2024-06-13,129165.03
3573,Customer 3573,46,Male,New York,Standard,2025-05-04,171914.28
3574,Customer 3574,68,Male,Virginia,Mass Affluent,2024-10-21,36755.12
3575,Customer 3575,74,Other,North Carolina,Entry,2025-11-12,180718.26
3576,Customer 3576,25,Female,Illinois,High Value,2025-08-06,174112.06
3577,Customer 3577,72,Male,Michigan,Entry,2021-05-05,241709.56
3578,Customer 3578,23,Female,Illinois,Mass Affluent,2025-08-21,37304.03
3579,Customer 3579,71,Male,Illinois,Mass Affluent,2024-05-31,88688.37
3580,Customer 3580,42,Male,Florida,High Value,2022-04-15,37868.06
3581,Customer 3581,65,Other,Texas,High Value,2025-11-03,187334.18
3582,Customer 3582,49,Female,North Carolina,Standard,2023-03-23,143121.49
3583,Customer 3583,74,Female,Illinois,Mass Affluent,2021-05-18,91347.91
3584,Customer 3584,63,Female,Florida,Standard,2022-06-05,124049.44
3585,Customer 3585,55,Male,North Carolina,Standard,2025-08-19,181455.49
3586,Customer 3586,59,Other,New York,Entry,2023-09-01,185006.9
3587,Customer 3587,27,Male,Illinois,Mass Affluent,2024-02-06,171602.87
3588,Customer 3588,30,Other,Virginia,Standard,2021-09-10,222309.36
3589,Customer 3589,45,Other,Michigan,Entry,2025-02-14,247397.84
3590,Customer 3590,53,Male,Michigan,High Value,2023-12-17,97336.51
3591,Customer 3591,51,Other,California,Entry,2022-10-07,53023.91
3592,Customer 3592,49,Other,California,Standard,2025-09-16,112905.28
3593,Customer 3593,72,Male,Michigan,Entry,2021-03-16,186303.97
3594,Customer 3594,38,Male,New York,Mass Affluent,2021-12-25,160326.44
3595,Customer 3595,54,Male,New York,High Value,2021-11-30,63208.53
3596,Customer 3596,62,Other,North Carolina,Entry,2021-08-19,36618.38
3597,Customer 3597,31,Other,New York,Mass Affluent,2025-08-01,143757.84
3598,Customer 3598,24,Other,Michigan,Mass Affluent,2023-11-21,66912.31
3599,Customer 3599,23,Male,Ohio,Mass Affluent,2021-09-06,80604.28
3600,Customer 3600,22,Male,North Carolina,Entry,2021-01-05,131488.01
3601,Customer 3601,28,Male,Ohio,Entry,2023-02-17,187270.51
3602,Customer 3602,21,Other,Texas,Standard,2021-09-07,71657.18
3603,Customer 3603,71,Male,Florida,High Value,2023-02-25,231799.22
3604,Customer 3604,56,Female,Illinois,Mass Affluent,2022-04-27,171053.72
3605,Customer 3605,58,Other,Ohio,Entry,2021-06-24,90799.99
3606,Customer 3606,69,Other,California,Mass Affluent,2025-05-23,99269.6
3607,Customer 3607,58,Female,Texas,High Value,2023-04-17,30802.98
3608,Customer 3608,70,Male,Virginia,Entry,2025-02-10,231519.84
3609,Customer 3609,44,Female,Illinois,Entry,2021-01-08,126257.67
3610,Customer 3610,42,Male,Ohio,Entry,2021-06-02,125227.18
3611,Customer 3611,45,Female,Florida,High Value,2024-09-30,46241.66
3612,Customer 3612,46,Female,Florida,High Value,2024-08-18,185970.93
3613,Customer 3613,74,Male,Florida,High Value,2024-12-12,207707.83
3614,Customer 3614,41,Male,Georgia,Standard,2024-01-15,199933.7
3615,Customer 3615,23,Other,Michigan,High Value,2023-08-20,110802.54
3616,Customer 3616,69,Male,Georgia,Entry,2024-02-25,150611.65
3617,Customer 3617,56,Male,Georgia,Entry,2022-08-26,65047.23
3618,Customer 3618,50,Male,North Carolina,Mass Affluent,2024-05-27,148785.84
3619,Customer 3619,56,Other,Michigan,High Value,2024-02-17,133945.25
3620,Customer 3620,63,Other,Virginia,High Value,2024-10-28,110098.56
3621,Customer 3621,72,Other,Georgia,Mass Affluent,2023-01-30,109864.7
3622,Customer 3622,25,Other,Virginia,Entry,2025-09-25,35142.2
3623,Customer 3623,36,Male,Ohio,High Value,2024-05-02,59194.23
3624,Customer 3624,69,Female,Virginia,Mass Affluent,2024-12-07,113630.89
3625,Customer 3625,26,Other,Ohio,Standard,2022-09-12,235595.35
3626,Customer 3626,71,Female,Illinois,Standard,2021-05-30,142309.29
3627,Customer 3627,50,Female,Virginia,Standard,2021-08-30,185334.59
3628,Customer 3628,68,Male,Virginia,Standard,2024-10-06,114721.25
3629,Customer 3629,71,Male,Texas,Mass Affluent,2022-01-14,91672.79
3630,Customer 3630,66,Other,Georgia,Mass Affluent,2024-05-31,125863.34
3631,Customer 3631,31,Male,Michigan,Entry,2021-12-29,103538.83
3632,Customer 3632,25,Female,Ohio,Standard,2024-04-18,188621.34
3633,Customer 3633,38,Male,Texas,Standard,2023-01-21,179823.36
3634,Customer 3634,52,Male,Illinois,Entry,2023-02-03,201490.5
3635,Customer 3635,21,Other,California,Mass Affluent,2021-09-16,215804.1
3636,Customer 3636,52,Male,Michigan,High Value,2023-01-22,236381.33
3637,Customer 3637,25,Other,Georgia,Mass Affluent,2021-04-12,233574.97
3638,Customer 3638,47,Female,Ohio,Entry,2022-12-02,67768.96
3639,Customer 3639,29,Female,Virginia,Mass Affluent,2025-08-22,140681.71
3640,Customer 3640,60,Female,Florida,High Value,2024-02-21,42850.37
3641,Customer 3641,54,Other,North Carolina,Mass Affluent,2023-09-22,65401.91
3642,Customer 3642,66,Female,New York,High Value,2022-06-21,59974.94
3643,Customer 3643,25,Female,North Carolina,Standard,2023-05-10,31374.34
3644,Customer 3644,24,Female,North Carolina,High Value,2021-05-15,50122.7
3645,Customer 3645,44,Male,Michigan,Mass Affluent,2024-03-22,215644.91
3646,Customer 3646,27,Other,Texas,Standard,2025-07-12,70904.55
3647,Customer 3647,68,Male,Illinois,Mass Affluent,2021-06-15,238340.94
3648,Customer 3648,71,Female,Ohio,Mass Affluent,2025-11-01,73914.11
3649,Customer 3649,50,Male,Georgia,Standard,2021-03-09,179706.79
3650,Customer 3650,51,Female,Texas,Standard,2021-01-10,153590.36
3651,Customer 3651,65,Female,New York,Mass Affluent,2022-11-02,205438.73
3652,Customer 3652,50,Female,Michigan,Mass Affluent,2023-12-05,220344.99
3653,Customer 3653,43,Male,Michigan,Standard,2023-04-25,91386.28
3654,Customer 3654,70,Male,Georgia,High Value,2023-08-26,241053.96
3655,Customer 3655,67,Other,California,Entry,2025-06-13,74480.61
3656,Customer 3656,72,Other,Texas,Mass Affluent,2022-09-29,228373.24
3657,Customer 3657,70,Male,Ohio,Standard,2025-01-25,103103.83
3658,Customer 3658,43,Other,Michigan,Entry,2021-11-11,78791.39
3659,Customer 3659,25,Female,Florida,Mass Affluent,2022-01-11,243580.44
3660,Customer 3660,71,Other,Illinois,Entry,2025-05-24,86327.39
3661,Customer 3661,73,Male,Illinois,Mass Affluent,2025-04-14,122548.91
3662,Customer 3662,46,Female,North Carolina,Entry,2021-05-04,38561.91
3663,Customer 3663,49,Male,Michigan,Mass Affluent,2023-05-30,247739.82
3664,Customer 3664,40,Other,North Carolina,Mass Affluent,2022-05-30,150375.74
3665,Customer 3665,41,Male,Georgia,Standard,2021-12-29,119296.28
3666,Customer 3666,55,Male,Illinois,Standard,2021-10-10,41676.05
3667,Customer 3667,49,Female,Ohio,Entry,2025-07-30,109223.34
3668,Customer 3668,42,Female,Texas,Standard,2024-06-23,241402.61
3669,Customer 3669,34,Other,California,High Value,2021-11-23,160694.66
3670,Customer 3670,42,Female,Texas,High Value,2024-01-13,138544.59
3671,Customer 3671,40,Other,Ohio,High Value,2024-12-04,225686.31
3672,Customer 3672,26,Male,Virginia,Entry,2021-07-24,50846.04
3673,Customer 3673,22,Male,Illinois,Standard,2024-11-07,184915.11
3674,Customer 3674,64,Female,Ohio,Mass Affluent,2023-07-01,67001.82
3675,Customer 3675,46,Other,Michigan,Standard,2021-02-18,232263.0
3676,Customer 3676,73,Female,Texas,Mass Affluent,2022-10-08,249606.4
3677,Customer 3677,63,Male,California,Entry,2021-06-19,228245.72
3678,Customer 3678,71,Other,Illinois,High Value,2025-05-27,32326.65
3679,Customer 3679,47,Other,Ohio,High Value,2025-10-28,100291.66
3680,Customer 3680,34,Other,California,Standard,2022-11-22,242654.73
3681,Customer 3681,64,Other,Michigan,Standard,2024-09-02,126834.0
3682,Customer 3682,42,Male,Virginia,Standard,2024-06-18,39641.7
3683,Customer 3683,52,Male,Virginia,Mass Affluent,2025-09-06,215795.46
3684,Customer 3684,59,Other,Ohio,Standard,2023-08-08,185825.34
3685,Customer 3685,64,Female,Ohio,Mass Affluent,2024-04-23,176613.95
3686,Customer 3686,25,Male,Ohio,Entry,2025-08-26,93326.04
3687,Customer 3687,60,Male,Florida,High Value,2024-10-19,74717.96
3688,Customer 3688,28,Male,Florida,Standard,2024-03-31,57732.43
3689,Customer 3689,34,Female,Ohio,Standard,2021-03-06,44170.08
3690,Customer 3690,40,Other,Michigan,High Value,2024-01-17,240190.59
3691,Customer 3691,42,Other,Michigan,Mass Affluent,2024-09-01,241165.76
3692,Customer 3692,43,Male,Illinois,Standard,2023-01-06,62231.74
3693,Customer 3693,45,Male,Ohio,High Value,2023-01-11,119662.56
3694,Customer 3694,57,Other,Ohio,High Value,2023-09-25,117512.36
3695,Customer 3695,73,Other,Ohio,High Value,2023-05-28,150281.77
3696,Customer 3696,49,Female,Florida,High Value,2025-01-08,201224.66
3697,Customer 3697,51,Other,Florida,Mass Affluent,2022-05-10,187664.42
3698,Customer 3698,63,Male,Michigan,Standard,2022-03-23,97486.49
3699,Customer 3699,44,Male,Ohio,High Value,2024-12-02,116378.71
3700,Customer 3700,45,Male,Illinois,Standard,2023-07-28,31770.99
3701,Customer 3701,61,Female,Ohio,High Value,2021-11-26,138510.66
3702,Customer 3702,41,Female,California,Entry,2023-02-17,70401.88
3703,Customer 3703,50,Other,Florida,Mass Affluent,2021-08-05,158064.85
3704,Customer 3704,32,Other,Michigan,Mass Affluent,2024-07-09,78143.73
3705,Customer 3705,40,Female,Texas,High Value,2022-03-30,33351.34
3706,Customer 3706,23,Other,Ohio,Entry,2025-06-01,214564.66
3707,Customer 3707,43,Male,Ohio,Entry,2021-04-06,142296.08
3708,Customer 3708,21,Male,Texas,High Value,2022-05-13,114485.74
3709,Customer 3709,35,Male,Michigan,High Value,2023-06-29,91949.78
3710,Customer 3710,42,Female,Illinois,Entry,2024-10-21,101121.08
3711,Customer 3711,32,Male,California,Entry,2024-03-04,98570.67
3712,Customer 3712,23,Male,New York,Entry,2023-03-21,177628.02
3713,Customer 3713,72,Male,California,Entry,2022-01-02,111409.68
3714,Customer 3714,32,Male,Florida,Entry,2023-12-03,246326.74
3715,Customer 3715,65,Other,California,High Value,2021-02-20,229612.8
3716,Customer 3716,26,Female,California,Mass Affluent,2021-08-23,187012.74
3717,Customer 3717,21,Male,New York,Entry,2024-02-02,184093.29
3718,Customer 3718,27,Other,Michigan,Mass Affluent,2021-12-11,44855.54
3719,Customer 3719,71,Male,North Carolina,Entry,2023-12-11,189013.67
3720,Customer 3720,44,Other,Texas,Entry,2024-11-06,53411.52
3721,Customer 3721,53,Female,New York,Standard,2021-08-18,103109.46
3722,Customer 3722,26,Other,Michigan,Standard,2024-02-02,155174.51
3723,Customer 3723,65,Female,California,High Value,2023-08-08,113978.34
3724,Customer 3724,23,Other,Ohio,Standard,2023-11-25,231776.93
3725,Customer 3725,55,Other,Michigan,Mass Affluent,2023-09-08,44777.12
3726,Customer 3726,59,Male,North Carolina,Entry,2023-02-08,227827.23
3727,Customer 3727,53,Female,Illinois,Standard,2025-07-04,220571.18
3728,Customer 3728,27,Other,California,Mass Affluent,2024-09-08,188924.14
3729,Customer 3729,31,Male,Ohio,Mass Affluent,2023-09-04,151263.96
3730,Customer 3730,39,Other,California,Mass Affluent,2024-06-13,59759.46
3731,Customer 3731,24,Female,Texas,Standard,2021-11-15,91323.81
3732,Customer 3732,62,Male,California,High Value,2022-07-25,44528.58
3733,Customer 3733,57,Other,New York,High Value,2023-01-08,178087.78
3734,Customer 3734,61,Other,Ohio,Mass Affluent,2025-02-15,37945.45
3735,Customer 3735,24,Female,California,Mass Affluent,2022-03-02,217522.57
3736,Customer 3736,66,Female,Virginia,Standard,2021-09-25,217107.03
3737,Customer 3737,65,Male,New York,Standard,2021-09-18,187927.51
3738,Customer 3738,70,Male,North Carolina,High Value,2021-03-26,121944.31
3739,Customer 3739,47,Female,Georgia,Mass Affluent,2021-04-07,30634.88
3740,Customer 3740,24,Female,Michigan,Mass Affluent,2025-08-17,235678.6
3741,Customer 3741,50,Female,Illinois,Entry,2023-06-21,228680.54
3742,Customer 3742,60,Other,New York,Mass Affluent,2021-07-16,198939.13
3743,Customer 3743,22,Other,California,High Value,2024-11-01,121456.33
3744,Customer 3744,64,Other,Texas,Entry,2025-07-23,95678.35
3745,Customer 3745,59,Male,California,Mass Affluent,2025-11-07,56252.96
3746,Customer 3746,22,Female,New York,Standard,2025-05-28,44713.78
3747,Customer 3747,46,Male,California,High Value,2023-03-04,206320.86
3748,Customer 3748,28,Female,Virginia,High Value,2022-02-20,140239.19
3749,Customer 3749,46,Other,Illinois,Entry,2023-01-22,215115.61
3750,Customer 3750,50,Male,Georgia,Mass Affluent,2023-03-17,184093.77
3751,Customer 3751,26,Other,North Carolina,Entry,2021-11-10,109651.18
3752,Customer 3752,40,Other,Florida,Standard,2021-05-04,96110.68
3753,Customer 3753,49,Female,Georgia,Mass Affluent,2021-03-16,180668.72
3754,Customer 3754,70,Male,New York,Entry,2024-05-23,105633.78
3755,Customer 3755,62,Other,Georgia,Mass Affluent,2022-09-12,129795.37
3756,Customer 3756,75,Male,Georgia,Mass Affluent,2021-09-23,125444.77
3757,Customer 3757,28,Male,Florida,Mass Affluent,2025-09-05,86259.81
3758,Customer 3758,47,Other,California,Standard,2025-05-29,236984.44
3759,Customer 3759,65,Female,Florida,Mass Affluent,2024-02-11,52310.61
3760,Customer 3760,75,Other,Ohio,Entry,2023-11-21,238811.58
3761,Customer 3761,64,Other,Texas,Entry,2024-05-01,62454.16
3762,Customer 3762,67,Female,Texas,Entry,2022-05-07,88007.34
3763,Customer 3763,56,Female,New York,Mass Affluent,2022-02-16,188436.39
3764,Customer 3764,50,Male,Illinois,High Value,2022-07-31,110227.51
3765,Customer 3765,35,Male,Florida,Mass Affluent,2022-04-29,238860.05
3766,Customer 3766,72,Other,New York,High Value,2021-03-13,47310.83
3767,Customer 3767,44,Other,North Carolina,Entry,2025-09-05,119246.91
3768,Customer 3768,67,Female,Illinois,Entry,2023-02-05,201239.64
3769,Customer 3769,65,Other,Florida,Entry,2023-03-11,102781.54
3770,Customer 3770,46,Other,Florida,Standard,2023-07-18,238337.68
3771,Customer 3771,36,Female,Illinois,Entry,2023-01-09,248048.21
3772,Customer 3772,46,Female,Michigan,Entry,2022-07-09,241700.53
3773,Customer 3773,48,Male,Florida,Mass Affluent,2021-05-11,47397.3
3774,Customer 3774,39,Female,Ohio,High Value,2022-12-04,155991.04
3775,Customer 3775,60,Female,North Carolina,High Value,2025-09-14,209248.51
3776,Customer 3776,69,Female,Michigan,Mass Affluent,2022-01-15,101081.23
3777,Customer 3777,57,Female,Georgia,Standard,2023-01-31,215732.69
3778,Customer 3778,28,Male,Ohio,Entry,2022-01-08,221425.46
3779,Customer 3779,29,Male,Illinois,High Value,2022-07-20,88452.92
3780,Customer 3780,28,Female,Ohio,Standard,2023-02-28,173146.33
3781,Customer 3781,33,Male,California,Entry,2024-04-10,209647.16
3782,Customer 3782,70,Female,Florida,Mass Affluent,2022-09-09,188046.75
3783,Customer 3783,49,Other,Georgia,Mass Affluent,2021-04-25,174712.81
3784,Customer 3784,35,Male,Ohio,High Value,2023-07-27,147514.74
3785,Customer 3785,67,Male,Virginia,Standard,2024-11-06,232345.56
3786,Customer 3786,28,Male,Illinois,Entry,2021-10-18,50323.18
3787,Customer 3787,38,Female,California,Mass Affluent,2024-02-15,109804.58
3788,Customer 3788,38,Other,California,Entry,2024-09-09,225619.63
3789,Customer 3789,72,Female,Florida,Standard,2023-11-02,215711.14
3790,Customer 3790,64,Female,Ohio,High Value,2024-08-25,139388.42
3791,Customer 3791,31,Other,Ohio,Entry,2024-08-09,205259.18
3792,Customer 3792,68,Male,New York,Entry,2025-11-28,131815.8
3793,Customer 3793,57,Female,Georgia,Standard,2021-09-28,119482.28
3794,Customer 3794,50,Male,Texas,Standard,2022-02-04,230425.88
3795,Customer 3795,73,Male,Illinois,Mass Affluent,2024-08-15,209007.71
3796,Customer 3796,25,Male,Illinois,Standard,2024-01-05,172796.97
3797,Customer 3797,23,Male,Ohio,Mass Affluent,2024-09-10,136445.89
3798,Customer 3798,32,Other,California,High Value,2024-10-29,98021.53
3799,Customer 3799,50,Other,New York,High Value,2022-10-17,123592.98
3800,Customer 3800,40,Male,Michigan,High Value,2024-05-22,199232.66
3801,Customer 3801,69,Female,North Carolina,High Value,2022-03-22,138762.97
3802,Customer 3802,23,Male,Texas,Mass Affluent,2021-12-03,113178.36
3803,Customer 3803,43,Other,California,Entry,2022-12-10,68722.26
3804,Customer 3804,22,Other,California,Entry,2025-01-16,202500.47
3805,Customer 3805,29,Other,Illinois,Standard,2022-12-06,211994.34
3806,Customer 3806,63,Other,New York,Mass Affluent,2025-10-27,62638.89
3807,Customer 3807,61,Other,Virginia,Mass Affluent,2021-11-05,183848.31
3808,Customer 3808,54,Other,Michigan,Mass Affluent,2022-01-25,30313.32
3809,Customer 3809,75,Female,New York,Standard,2023-01-15,79610.41
3810,Customer 3810,48,Female,Texas,Standard,2022-04-10,243838.43
3811,Customer 3811,46,Male,Ohio,Entry,2023-08-20,40023.57
3812,Customer 3812,45,Other,Virginia,High Value,2022-01-19,198188.07
3813,Customer 3813,31,Male,Georgia,High Value,2025-07-11,51707.46
3814,Customer 3814,28,Male,Georgia,High Value,2023-10-04,107928.57
3815,Customer 3815,73,Other,New York,Mass Affluent,2025-09-28,185339.14
3816,Customer 3816,52,Other,Georgia,Standard,2025-10-26,147509.12
3817,Customer 3817,70,Female,Virginia,Mass Affluent,2022-06-13,101348.61
3818,Customer 3818,37,Male,California,Mass Affluent,2025-03-24,245529.17
3819,Customer 3819,65,Male,California,Mass Affluent,2022-03-20,232321.38
3820,Customer 3820,22,Other,Texas,Standard,2023-11-08,85826.39
3821,Customer 3821,43,Other,Michigan,Mass Affluent,2021-11-12,187818.08
3822,Customer 3822,64,Other,California,Mass Affluent,2024-09-23,191535.54
3823,Customer 3823,46,Male,Georgia,Mass Affluent,2022-12-26,210631.63
3824,Customer 3824,42,Male,Illinois,High Value,2024-06-19,228048.0
3825,Customer 3825,74,Other,Virginia,Mass Affluent,2022-05-12,44667.2
3826,Customer 3826,28,Other,Ohio,Standard,2024-08-19,117300.34
3827,Customer 3827,52,Female,Texas,Mass Affluent,2025-06-13,31388.84
3828,Customer 3828,41,Male,North Carolina,Standard,2024-10-02,199877.45
3829,Customer 3829,56,Female,California,High Value,2024-08-30,225465.3
3830,Customer 3830,35,Female,California,Entry,2021-05-27,175441.66
3831,Customer 3831,71,Female,Georgia,Mass Affluent,2023-11-08,155600.33
3832,Customer 3832,51,Other,Illinois,Entry,2025-01-14,43916.66
3833,Customer 3833,38,Female,Ohio,Standard,2025-02-05,100052.5
3834,Customer 3834,25,Male,Texas,Standard,2024-03-10,49025.15
3835,Customer 3835,38,Male,Texas,Standard,2025-01-15,102588.63
3836,Customer 3836,22,Other,Texas,Entry,2022-07-11,160333.52
3837,Customer 3837,58,Female,Virginia,Entry,2022-03-10,108705.59
3838,Customer 3838,24,Female,Ohio,Mass Affluent,2022-01-14,33995.23
3839,Customer 3839,48,Male,Ohio,High Value,2021-12-12,167004.86
3840,Customer 3840,52,Male,California,High Value,2024-08-28,62927.65
3841,Customer 3841,33,Other,New York,Entry,2021-05-31,229306.13
3842,Customer 3842,46,Female,North Carolina,Entry,2024-06-24,119316.36
3843,Customer 3843,54,Female,New York,High Value,2024-03-05,66294.21
3844,Customer 3844,51,Male,Texas,Mass Affluent,2023-10-02,59007.35
3845,Customer 3845,45,Other,Ohio,Entry,2024-08-28,241011.64
3846,Customer 3846,57,Other,North Carolina,Entry,2024-11-25,172724.64
3847,Customer 3847,43,Male,New York,Standard,2023-05-11,74663.37
3848,Customer 3848,26,Other,Georgia,Standard,2024-05-19,97928.67
3849,Customer 3849,53,Other,Michigan,Standard,2021-03-05,69971.58
3850,Customer 3850,30,Male,California,High Value,2021-09-13,158940.57
3851,Customer 3851,74,Male,Illinois,Entry,2022-12-22,207661.93
3852,Customer 3852,39,Other,Virginia,Standard,2022-07-12,135586.35
3853,Customer 3853,24,Male,California,Entry,2024-12-27,242997.31
3854,Customer 3854,46,Female,Florida,Entry,2023-08-09,139210.6
3855,Customer 3855,57,Female,Michigan,Entry,2022-09-02,233138.59
3856,Customer 3856,47,Male,Georgia,Standard,2021-07-02,123858.69
3857,Customer 3857,37,Female,Ohio,High Value,2021-03-11,119475.33
3858,Customer 3858,41,Other,New York,Entry,2022-12-24,73819.57
3859,Customer 3859,68,Female,Florida,Entry,2024-04-20,165620.91
3860,Customer 3860,49,Male,Texas,Standard,2023-08-10,60217.7
3861,Customer 3861,45,Male,Illinois,Mass Affluent,2024-11-26,40899.98
3862,Customer 3862,58,Female,Ohio,Mass Affluent,2023-01-30,110961.51
3863,Customer 3863,31,Other,California,Entry,2021-08-14,120975.6
3864,Customer 3864,48,Female,New York,High Value,2022-02-27,217731.58
3865,Customer 3865,39,Other,Michigan,Standard,2024-06-11,164579.29
3866,Customer 3866,39,Female,Georgia,Mass Affluent,2022-12-16,95678.16
3867,Customer 3867,69,Female,Florida,Mass Affluent,2022-11-08,97626.14
3868,Customer 3868,71,Male,Florida,High Value,2022-06-12,117014.82
3869,Customer 3869,58,Male,Michigan,Mass Affluent,2024-05-20,213432.35
3870,Customer 3870,37,Female,Michigan,Entry,2025-10-23,92719.55
3871,Customer 3871,38,Female,Florida,High Value,2024-03-23,145681.4
3872,Customer 3872,74,Other,North Carolina,Mass Affluent,2024-10-16,62142.91
3873,Customer 3873,58,Female,North Carolina,Entry,2021-04-08,58226.81
3874,Customer 3874,51,Other,New York,Standard,2025-01-20,51946.97
3875,Customer 3875,27,Male,Michigan,Entry,2021-11-19,58399.53
3876,Customer 3876,32,Male,Virginia,High Value,2024-11-16,135364.64
3877,Customer 3877,75,Other,Illinois,Mass Affluent,2022-09-10,93154.39
3878,Customer 3878,71,Female,Illinois,Standard,2024-12-24,133975.88
3879,Customer 3879,29,Male,Ohio,Mass Affluent,2024-04-14,32235.34
3880,Customer 3880,38,Other,Georgia,Standard,2022-09-11,113930.32
3881,Customer 3881,30,Other,Michigan,Mass Affluent,2021-05-12,154646.18
3882,Customer 3882,22,Male,Illinois,High Value,2025-08-13,59999.29
3883,Customer 3883,34,Other,Virginia,Standard,2021-08-24,218863.77
3884,Customer 3884,43,Other,Michigan,Entry,2025-11-06,71869.21
3885,Customer 3885,42,Other,Virginia,High Value,2024-04-07,152182.99
3886,Customer 3886,72,Male,Michigan,Mass Affluent,2023-06-01,237764.0
3887,Customer 3887,66,Female,North Carolina,Standard,2022-06-19,71613.57
3888,Customer 3888,41,Female,Georgia,Mass Affluent,2024-11-25,48621.25
3889,Customer 3889,55,Other,Illinois,High Value,2022-04-02,224703.96
3890,Customer 3890,32,Male,Georgia,Mass Affluent,2022-08-31,235213.39
3891,Customer 3891,29,Male,New York,Mass Affluent,2025-02-26,98206.02
3892,Customer 3892,32,Female,Georgia,Mass Affluent,2022-08-23,174325.12
3893,Customer 3893,40,Male,Virginia,Entry,2021-02-08,140975.63
3894,Customer 3894,64,Other,Georgia,High Value,2024-11-20,37187.3
3895,Customer 3895,62,Female,California,Standard,2025-06-09,113914.4
3896,Customer 3896,24,Male,Texas,Entry,2024-04-08,126393.92
3897,Customer 3897,25,Female,Florida,Mass Affluent,2022-08-09,248580.34
3898,Customer 3898,34,Female,Ohio,Mass Affluent,2022-09-11,80243.8
3899,Customer 3899,71,Female,Ohio,Mass Affluent,2025-06-14,65637.15
3900,Customer 3900,60,Female,Georgia,Entry,2024-02-20,104434.9
3901,Customer 3901,69,Female,California,Mass Affluent,2023-07-08,74229.21
3902,Customer 3902,30,Other,New York,High Value,2023-12-02,59984.28
3903,Customer 3903,42,Female,Michigan,High Value,2021-10-03,77415.77
3904,Customer 3904,21,Male,Ohio,Mass Affluent,2025-12-03,73399.08
3905,Customer 3905,50,Female,Texas,High Value,2023-04-17,177472.05
3906,Customer 3906,71,Female,Illinois,High Value,2023-05-27,126258.71
3907,Customer 3907,30,Female,Michigan,Standard,2023-05-25,195198.83
3908,Customer 3908,36,Other,Ohio,Mass Affluent,2022-10-08,91158.68
3909,Customer 3909,34,Male,Texas,Mass Affluent,2023-01-29,230251.74
3910,Customer 3910,58,Other,Florida,Entry,2025-02-13,67538.01
3911,Customer 3911,34,Female,California,High Value,2021-03-01,57952.28
3912,Customer 3912,50,Male,Michigan,High Value,2022-08-30,49990.74
3913,Customer 3913,31,Male,California,Standard,2025-01-09,41466.22
3914,Customer 3914,24,Female,Georgia,Standard,2023-02-04,175321.85
3915,Customer 3915,50,Other,Texas,Entry,2024-01-25,171282.48
3916,Customer 3916,52,Female,Florida,Entry,2024-11-16,53291.59
3917,Customer 3917,74,Other,California,Standard,2025-05-31,41010.22
3918,Customer 3918,61,Other,New York,Entry,2023-01-07,63898.96
3919,Customer 3919,51,Other,California,Standard,2024-10-19,141273.63
3920,Customer 3920,32,Male,Illinois,High Value,2021-05-12,206586.18
3921,Customer 3921,71,Other,Illinois,Entry,2024-04-12,116724.64
3922,Customer 3922,39,Other,Florida,Mass Affluent,2023-12-30,238373.95
3923,Customer 3923,36,Other,New York,Entry,2023-09-22,156148.75
3924,Customer 3924,71,Male,Texas,Mass Affluent,2021-06-06,48597.99
3925,Customer 3925,28,Other,Virginia,High Value,2021-04-07,81855.36
3926,Customer 3926,65,Other,Georgia,High Value,2022-12-11,177314.12
3927,Customer 3927,50,Male,Virginia,Standard,2021-06-01,182588.91
3928,Customer 3928,61,Male,Michigan,Mass Affluent,2025-06-23,107554.79
3929,Customer 3929,60,Other,Florida,Standard,2024-04-18,69204.62
3930,Customer 3930,68,Male,Virginia,High Value,2022-10-14,67985.97
3931,Customer 3931,52,Female,Florida,Mass Affluent,2021-10-19,78468.65
3932,Customer 3932,32,Male,Ohio,Standard,2023-07-20,218574.1
3933,Customer 3933,30,Male,Georgia,Mass Affluent,2021-11-03,112914.52
3934,Customer 3934,64,Female,Michigan,Entry,2022-10-19,216999.42
3935,Customer 3935,33,Other,Ohio,Mass Affluent,2022-01-29,74518.47
3936,Customer 3936,39,Female,Virginia,High Value,2022-08-17,97041.32
3937,Customer 3937,54,Female,North Carolina,Standard,2025-09-18,32583.59
3938,Customer 3938,22,Male,Ohio,Standard,2023-08-10,165046.93
3939,Customer 3939,70,Other,Illinois,High Value,2023-02-13,164657.04
3940,Customer 3940,41,Male,Virginia,Entry,2025-11-27,86623.3
3941,Customer 3941,32,Female,Georgia,Mass Affluent,2024-12-08,65190.83
3942,Customer 3942,59,Other,Illinois,Entry,2025-12-03,81297.72
3943,Customer 3943,49,Female,Virginia,Standard,2022-01-14,204853.89
3944,Customer 3944,43,Other,California,High Value,2021-11-24,122039.39
3945,Customer 3945,43,Other,Texas,Mass Affluent,2023-03-29,208094.67
3946,Customer 3946,22,Other,Illinois,Mass Affluent,2021-10-02,63200.06
3947,Customer 3947,28,Male,Illinois,Entry,2022-08-09,78040.59
3948,Customer 3948,58,Female,Illinois,Entry,2021-11-07,81170.11
3949,Customer 3949,50,Other,California,Entry,2022-05-16,67919.3
3950,Customer 3950,67,Female,California,High Value,2024-06-28,124922.18
3951,Customer 3951,42,Other,Florida,High Value,2021-06-05,172187.57
3952,Customer 3952,42,Male,New York,Mass Affluent,2024-02-03,189247.3
3953,Customer 3953,62,Other,Ohio,High Value,2022-04-02,89974.5
3954,Customer 3954,75,Male,California,High Value,2023-12-31,210162.85
3955,Customer 3955,32,Male,Texas,Mass Affluent,2021-06-21,202064.41
3956,Customer 3956,68,Female,North Carolina,High Value,2023-02-02,186470.34
3957,Customer 3957,30,Female,North Carolina,Entry,2024-01-08,147872.8
3958,Customer 3958,40,Male,Texas,High Value,2023-04-03,146784.43
3959,Customer 3959,56,Other,Ohio,Entry,2022-06-21,98046.86
3960,Customer 3960,69,Male,Ohio,High Value,2022-09-18,204814.74
3961,Customer 3961,57,Other,Virginia,Entry,2021-12-30,170421.81
3962,Customer 3962,36,Female,North Carolina,Standard,2023-09-11,200706.44
3963,Customer 3963,61,Female,Florida,Entry,2023-03-06,194765.55
3964,Customer 3964,68,Male,Michigan,Entry,2025-05-07,189328.5
3965,Customer 3965,39,Other,California,High Value,2022-03-22,164313.3
3966,Customer 3966,48,Male,California,High Value,2025-01-04,72527.75
3967,Customer 3967,40,Other,Texas,High Value,2021-02-05,92550.86
3968,Customer 3968,37,Other,New York,High Value,2024-06-06,91908.99
3969,Customer 3969,53,Other,Texas,High Value,2023-09-22,133633.08
3970,Customer 3970,49,Male,Georgia,Standard,2024-06-13,156580.81
3971,Customer 3971,27,Other,California,Mass Affluent,2023-12-15,54396.61
3972,Customer 3972,22,Male,New York,Entry,2024-01-31,122894.63
3973,Customer 3973,68,Other,California,High Value,2021-02-12,43725.35
3974,Customer 3974,33,Other,California,Standard,2022-12-14,72546.19
3975,Customer 3975,33,Male,Ohio,Standard,2023-03-23,168997.83
3976,Customer 3976,72,Male,Florida,Mass Affluent,2022-10-31,224985.1
3977,Customer 3977,56,Other,Ohio,Standard,2022-04-27,151693.16
3978,Customer 3978,47,Other,California,High Value,2021-11-28,43121.09
3979,Customer 3979,55,Other,Georgia,Mass Affluent,2023-03-27,210979.69
3980,Customer 3980,48,Male,New York,Mass Affluent,2025-03-29,215644.02
3981,Customer 3981,53,Other,Georgia,Mass Affluent,2022-02-28,77187.83
3982,Customer 3982,47,Other,Texas,Standard,2023-09-18,169699.94
3983,Customer 3983,55,Female,California,Entry,2024-07-16,130072.68
3984,Customer 3984,48,Other,Florida,High Value,2022-05-23,30180.51
3985,Customer 3985,33,Male,North Carolina,Mass Affluent,2021-06-02,74247.52
3986,Customer 3986,66,Other,California,High Value,2022-04-08,178065.92
3987,Customer 3987,53,Other,New York,Standard,2025-10-06,227496.53
3988,Customer 3988,68,Other,Texas,Entry,2023-08-03,101580.7
3989,Customer 3989,68,Other,Ohio,Entry,2025-04-15,239586.87
3990,Customer 3990,52,Female,Texas,High Value,2023-09-15,122948.23
3991,Customer 3991,67,Female,Michigan,Mass Affluent,2024-07-12,31380.27
3992,Customer 3992,54,Male,Florida,Mass Affluent,2024-01-08,199471.4
3993,Customer 3993,29,Female,Michigan,Entry,2024-06-26,240434.95
3994,Customer 3994,50,Other,Texas,Standard,2021-08-28,243386.14
3995,Customer 3995,58,Other,New York,Standard,2023-05-09,106987.57
3996,Customer 3996,32,Other,Ohio,Mass Affluent,2023-10-16,184328.94
3997,Customer 3997,44,Other,Georgia,Entry,2023-02-11,198018.26
3998,Customer 3998,43,Other,Texas,Mass Affluent,2024-06-06,101208.01
3999,Customer 3999,40,Other,North Carolina,Mass Affluent,2022-02-23,105554.29
4000,Customer 4000,59,Female,Georgia,High Value,2022-04-03,198079.18
4001,Customer 4001,40,Male,Michigan,High Value,2025-02-20,127911.4
4002,Customer 4002,51,Male,Michigan,Entry,2024-07-08,123071.3
4003,Customer 4003,25,Female,Michigan,Entry,2022-09-16,136574.87
4004,Customer 4004,21,Other,Michigan,Entry,2024-02-26,97538.58
4005,Customer 4005,52,Female,North Carolina,Standard,2024-10-24,180828.46
4006,Customer 4006,57,Female,Georgia,Standard,2025-10-09,46558.95
4007,Customer 4007,33,Other,North Carolina,Standard,2023-11-09,54759.8
4008,Customer 4008,36,Female,Virginia,Standard,2023-08-05,75376.73
4009,Customer 4009,58,Other,North Carolina,High Value,2025-02-10,249393.13
4010,Customer 4010,70,Other,North Carolina,High Value,2022-08-23,88348.64
4011,Customer 4011,21,Other,California,Entry,2022-10-10,222684.42
4012,Customer 4012,31,Male,Ohio,Mass Affluent,2022-11-01,117663.75
4013,Customer 4013,23,Female,Georgia,Standard,2023-07-29,151632.93
4014,Customer 4014,22,Other,California,Standard,2021-05-06,147621.08
4015,Customer 4015,43,Other,Texas,Mass Affluent,2022-06-02,30119.85
4016,Customer 4016,55,Other,North Carolina,Mass Affluent,2025-12-02,222485.49
4017,Customer 4017,23,Female,Virginia,Standard,2025-07-06,176686.6
4018,Customer 4018,56,Male,Michigan,Entry,2024-01-13,87620.53
4019,Customer 4019,68,Male,North Carolina,Standard,2025-10-17,121518.69
4020,Customer 4020,36,Male,California,Entry,2025-11-08,203426.61
4021,Customer 4021,24,Male,New York,High Value,2021-01-27,179524.55
4022,Customer 4022,45,Other,Georgia,High Value,2025-01-14,160278.25
4023,Customer 4023,70,Other,Illinois,Mass Affluent,2025-11-16,33803.23
4024,Customer 4024,45,Female,Texas,Standard,2023-01-03,198795.91
4025,Customer 4025,73,Female,North Carolina,Standard,2022-01-28,125038.51
4026,Customer 4026,24,Other,Virginia,High Value,2024-03-12,173798.09
4027,Customer 4027,51,Male,Georgia,High Value,2023-12-24,36870.6
4028,Customer 4028,69,Male,Georgia,Standard,2024-07-16,225482.23
4029,Customer 4029,24,Male,Florida,Standard,2021-09-09,96663.54
4030,Customer 4030,29,Other,Michigan,High Value,2022-06-01,116546.83
4031,Customer 4031,63,Female,Georgia,Entry,2022-07-16,210070.05
4032,Customer 4032,31,Female,Ohio,Entry,2023-02-06,61187.94
4033,Customer 4033,29,Male,Illinois,Standard,2025-05-13,164482.0
4034,Customer 4034,51,Male,Illinois,Entry,2023-06-13,198986.05
4035,Customer 4035,75,Male,Texas,High Value,2022-01-13,102992.75
4036,Customer 4036,61,Other,Florida,Entry,2022-03-18,204488.2
4037,Customer 4037,52,Female,Virginia,Entry,2022-06-14,96786.28
4038,Customer 4038,64,Female,Illinois,Mass Affluent,2022-08-14,162172.1
4039,Customer 4039,31,Male,New York,Mass Affluent,2022-10-31,98758.76
4040,Customer 4040,74,Male,California,Standard,2023-09-29,103263.73
4041,Customer 4041,34,Male,California,High Value,2022-12-14,30731.35
4042,Customer 4042,46,Male,California,High Value,2022-05-26,234714.02
4043,Customer 4043,66,Female,New York,Mass Affluent,2021-05-20,169327.61
4044,Customer 4044,52,Male,Georgia,Standard,2023-08-07,147935.78
4045,Customer 4045,67,Male,Michigan,Standard,2024-01-23,152250.71
4046,Customer 4046,64,Female,North Carolina,Standard,2024-12-29,67613.22
4047,Customer 4047,63,Female,California,Standard,2024-04-11,60787.48
4048,Customer 4048,41,Male,Georgia,High Value,2025-10-26,245049.64
4049,Customer 4049,52,Female,Michigan,High Value,2022-11-03,128697.87
4050,Customer 4050,42,Male,North Carolina,High Value,2021-04-23,109920.02
4051,Customer 4051,26,Female,Virginia,Entry,2024-05-12,97596.39
4052,Customer 4052,35,Female,New York,Standard,2023-08-24,199923.0
4053,Customer 4053,49,Other,Florida,High Value,2022-09-02,213318.7
4054,Customer 4054,50,Male,Illinois,Standard,2025-09-25,184512.12
4055,Customer 4055,50,Male,Florida,Standard,2024-03-15,216429.18
4056,Customer 4056,34,Male,Illinois,Mass Affluent,2024-05-20,137432.69
4057,Customer 4057,22,Male,New York,High Value,2023-12-31,146567.25
4058,Customer 4058,26,Male,New York,Mass Affluent,2023-05-13,211609.62
4059,Customer 4059,59,Male,Georgia,High Value,2023-12-04,142855.57
4060,Customer 4060,55,Male,North Carolina,High Value,2023-11-03,107577.8
4061,Customer 4061,51,Other,Virginia,Mass Affluent,2021-12-23,32121.39
4062,Customer 4062,56,Female,California,Standard,2025-08-22,180539.67
4063,Customer 4063,32,Male,Virginia,Standard,2022-10-04,119890.61
4064,Customer 4064,63,Male,Illinois,Mass Affluent,2025-08-31,136178.8
4065,Customer 4065,71,Other,Ohio,High Value,2025-07-09,142614.49
4066,Customer 4066,27,Female,Georgia,Entry,2025-11-04,71358.14
4067,Customer 4067,45,Female,Texas,Entry,2022-07-26,127392.48
4068,Customer 4068,31,Other,Georgia,High Value,2023-02-15,247126.12
4069,Customer 4069,34,Female,California,Standard,2022-04-05,225504.94
4070,Customer 4070,71,Female,Florida,Standard,2024-07-12,41584.82
4071,Customer 4071,57,Other,Ohio,High Value,2024-04-18,54676.42
4072,Customer 4072,59,Other,Illinois,Entry,2023-12-27,80132.51
4073,Customer 4073,55,Male,Illinois,Mass Affluent,2021-02-04,50943.93
4074,Customer 4074,55,Other,Georgia,Standard,2021-06-24,229012.46
4075,Customer 4075,62,Female,Georgia,Standard,2021-12-15,191946.96
4076,Customer 4076,70,Other,Florida,Entry,2023-11-20,158224.56
4077,Customer 4077,31,Other,Illinois,Entry,2023-06-17,102290.55
4078,Customer 4078,57,Female,North Carolina,Mass Affluent,2024-12-25,237998.53
4079,Customer 4079,28,Other,Ohio,Mass Affluent,2025-02-28,61561.03
4080,Customer 4080,68,Other,Virginia,High Value,2023-06-23,210400.37
4081,Customer 4081,54,Other,New York,Entry,2022-09-05,227717.01
4082,Customer 4082,21,Female,Michigan,Standard,2023-08-05,231498.9
4083,Customer 4083,42,Male,Florida,Mass Affluent,2022-06-22,123599.89
4084,Customer 4084,31,Other,Georgia,High Value,2025-04-07,48260.04
4085,Customer 4085,34,Other,Ohio,Mass Affluent,2025-01-27,146195.89
4086,Customer 4086,69,Female,North Carolina,High Value,2022-12-01,200579.35
4087,Customer 4087,36,Other,Virginia,High Value,2024-03-29,90522.49
4088,Customer 4088,57,Male,Ohio,Mass Affluent,2022-11-21,213346.79
4089,Customer 4089,50,Other,Ohio,Standard,2023-07-01,99437.04
4090,Customer 4090,48,Female,Michigan,Mass Affluent,2024-02-22,78622.46
4091,Customer 4091,44,Male,Illinois,High Value,2025-06-05,195999.72
4092,Customer 4092,68,Male,Illinois,Mass Affluent,2023-08-10,57838.04
4093,Customer 4093,22,Other,Texas,High Value,2023-03-20,156648.12
4094,Customer 4094,58,Male,Ohio,Mass Affluent,2025-06-01,240875.71
4095,Customer 4095,29,Other,Virginia,Standard,2023-12-27,59568.24
4096,Customer 4096,41,Female,Texas,Mass Affluent,2025-11-09,189171.53
4097,Customer 4097,57,Male,North Carolina,Standard,2021-03-28,211797.39
4098,Customer 4098,27,Other,Texas,High Value,2025-06-22,92349.55
4099,Customer 4099,29,Female,New York,Entry,2021-05-05,75448.5
4100,Customer 4100,42,Other,North Carolina,Entry,2021-05-23,75241.15
4101,Customer 4101,46,Male,Virginia,High Value,2025-04-01,77747.25
4102,Customer 4102,53,Other,Michigan,Entry,2022-12-16,155036.99
4103,Customer 4103,43,Male,Michigan,High Value,2022-03-05,184949.19
4104,Customer 4104,42,Other,Illinois,Entry,2024-07-07,49876.47
4105,Customer 4105,39,Female,New York,High Value,2024-07-20,173145.54
4106,Customer 4106,45,Female,New York,Entry,2025-10-29,154981.96
4107,Customer 4107,43,Male,Texas,Entry,2023-01-02,93839.01
4108,Customer 4108,64,Other,Ohio,Mass Affluent,2023-03-16,214430.22
4109,Customer 4109,51,Female,California,Entry,2022-05-07,36198.07
4110,Customer 4110,55,Other,Georgia,Entry,2021-11-21,120169.03
4111,Customer 4111,36,Female,California,High Value,2022-12-04,113096.42
4112,Customer 4112,37,Male,Georgia,High Value,2022-06-07,37691.62
4113,Customer 4113,60,Other,Virginia,Standard,2021-08-03,169613.32
4114,Customer 4114,42,Other,Florida,Entry,2022-02-24,212211.81
4115,Customer 4115,44,Male,Ohio,Mass Affluent,2021-03-29,177241.34
4116,Customer 4116,21,Male,Virginia,Mass Affluent,2024-01-25,31819.96
4117,Customer 4117,52,Female,New York,Entry,2021-10-20,59550.6
4118,Customer 4118,53,Male,Florida,Standard,2025-10-22,178815.09
4119,Customer 4119,28,Other,Michigan,Mass Affluent,2023-07-18,160235.09
4120,Customer 4120,34,Male,Michigan,Entry,2025-06-15,156529.19
4121,Customer 4121,47,Female,Georgia,Standard,2021-04-02,182937.96
4122,Customer 4122,63,Other,Ohio,Mass Affluent,2025-10-29,68089.31
4123,Customer 4123,69,Female,Michigan,Entry,2024-01-04,198357.37
4124,Customer 4124,41,Female,Texas,Mass Affluent,2025-11-20,212854.79
4125,Customer 4125,42,Other,Virginia,Mass Affluent,2025-04-20,216088.83
4126,Customer 4126,50,Female,New York,High Value,2021-09-10,171196.77
4127,Customer 4127,72,Other,North Carolina,High Value,2023-05-21,203543.96
4128,Customer 4128,45,Female,Ohio,Mass Affluent,2025-04-01,97114.71
4129,Customer 4129,58,Other,North Carolina,High Value,2022-03-03,141596.57
4130,Customer 4130,56,Female,Virginia,Standard,2022-02-25,241596.13
4131,Customer 4131,67,Male,New York,Entry,2022-04-01,92472.23
4132,Customer 4132,49,Male,Florida,High Value,2023-08-31,81160.6
4133,Customer 4133,59,Male,Michigan,High Value,2021-01-18,237257.5
4134,Customer 4134,33,Other,Georgia,High Value,2022-12-16,70983.74
4135,Customer 4135,46,Male,Illinois,Standard,2021-09-19,203255.35
4136,Customer 4136,37,Male,California,Mass Affluent,2021-03-22,226776.51
4137,Customer 4137,23,Other,Illinois,Entry,2024-06-05,131601.56
4138,Customer 4138,38,Female,Texas,High Value,2021-01-15,42451.36
4139,Customer 4139,52,Other,Michigan,Standard,2024-11-14,51935.05
4140,Customer 4140,31,Female,Illinois,Mass Affluent,2022-03-17,214841.51
4141,Customer 4141,25,Male,Michigan,Entry,2024-08-10,187209.14
4142,Customer 4142,27,Other,California,Mass Affluent,2022-09-26,195143.63
4143,Customer 4143,50,Male,Michigan,Entry,2024-01-20,63225.14
4144,Customer 4144,37,Other,Georgia,Mass Affluent,2023-03-10,70333.09
4145,Customer 4145,26,Female,Florida,Mass Affluent,2023-02-04,70814.88
4146,Customer 4146,37,Other,New York,Mass Affluent,2021-01-29,122227.52
4147,Customer 4147,55,Other,Ohio,High Value,2021-08-09,72332.16
4148,Customer 4148,54,Female,Texas,Entry,2023-02-23,77324.69
4149,Customer 4149,21,Male,North Carolina,Entry,2023-08-31,128703.18
4150,Customer 4150,31,Male,California,High Value,2024-08-29,36995.46
4151,Customer 4151,70,Male,Georgia,Entry,2022-11-18,188717.17
4152,Customer 4152,57,Female,New York,Entry,2021-05-24,240855.96
4153,Customer 4153,22,Male,Illinois,Entry,2024-04-09,134675.14
4154,Customer 4154,22,Male,Texas,Entry,2022-10-04,83546.9
4155,Customer 4155,72,Other,Ohio,High Value,2022-11-15,205676.61
4156,Customer 4156,60,Female,Texas,Mass Affluent,2022-03-19,195579.75
4157,Customer 4157,62,Female,California,Mass Affluent,2021-03-12,50575.32
4158,Customer 4158,55,Female,Michigan,High Value,2022-02-23,193513.77
4159,Customer 4159,25,Other,Georgia,Entry,2023-08-26,61357.71
4160,Customer 4160,22,Female,Illinois,Standard,2021-09-03,193565.93
4161,Customer 4161,28,Female,Texas,Mass Affluent,2025-06-11,150374.68
4162,Customer 4162,51,Male,Virginia,Standard,2021-05-21,97406.52
4163,Customer 4163,24,Male,New York,Standard,2023-04-14,94489.87
4164,Customer 4164,29,Male,Illinois,Mass Affluent,2025-05-30,50425.45
4165,Customer 4165,21,Male,Illinois,Mass Affluent,2023-03-25,77228.24
4166,Customer 4166,38,Male,California,High Value,2024-04-18,158335.03
4167,Customer 4167,68,Female,Virginia,Mass Affluent,2022-09-17,112682.08
4168,Customer 4168,34,Other,California,Entry,2021-02-16,171141.62
4169,Customer 4169,41,Male,New York,Mass Affluent,2022-12-25,133471.45
4170,Customer 4170,62,Female,Michigan,Standard,2021-06-11,188444.02
4171,Customer 4171,64,Male,Florida,Standard,2021-02-19,211975.47
4172,Customer 4172,58,Other,Illinois,High Value,2023-01-06,114098.28
4173,Customer 4173,27,Male,Michigan,High Value,2021-09-27,100327.21
4174,Customer 4174,58,Male,California,Entry,2024-01-05,148908.37
4175,Customer 4175,69,Other,Florida,Entry,2023-04-09,86165.84
4176,Customer 4176,48,Other,Georgia,Mass Affluent,2024-02-13,77056.66
4177,Customer 4177,24,Male,North Carolina,Standard,2023-02-16,98631.54
4178,Customer 4178,22,Other,New York,Entry,2022-06-15,210590.16
4179,Customer 4179,26,Other,Texas,High Value,2024-02-16,137953.05
4180,Customer 4180,75,Other,California,High Value,2024-06-23,126180.31
4181,Customer 4181,24,Female,Michigan,Mass Affluent,2021-03-31,116468.39
4182,Customer 4182,61,Male,New York,Standard,2025-02-04,245522.43
4183,Customer 4183,55,Female,North Carolina,Entry,2022-07-25,89492.18
4184,Customer 4184,53,Male,Texas,Mass Affluent,2021-03-22,156298.54
4185,Customer 4185,47,Female,Florida,Entry,2023-12-17,71248.16
4186,Customer 4186,75,Male,California,High Value,2025-01-03,249531.64
4187,Customer 4187,68,Other,Virginia,Mass Affluent,2022-02-13,220568.38
4188,Customer 4188,42,Male,New York,Mass Affluent,2023-01-06,30435.23
4189,Customer 4189,22,Other,North Carolina,Entry,2021-02-12,84706.7
4190,Customer 4190,68,Other,Georgia,Entry,2022-08-21,82639.99
4191,Customer 4191,60,Male,Ohio,High Value,2021-08-16,56689.98
4192,Customer 4192,46,Male,Ohio,High Value,2021-09-01,114586.28
4193,Customer 4193,68,Other,California,Mass Affluent,2025-03-23,60550.02
4194,Customer 4194,33,Female,Michigan,Entry,2023-10-10,192802.78
4195,Customer 4195,23,Female,Ohio,Standard,2024-06-19,96044.35
4196,Customer 4196,26,Other,Georgia,Entry,2025-09-22,249994.49
4197,Customer 4197,36,Male,Ohio,High Value,2023-03-07,232699.06
4198,Customer 4198,74,Other,North Carolina,Standard,2025-07-30,180545.32
4199,Customer 4199,48,Male,Texas,Mass Affluent,2022-05-26,239680.3
4200,Customer 4200,27,Other,Texas,Standard,2021-06-18,50342.72
4201,Customer 4201,56,Other,Illinois,Standard,2024-05-22,102539.74
4202,Customer 4202,69,Other,Florida,Mass Affluent,2021-10-17,244011.25
4203,Customer 4203,61,Female,Ohio,High Value,2022-01-23,109864.14
4204,Customer 4204,69,Male,Florida,Entry,2022-10-26,120445.48
4205,Customer 4205,41,Female,Michigan,Standard,2023-07-04,92344.38
4206,Customer 4206,38,Female,Georgia,Entry,2024-12-12,62619.37
4207,Customer 4207,27,Male,North Carolina,Mass Affluent,2021-04-20,88739.24
4208,Customer 4208,67,Male,California,High Value,2024-08-11,181518.03
4209,Customer 4209,29,Other,New York,Entry,2021-11-08,161221.97
4210,Customer 4210,39,Male,California,Entry,2025-04-20,60962.45
4211,Customer 4211,43,Other,Texas,Entry,2023-12-24,87657.59
4212,Customer 4212,29,Female,New York,Standard,2022-10-28,170178.17
4213,Customer 4213,47,Female,California,Mass Affluent,2022-01-30,105776.98
4214,Customer 4214,22,Male,Florida,High Value,2023-07-20,65083.48
4215,Customer 4215,70,Other,California,Standard,2021-07-13,53580.23
4216,Customer 4216,64,Female,Texas,Mass Affluent,2021-08-26,202986.39
4217,Customer 4217,43,Other,Ohio,Standard,2022-11-02,176422.9
4218,Customer 4218,28,Male,Ohio,Entry,2023-03-26,162355.31
4219,Customer 4219,24,Female,Georgia,Entry,2022-03-25,35176.96
4220,Customer 4220,29,Other,New York,Mass Affluent,2021-06-24,130821.87
4221,Customer 4221,26,Other,California,Mass Affluent,2021-03-02,246394.02
4222,Customer 4222,57,Other,Georgia,High Value,2021-09-18,107186.45
4223,Customer 4223,22,Other,Florida,Standard,2021-09-14,32536.24
4224,Customer 4224,48,Female,Illinois,Mass Affluent,2025-02-15,240258.46
4225,Customer 4225,67,Female,Florida,Entry,2025-04-30,189589.34
4226,Customer 4226,40,Other,California,Mass Affluent,2025-11-28,245263.27
4227,Customer 4227,35,Other,Florida,Entry,2023-05-09,211547.83
4228,Customer 4228,27,Other,Texas,Standard,2021-02-21,82051.52
4229,Customer 4229,52,Other,New York,Standard,2023-01-20,138199.98
4230,Customer 4230,37,Male,Illinois,Entry,2021-11-01,48276.31
4231,Customer 4231,55,Male,California,Standard,2023-04-20,196509.71
4232,Customer 4232,64,Male,Virginia,Mass Affluent,2025-03-15,116733.04
4233,Customer 4233,53,Female,Georgia,Entry,2021-01-08,235688.43
4234,Customer 4234,71,Female,California,Mass Affluent,2024-12-02,90733.63
4235,Customer 4235,60,Female,Georgia,Entry,2021-06-06,142340.08
4236,Customer 4236,38,Other,Florida,Entry,2025-09-26,132757.94
4237,Customer 4237,63,Male,Michigan,High Value,2021-06-14,170604.63
4238,Customer 4238,21,Male,Georgia,High Value,2023-01-11,207380.8
4239,Customer 4239,53,Other,Virginia,Standard,2022-09-14,244181.95
4240,Customer 4240,36,Female,Florida,Mass Affluent,2021-09-15,97671.9
4241,Customer 4241,67,Female,Georgia,Mass Affluent,2022-09-22,238444.34
4242,Customer 4242,26,Female,Georgia,Standard,2021-11-05,163012.27
4243,Customer 4243,43,Male,Illinois,Standard,2025-03-19,156463.05
4244,Customer 4244,22,Female,Florida,Standard,2021-12-19,171419.98
4245,Customer 4245,70,Male,Texas,Entry,2021-06-30,200304.21
4246,Customer 4246,56,Male,North Carolina,Mass Affluent,2024-01-25,131991.85
4247,Customer 4247,75,Other,Georgia,Mass Affluent,2021-01-06,97479.06
4248,Customer 4248,64,Other,Florida,Mass Affluent,2022-11-22,189283.44
4249,Customer 4249,54,Female,Michigan,Entry,2023-12-18,148104.88
4250,Customer 4250,46,Female,Ohio,Standard,2023-04-10,216283.29
4251,Customer 4251,27,Male,California,High Value,2025-07-31,65419.53
4252,Customer 4252,44,Female,New York,Standard,2025-12-04,48097.58
4253,Customer 4253,32,Male,Ohio,High Value,2025-01-27,185811.28
4254,Customer 4254,40,Other,North Carolina,Entry,2021-04-15,30922.08
4255,Customer 4255,52,Male,Texas,Entry,2022-05-06,41631.7
4256,Customer 4256,33,Male,Ohio,Mass Affluent,2021-04-30,53107.61
4257,Customer 4257,56,Other,Michigan,High Value,2023-07-04,47640.02
4258,Customer 4258,38,Male,Ohio,Mass Affluent,2025-07-12,95519.09
4259,Customer 4259,73,Male,New York,High Value,2023-08-31,195046.74
4260,Customer 4260,68,Male,Michigan,Entry,2023-10-14,197624.07
4261,Customer 4261,47,Male,Texas,Entry,2024-02-11,224503.34
4262,Customer 4262,69,Female,Michigan,High Value,2021-11-15,188786.88
4263,Customer 4263,27,Other,Florida,Entry,2022-06-14,210724.63
4264,Customer 4264,44,Male,Texas,High Value,2022-11-05,75327.27
4265,Customer 4265,42,Male,Illinois,Mass Affluent,2023-06-16,185357.14
4266,Customer 4266,51,Male,North Carolina,Entry,2021-02-16,144968.97
4267,Customer 4267,51,Male,Virginia,High Value,2021-01-08,187312.95
4268,Customer 4268,28,Female,Texas,Entry,2023-08-17,36047.88
4269,Customer 4269,53,Male,Michigan,Entry,2024-11-14,244708.55
4270,Customer 4270,29,Male,Michigan,Entry,2021-11-13,85289.13
4271,Customer 4271,70,Male,North Carolina,Mass Affluent,2023-10-02,136736.23
4272,Customer 4272,35,Male,Virginia,Entry,2025-09-12,153124.8
4273,Customer 4273,21,Male,Florida,High Value,2021-08-06,178222.01
4274,Customer 4274,56,Female,Illinois,Entry,2025-01-07,220768.95
4275,Customer 4275,23,Male,California,Standard,2023-10-23,177208.53
4276,Customer 4276,33,Male,New York,Entry,2022-08-24,242081.93
4277,Customer 4277,73,Male,Georgia,High Value,2021-11-29,203655.24
4278,Customer 4278,59,Other,Georgia,Standard,2023-02-27,216321.51
4279,Customer 4279,46,Other,Virginia,High Value,2022-06-16,115565.38
4280,Customer 4280,64,Other,Illinois,High Value,2023-06-26,126124.75
4281,Customer 4281,28,Male,Michigan,Standard,2024-11-14,183335.92
4282,Customer 4282,30,Male,Illinois,High Value,2025-12-03,191875.97
4283,Customer 4283,47,Female,California,Entry,2025-09-14,45993.92
4284,Customer 4284,21,Male,New York,Standard,2023-09-11,40212.55
4285,Customer 4285,62,Other,Florida,Mass Affluent,2025-07-24,92055.25
4286,Customer 4286,65,Other,Texas,Mass Affluent,2022-03-10,157135.21
4287,Customer 4287,55,Female,North Carolina,High Value,2022-08-14,78485.94
4288,Customer 4288,40,Male,Georgia,High Value,2021-01-21,209090.43
4289,Customer 4289,75,Male,Ohio,Mass Affluent,2022-10-10,52205.48
4290,Customer 4290,45,Female,Illinois,Entry,2021-05-26,183622.9
4291,Customer 4291,66,Male,New York,Standard,2023-04-08,81187.96
4292,Customer 4292,26,Male,Ohio,Standard,2024-02-01,33756.72
4293,Customer 4293,69,Female,Virginia,Entry,2021-08-31,87106.87
4294,Customer 4294,52,Other,Michigan,Entry,2021-11-15,218215.0
4295,Customer 4295,41,Female,New York,Standard,2021-09-08,100609.36
4296,Customer 4296,28,Male,North Carolina,High Value,2025-04-16,229283.22
4297,Customer 4297,42,Male,California,Mass Affluent,2023-10-07,160300.57
4298,Customer 4298,57,Female,North Carolina,High Value,2025-04-16,105100.56
4299,Customer 4299,30,Female,Ohio,Entry,2022-06-16,65370.75
4300,Customer 4300,45,Male,California,Standard,2025-02-12,203088.94
4301,Customer 4301,69,Other,Illinois,Standard,2023-06-11,123027.33
4302,Customer 4302,50,Male,Ohio,Standard,2023-08-06,44224.73
4303,Customer 4303,22,Female,New York,High Value,2021-07-28,211920.21
4304,Customer 4304,28,Female,Georgia,Standard,2023-08-08,196033.71
4305,Customer 4305,55,Other,New York,Entry,2023-09-12,176207.48
4306,Customer 4306,34,Male,Virginia,Standard,2021-05-06,97517.04
4307,Customer 4307,54,Male,California,Entry,2022-04-13,95231.51
4308,Customer 4308,74,Female,North Carolina,Standard,2021-05-30,185249.12
4309,Customer 4309,32,Female,Ohio,Mass Affluent,2024-10-07,153776.95
4310,Customer 4310,37,Female,North Carolina,Entry,2022-11-12,245878.34
4311,Customer 4311,32,Other,North Carolina,Standard,2023-07-13,249346.97
4312,Customer 4312,47,Female,Florida,Mass Affluent,2023-07-08,32262.83
4313,Customer 4313,45,Other,New York,Mass Affluent,2024-08-29,135211.66
4314,Customer 4314,74,Other,New York,Standard,2021-05-19,75814.08
4315,Customer 4315,46,Female,Georgia,Mass Affluent,2024-01-29,108789.6
4316,Customer 4316,34,Other,Georgia,Entry,2021-09-14,163623.92
4317,Customer 4317,63,Other,Ohio,Standard,2023-04-13,143742.74
4318,Customer 4318,46,Other,New York,Mass Affluent,2023-12-08,42657.56
4319,Customer 4319,70,Female,New York,Standard,2022-11-17,31325.82
4320,Customer 4320,22,Other,North Carolina,Mass Affluent,2025-06-03,134338.38
4321,Customer 4321,47,Other,Texas,Standard,2024-03-29,161159.86
4322,Customer 4322,48,Female,Ohio,Standard,2023-07-10,72207.45
4323,Customer 4323,68,Female,Georgia,Entry,2024-09-05,42710.06
4324,Customer 4324,53,Other,Virginia,Entry,2023-08-29,186349.59
4325,Customer 4325,37,Male,Georgia,High Value,2022-12-07,159073.24
4326,Customer 4326,22,Male,North Carolina,Standard,2025-11-02,62375.77
4327,Customer 4327,51,Male,Georgia,Mass Affluent,2022-01-06,130197.17
4328,Customer 4328,32,Male,California,Mass Affluent,2022-02-27,237612.45
4329,Customer 4329,51,Male,Texas,High Value,2021-10-29,213901.65
4330,Customer 4330,44,Other,Virginia,Entry,2025-08-28,163484.4
4331,Customer 4331,27,Female,California,High Value,2023-10-05,201476.32
4332,Customer 4332,60,Other,Illinois,High Value,2021-11-19,93569.03
4333,Customer 4333,56,Female,Michigan,Mass Affluent,2025-09-11,37124.03
4334,Customer 4334,27,Female,Michigan,High Value,2021-12-26,75612.68
4335,Customer 4335,72,Male,California,High Value,2025-10-21,227667.53
4336,Customer 4336,47,Other,North Carolina,High Value,2025-03-10,51044.18
4337,Customer 4337,32,Other,Georgia,Standard,2022-06-30,139000.24
4338,Customer 4338,24,Female,North Carolina,High Value,2021-06-08,221037.34
4339,Customer 4339,50,Male,New York,High Value,2023-07-12,118013.66
4340,Customer 4340,49,Male,Illinois,High Value,2022-02-02,237099.71
4341,Customer 4341,58,Male,New York,Mass Affluent,2022-08-20,120919.14
4342,Customer 4342,32,Female,Florida,Entry,2023-07-29,157065.86
4343,Customer 4343,28,Female,California,Standard,2025-10-13,202154.34
4344,Customer 4344,36,Other,Ohio,Mass Affluent,2023-06-07,240738.6
4345,Customer 4345,68,Female,Illinois,Standard,2021-03-08,43390.43
4346,Customer 4346,60,Other,Michigan,Standard,2022-12-18,53919.66
4347,Customer 4347,35,Other,Michigan,Mass Affluent,2024-05-21,57988.52
4348,Customer 4348,31,Female,California,High Value,2024-12-06,65214.37
4349,Customer 4349,28,Female,New York,Standard,2024-03-18,173487.83
4350,Customer 4350,70,Other,Georgia,High Value,2022-09-04,57596.5
4351,Customer 4351,66,Female,Virginia,Entry,2023-06-01,172093.96
4352,Customer 4352,31,Female,California,Standard,2025-08-15,108297.5
4353,Customer 4353,58,Female,Florida,Standard,2022-02-25,35146.88
4354,Customer 4354,21,Other,North Carolina,Entry,2025-01-20,96297.58
4355,Customer 4355,47,Other,Virginia,Standard,2021-01-06,195778.22
4356,Customer 4356,22,Male,Ohio,High Value,2025-09-30,176323.61
4357,Customer 4357,57,Male,Michigan,High Value,2021-07-31,66498.87
4358,Customer 4358,25,Female,Florida,Mass Affluent,2025-04-30,166333.23
4359,Customer 4359,37,Other,Michigan,High Value,2022-07-27,158651.95
4360,Customer 4360,31,Female,New York,Mass Affluent,2021-12-22,75383.79
4361,Customer 4361,31,Male,Illinois,High Value,2021-01-14,38962.14
4362,Customer 4362,44,Other,Illinois,Standard,2025-07-17,217771.54
4363,Customer 4363,28,Other,New York,Standard,2021-05-02,92409.58
4364,Customer 4364,66,Other,Ohio,Mass Affluent,2025-06-19,218169.56
4365,Customer 4365,53,Other,North Carolina,Standard,2024-04-04,182931.37
4366,Customer 4366,60,Male,New York,Mass Affluent,2022-03-03,222532.35
4367,Customer 4367,75,Male,Georgia,Mass Affluent,2022-08-27,160261.01
4368,Customer 4368,21,Other,Ohio,Standard,2021-09-28,154152.74
4369,Customer 4369,55,Other,New York,High Value,2025-02-25,57791.63
4370,Customer 4370,38,Female,Texas,Mass Affluent,2025-06-04,223534.84
4371,Customer 4371,49,Female,Michigan,Entry,2021-04-28,98872.52
4372,Customer 4372,60,Other,Michigan,Mass Affluent,2025-11-27,239303.35
4373,Customer 4373,30,Male,Virginia,Entry,2021-08-30,73579.34
4374,Customer 4374,50,Female,Michigan,Standard,2023-09-13,91128.14
4375,Customer 4375,21,Female,California,Standard,2021-05-15,171001.79
4376,Customer 4376,34,Female,Illinois,High Value,2024-03-05,158910.51
4377,Customer 4377,46,Female,Texas,Mass Affluent,2022-01-06,51972.4
4378,Customer 4378,35,Other,Georgia,Mass Affluent,2023-02-02,237713.91
4379,Customer 4379,38,Female,Illinois,Mass Affluent,2025-10-17,176911.55
4380,Customer 4380,61,Female,Florida,Entry,2023-11-08,52634.84
4381,Customer 4381,65,Male,Michigan,Entry,2021-10-18,56502.42
4382,Customer 4382,70,Male,Ohio,High Value,2025-07-15,155638.02
4383,Customer 4383,63,Other,North Carolina,Standard,2021-11-21,99389.11
4384,Customer 4384,38,Male,New York,Mass Affluent,2021-10-09,185133.12
4385,Customer 4385,43,Other,New York,Standard,2021-05-09,108017.66
4386,Customer 4386,27,Female,New York,Mass Affluent,2022-10-13,52080.85
4387,Customer 4387,27,Female,New York,High Value,2024-08-03,143833.44
4388,Customer 4388,52,Other,Virginia,Mass Affluent,2023-06-24,87404.23
4389,Customer 4389,29,Female,Florida,Mass Affluent,2024-05-24,63731.59
4390,Customer 4390,53,Other,New York,Standard,2021-07-11,168222.16
4391,Customer 4391,41,Other,North Carolina,High Value,2024-10-15,159954.17
4392,Customer 4392,21,Female,North Carolina,Entry,2025-02-16,138380.4
4393,Customer 4393,52,Other,Georgia,Mass Affluent,2023-06-03,241561.33
4394,Customer 4394,69,Male,Michigan,Entry,2022-04-26,107943.83
4395,Customer 4395,60,Male,California,Standard,2023-01-04,132799.39
4396,Customer 4396,63,Female,Georgia,Standard,2024-01-17,42612.61
4397,Customer 4397,42,Other,North Carolina,Standard,2023-12-01,191753.0
4398,Customer 4398,33,Other,North Carolina,Mass Affluent,2023-12-23,243985.32
4399,Customer 4399,65,Female,Virginia,Mass Affluent,2022-10-19,118996.77
4400,Customer 4400,22,Other,North Carolina,Standard,2021-12-19,117537.69
4401,Customer 4401,63,Other,California,Standard,2021-09-14,97131.58
4402,Customer 4402,70,Other,Illinois,Standard,2022-03-20,47633.68
4403,Customer 4403,46,Male,North Carolina,Mass Affluent,2024-04-14,67974.97
4404,Customer 4404,43,Male,Texas,Mass Affluent,2025-11-16,107587.13
4405,Customer 4405,63,Other,Georgia,Mass Affluent,2025-06-18,196525.25
4406,Customer 4406,49,Male,North Carolina,Entry,2022-09-07,71514.65
4407,Customer 4407,37,Male,Ohio,High Value,2025-04-07,217237.96
4408,Customer 4408,71,Male,New York,Standard,2021-12-14,49181.69
4409,Customer 4409,57,Male,Michigan,High Value,2024-03-12,203373.42
4410,Customer 4410,65,Other,Georgia,Entry,2024-05-25,67453.01
4411,Customer 4411,49,Male,California,Entry,2024-11-21,117670.42
4412,Customer 4412,74,Female,Ohio,Standard,2022-06-22,124667.89
4413,Customer 4413,25,Female,Florida,High Value,2022-01-15,34127.87
4414,Customer 4414,60,Male,Ohio,High Value,2022-04-20,156482.58
4415,Customer 4415,44,Male,North Carolina,Mass Affluent,2022-05-19,59583.13
4416,Customer 4416,74,Female,Texas,High Value,2022-09-03,238920.3
4417,Customer 4417,45,Male,Ohio,Entry,2022-04-01,242319.92
4418,Customer 4418,30,Female,Virginia,High Value,2023-12-20,100481.58
4419,Customer 4419,46,Male,Georgia,High Value,2022-07-30,134280.36
4420,Customer 4420,29,Female,Florida,Mass Affluent,2023-06-12,185916.54
4421,Customer 4421,43,Male,Ohio,Standard,2024-12-31,80219.22
4422,Customer 4422,33,Female,Georgia,High Value,2021-12-22,127832.44
4423,Customer 4423,63,Male,New York,High Value,2023-05-22,75228.92
4424,Customer 4424,33,Female,Texas,High Value,2025-11-12,171441.11
4425,Customer 4425,60,Female,Florida,High Value,2025-06-12,242299.47
4426,Customer 4426,29,Male,Texas,Entry,2022-09-06,106772.53
4427,Customer 4427,39,Male,New York,Entry,2025-08-01,69308.97
4428,Customer 4428,63,Female,North Carolina,Standard,2023-08-21,134853.93
4429,Customer 4429,69,Male,Georgia,Mass Affluent,2023-05-11,203808.6
4430,Customer 4430,39,Male,Michigan,High Value,2024-05-22,210133.68
4431,Customer 4431,72,Male,Virginia,Standard,2023-05-28,218836.56
4432,Customer 4432,53,Other,Virginia,High Value,2021-07-24,249561.19
4433,Customer 4433,75,Female,Michigan,Mass Affluent,2025-09-08,67935.82
4434,Customer 4434,32,Male,California,Standard,2024-11-29,153279.62
4435,Customer 4435,40,Female,Florida,High Value,2023-07-01,199088.14
4436,Customer 4436,35,Female,Illinois,Entry,2021-12-11,201799.05
4437,Customer 4437,33,Other,Georgia,Standard,2025-06-19,128699.76
4438,Customer 4438,21,Male,Illinois,Standard,2025-04-08,199996.39
4439,Customer 4439,68,Male,Georgia,Mass Affluent,2023-01-28,121964.76
4440,Customer 4440,23,Female,Virginia,Mass Affluent,2024-03-08,73529.2
4441,Customer 4441,67,Other,Florida,High Value,2023-06-08,173624.13
4442,Customer 4442,59,Female,New York,Standard,2021-01-07,167680.72
4443,Customer 4443,51,Other,Florida,Mass Affluent,2022-10-03,50101.46
4444,Customer 4444,38,Male,Illinois,High Value,2025-01-27,213750.39
4445,Customer 4445,58,Male,Virginia,High Value,2021-03-08,87607.05
4446,Customer 4446,24,Female,Virginia,Entry,2023-05-26,192148.62
4447,Customer 4447,35,Female,North Carolina,Standard,2022-08-25,90677.62
4448,Customer 4448,24,Female,Georgia,High Value,2023-07-26,149291.09
4449,Customer 4449,74,Other,Illinois,Entry,2023-07-14,86409.59
4450,Customer 4450,75,Female,California,Entry,2023-04-29,196104.04
4451,Customer 4451,56,Male,Illinois,Standard,2023-04-08,224098.97
4452,Customer 4452,54,Female,North Carolina,High Value,2021-06-28,236444.14
4453,Customer 4453,49,Female,California,High Value,2021-11-02,32440.45
4454,Customer 4454,40,Female,Ohio,Entry,2023-11-25,172958.66
4455,Customer 4455,56,Female,Ohio,Standard,2025-09-12,244784.46
4456,Customer 4456,47,Female,Ohio,Standard,2023-01-15,227873.56
4457,Customer 4457,66,Male,Virginia,Standard,2022-04-12,231266.3
4458,Customer 4458,53,Male,New York,High Value,2024-04-27,117198.77
4459,Customer 4459,49,Other,New York,High Value,2024-08-13,209833.14
4460,Customer 4460,65,Male,North Carolina,Mass Affluent,2023-08-23,70268.01
4461,Customer 4461,47,Female,Virginia,Standard,2022-01-11,200742.34
4462,Customer 4462,22,Other,Virginia,Entry,2024-06-12,102401.3
4463,Customer 4463,69,Female,Michigan,High Value,2023-10-26,115186.38
4464,Customer 4464,34,Other,Georgia,Mass Affluent,2025-03-19,97029.58
4465,Customer 4465,31,Other,North Carolina,Entry,2025-07-24,247230.51
4466,Customer 4466,68,Female,Illinois,High Value,2021-02-19,215645.35
4467,Customer 4467,40,Other,California,Mass Affluent,2024-07-28,212255.88
4468,Customer 4468,50,Male,Florida,Entry,2024-11-23,198298.73
4469,Customer 4469,25,Other,Georgia,Entry,2025-04-16,36542.7
4470,Customer 4470,34,Male,Ohio,High Value,2023-03-12,118488.21
4471,Customer 4471,57,Other,Ohio,Entry,2021-11-30,72164.73
4472,Customer 4472,58,Other,California,High Value,2025-07-17,178038.86
4473,Customer 4473,73,Other,California,Entry,2024-03-06,56399.57
4474,Customer 4474,47,Other,Illinois,Mass Affluent,2021-11-12,199975.3
4475,Customer 4475,50,Male,Virginia,High Value,2022-04-23,147456.56
4476,Customer 4476,74,Female,Michigan,Standard,2025-08-12,67755.45
4477,Customer 4477,39,Male,Ohio,Mass Affluent,2024-04-17,187951.93
4478,Customer 4478,55,Other,New York,High Value,2024-04-26,178405.8
4479,Customer 4479,41,Female,Michigan,High Value,2022-05-02,54850.04
4480,Customer 4480,70,Other,Michigan,Entry,2023-01-05,128921.05
4481,Customer 4481,59,Male,Texas,Standard,2023-02-19,210295.73
4482,Customer 4482,33,Male,Illinois,Standard,2023-06-19,249171.51
4483,Customer 4483,31,Female,New York,Standard,2023-12-23,174911.57
4484,Customer 4484,72,Male,California,High Value,2022-05-18,132499.85
4485,Customer 4485,28,Female,Virginia,High Value,2024-01-09,115000.22
4486,Customer 4486,62,Female,New York,High Value,2023-02-11,105622.76
4487,Customer 4487,54,Other,Ohio,High Value,2024-08-14,113515.01
4488,Customer 4488,37,Other,California,High Value,2025-10-09,102284.87
4489,Customer 4489,49,Male,Texas,Entry,2022-02-14,41967.83
4490,Customer 4490,30,Female,Florida,High Value,2024-05-11,128178.64
4491,Customer 4491,34,Male,North Carolina,High Value,2021-04-09,143867.9
4492,Customer 4492,75,Male,Virginia,Mass Affluent,2025-11-09,118464.46
4493,Customer 4493,31,Other,Georgia,Mass Affluent,2023-12-19,173282.04
4494,Customer 4494,39,Female,North Carolina,Standard,2025-04-27,195498.5
4495,Customer 4495,63,Male,Virginia,Mass Affluent,2021-03-03,143594.83
4496,Customer 4496,58,Female,Michigan,Mass Affluent,2024-09-13,171148.91
4497,Customer 4497,61,Female,Texas,High Value,2023-08-15,122168.64
4498,Customer 4498,48,Other,Texas,Entry,2021-01-05,218887.5
4499,Customer 4499,72,Female,Georgia,Entry,2021-12-18,59134.97
4500,Customer 4500,23,Other,California,High Value,2024-02-16,82823.7
4501,Customer 4501,50,Male,California,Entry,2021-09-03,72816.03
4502,Customer 4502,38,Female,New York,Standard,2022-06-26,206675.1
4503,Customer 4503,61,Other,California,Standard,2023-02-21,103481.73
4504,Customer 4504,64,Female,Ohio,High Value,2023-12-05,69301.4
4505,Customer 4505,68,Female,California,Standard,2025-02-15,65707.38
4506,Customer 4506,44,Male,Georgia,High Value,2025-12-01,158824.71
4507,Customer 4507,35,Female,Illinois,Mass Affluent,2021-11-16,31970.09
4508,Customer 4508,38,Other,Virginia,Entry,2024-02-04,211041.98
4509,Customer 4509,24,Male,Michigan,Entry,2024-12-13,172785.54
4510,Customer 4510,21,Male,Florida,Mass Affluent,2023-07-09,112595.18
4511,Customer 4511,75,Other,Florida,High Value,2021-09-30,107424.73
4512,Customer 4512,65,Female,Florida,High Value,2022-04-01,183980.71
4513,Customer 4513,49,Female,Florida,High Value,2025-07-28,243597.41
4514,Customer 4514,46,Other,Florida,Mass Affluent,2025-11-25,56148.42
4515,Customer 4515,66,Other,Virginia,Entry,2025-11-26,84729.33
4516,Customer 4516,38,Other,Georgia,Entry,2023-01-27,63499.44
4517,Customer 4517,29,Male,Georgia,High Value,2022-02-09,113855.09
4518,Customer 4518,50,Other,Michigan,Entry,2025-07-11,92414.84
4519,Customer 4519,29,Female,Michigan,Standard,2021-05-31,154728.48
4520,Customer 4520,75,Other,California,Mass Affluent,2023-09-20,194668.84
4521,Customer 4521,32,Other,North Carolina,Entry,2022-06-10,70594.16
4522,Customer 4522,57,Other,California,High Value,2023-04-22,114442.96
4523,Customer 4523,25,Female,Michigan,Entry,2023-03-27,68922.56
4524,Customer 4524,45,Other,Michigan,Mass Affluent,2022-12-08,159357.3
4525,Customer 4525,59,Other,North Carolina,Mass Affluent,2025-02-18,77373.97
4526,Customer 4526,56,Other,Virginia,Entry,2025-03-20,152315.14
4527,Customer 4527,66,Female,Virginia,Mass Affluent,2023-08-09,111877.17
4528,Customer 4528,48,Male,Florida,High Value,2025-05-19,84352.99
4529,Customer 4529,32,Male,North Carolina,Standard,2023-12-12,226946.82
4530,Customer 4530,36,Male,Illinois,Mass Affluent,2025-07-24,162686.96
4531,Customer 4531,33,Other,Texas,Mass Affluent,2025-03-08,248029.27
4532,Customer 4532,21,Male,Ohio,High Value,2023-04-05,93710.43
4533,Customer 4533,62,Other,Virginia,Entry,2021-04-12,62294.7
4534,Customer 4534,67,Other,Texas,Standard,2024-06-17,193062.07
4535,Customer 4535,35,Male,Florida,High Value,2024-09-16,77899.97
4536,Customer 4536,22,Male,North Carolina,Entry,2021-08-31,100707.38
4537,Customer 4537,74,Other,Virginia,Mass Affluent,2024-07-25,37297.84
4538,Customer 4538,55,Female,Illinois,Entry,2024-06-09,95366.99
4539,Customer 4539,71,Other,California,Standard,2025-03-01,229889.96
4540,Customer 4540,60,Other,California,High Value,2022-11-06,144089.84
4541,Customer 4541,42,Male,Ohio,Entry,2022-04-24,248531.76
4542,Customer 4542,59,Male,Michigan,Standard,2023-05-27,152913.85
4543,Customer 4543,46,Male,Michigan,High Value,2024-06-24,172787.7
4544,Customer 4544,44,Female,North Carolina,Mass Affluent,2025-10-22,223456.29
4545,Customer 4545,51,Other,Illinois,Mass Affluent,2021-06-24,168148.46
4546,Customer 4546,49,Other,Georgia,Entry,2021-01-06,52110.89
4547,Customer 4547,48,Other,Illinois,Entry,2023-12-14,63645.74
4548,Customer 4548,62,Other,Florida,High Value,2025-04-15,98116.42
4549,Customer 4549,40,Female,Florida,High Value,2025-06-17,186380.67
4550,Customer 4550,35,Male,New York,Entry,2022-10-14,175304.75
4551,Customer 4551,75,Female,Texas,High Value,2022-10-09,41402.56
4552,Customer 4552,52,Male,California,High Value,2023-10-01,139192.39
4553,Customer 4553,24,Male,Georgia,High Value,2022-12-18,196665.25
4554,Customer 4554,63,Male,Ohio,Mass Affluent,2025-04-10,182902.15
4555,Customer 4555,60,Other,Michigan,High Value,2025-09-03,159972.98
4556,Customer 4556,51,Male,New York,Entry,2023-11-23,38869.25
4557,Customer 4557,67,Male,Florida,Standard,2022-09-03,90513.57
4558,Customer 4558,39,Other,Michigan,High Value,2023-07-08,201540.76
4559,Customer 4559,48,Male,Virginia,Entry,2023-10-08,220520.3
4560,Customer 4560,35,Female,Texas,High Value,2025-05-06,182202.21
4561,Customer 4561,47,Female,Texas,High Value,2023-08-22,203014.07
4562,Customer 4562,23,Other,North Carolina,Standard,2024-07-13,49762.25
4563,Customer 4563,36,Other,California,Standard,2024-11-24,47260.54
4564,Customer 4564,45,Male,Florida,High Value,2022-12-22,163104.08
4565,Customer 4565,56,Female,North Carolina,High Value,2021-05-31,105748.89
4566,Customer 4566,68,Male,Texas,Standard,2024-01-21,226943.46
4567,Customer 4567,37,Female,Michigan,Entry,2023-07-15,177196.91
4568,Customer 4568,59,Other,Texas,Entry,2022-05-25,40316.02
4569,Customer 4569,73,Female,Ohio,High Value,2023-10-05,92712.42
4570,Customer 4570,36,Male,Florida,Standard,2024-04-18,226413.46
4571,Customer 4571,55,Female,Ohio,Mass Affluent,2021-08-29,162925.54
4572,Customer 4572,66,Other,California,Mass Affluent,2025-06-03,47915.68
4573,Customer 4573,22,Other,New York,Entry,2024-01-11,116604.37
4574,Customer 4574,70,Other,Ohio,Mass Affluent,2021-11-25,143023.13
4575,Customer 4575,55,Other,Georgia,Standard,2025-08-08,168235.25
4576,Customer 4576,68,Male,Virginia,High Value,2024-11-21,63341.39
4577,Customer 4577,31,Other,Illinois,High Value,2022-10-21,243581.75
4578,Customer 4578,39,Other,Georgia,Mass Affluent,2023-02-22,220729.36
4579,Customer 4579,36,Female,Georgia,Mass Affluent,2025-01-19,74019.26
4580,Customer 4580,59,Female,Florida,Standard,2022-01-24,217000.92
4581,Customer 4581,53,Male,Georgia,Entry,2023-10-28,39365.73
4582,Customer 4582,59,Other,Virginia,High Value,2025-01-14,161247.79
4583,Customer 4583,64,Other,Texas,High Value,2021-03-26,148987.31
4584,Customer 4584,73,Other,Florida,Mass Affluent,2025-01-20,47349.37
4585,Customer 4585,64,Male,Georgia,Entry,2022-02-13,52057.19
4586,Customer 4586,55,Female,North Carolina,Standard,2022-11-18,153392.99
4587,Customer 4587,31,Female,New York,Mass Affluent,2022-12-04,174790.71
4588,Customer 4588,59,Other,Georgia,High Value,2021-08-17,94959.1
4589,Customer 4589,72,Other,California,Mass Affluent,2023-07-21,33979.68
4590,Customer 4590,59,Female,Ohio,Entry,2022-04-08,135029.55
4591,Customer 4591,44,Other,Florida,Standard,2022-07-13,135654.49
4592,Customer 4592,71,Male,North Carolina,Mass Affluent,2024-11-30,232077.45
4593,Customer 4593,26,Female,Texas,Standard,2022-02-07,115888.33
4594,Customer 4594,73,Other,Michigan,Standard,2021-05-31,190422.83
4595,Customer 4595,38,Female,Virginia,Entry,2024-03-26,249516.48
4596,Customer 4596,47,Male,New York,Standard,2021-09-28,184687.06
4597,Customer 4597,45,Male,Illinois,Mass Affluent,2024-03-26,244769.07
4598,Customer 4598,68,Female,Texas,Standard,2021-10-10,33617.65
4599,Customer 4599,52,Other,Virginia,High Value,2023-02-05,77538.0
4600,Customer 4600,54,Female,Ohio,Standard,2023-03-07,234187.8
4601,Customer 4601,46,Male,Ohio,Entry,2021-04-17,117078.14
4602,Customer 4602,74,Male,Illinois,High Value,2023-06-08,58438.45
4603,Customer 4603,62,Male,Georgia,Standard,2023-12-24,214232.33
4604,Customer 4604,55,Other,Texas,High Value,2024-07-01,219107.84
4605,Customer 4605,23,Other,Texas,Mass Affluent,2024-04-16,42914.5
4606,Customer 4606,36,Other,Ohio,Mass Affluent,2025-02-26,110264.02
4607,Customer 4607,59,Female,Illinois,Mass Affluent,2021-02-17,181483.1
4608,Customer 4608,50,Female,Michigan,Entry,2025-04-21,183145.04
4609,Customer 4609,35,Male,Michigan,Mass Affluent,2023-01-21,243218.68
4610,Customer 4610,24,Other,North Carolina,Entry,2021-03-27,39459.54
4611,Customer 4611,50,Female,Virginia,Standard,2025-11-03,175548.97
4612,Customer 4612,72,Female,Michigan,Mass Affluent,2022-06-12,39645.84
4613,Customer 4613,68,Other,Michigan,Standard,2022-08-09,182566.87
4614,Customer 4614,35,Other,Texas,High Value,2022-11-06,152636.35
4615,Customer 4615,56,Male,North Carolina,Entry,2024-07-15,106529.37
4616,Customer 4616,54,Male,Florida,Standard,2022-12-19,197659.59
4617,Customer 4617,46,Male,California,Standard,2023-03-27,62869.77
4618,Customer 4618,60,Female,Ohio,Standard,2023-10-08,183870.5
4619,Customer 4619,21,Male,Georgia,High Value,2023-02-18,208389.22
4620,Customer 4620,29,Female,North Carolina,Entry,2025-09-18,36706.34
4621,Customer 4621,39,Female,California,Entry,2021-01-22,228395.48
4622,Customer 4622,22,Male,New York,Standard,2023-04-12,205950.94
4623,Customer 4623,44,Other,Illinois,High Value,2021-05-09,45621.38
4624,Customer 4624,64,Male,Texas,Entry,2022-02-12,80687.88
4625,Customer 4625,61,Male,Georgia,Entry,2025-01-26,207971.93
4626,Customer 4626,48,Male,Illinois,Entry,2022-10-10,155857.95
4627,Customer 4627,29,Male,Florida,Standard,2023-02-04,46511.73
4628,Customer 4628,58,Female,Florida,Entry,2022-05-18,154776.88
4629,Customer 4629,66,Female,Florida,Standard,2021-04-26,77034.71
4630,Customer 4630,72,Female,Virginia,High Value,2024-10-24,100249.94
4631,Customer 4631,28,Other,Texas,Entry,2023-08-01,125639.99
4632,Customer 4632,40,Other,Georgia,Mass Affluent,2025-03-03,124530.74
4633,Customer 4633,28,Other,New York,Mass Affluent,2023-03-07,223843.5
4634,Customer 4634,59,Female,Florida,Entry,2025-01-01,117117.38
4635,Customer 4635,44,Other,Virginia,High Value,2021-01-15,199839.28
4636,Customer 4636,68,Other,Virginia,Entry,2022-05-13,206283.55
4637,Customer 4637,55,Female,New York,High Value,2021-07-01,207256.35
4638,Customer 4638,57,Male,California,High Value,2021-07-25,162763.4
4639,Customer 4639,52,Male,New York,Mass Affluent,2023-06-05,217067.95
4640,Customer 4640,65,Other,Michigan,Entry,2021-10-22,76794.31
4641,Customer 4641,29,Male,Michigan,Entry,2024-10-29,93601.08
4642,Customer 4642,32,Other,California,Standard,2021-03-23,82816.07
4643,Customer 4643,73,Female,Virginia,Entry,2021-12-02,165808.53
4644,Customer 4644,62,Male,Florida,Mass Affluent,2024-04-30,126645.13
4645,Customer 4645,60,Other,California,Mass Affluent,2022-04-30,188604.61
4646,Customer 4646,42,Other,California,High Value,2025-11-12,60065.35
4647,Customer 4647,32,Male,Michigan,High Value,2024-11-05,85299.68
4648,Customer 4648,25,Female,Michigan,Mass Affluent,2021-01-01,80149.7
4649,Customer 4649,32,Other,Florida,Standard,2025-06-24,60426.02
4650,Customer 4650,52,Other,Texas,Mass Affluent,2022-09-01,225680.76
4651,Customer 4651,72,Other,Virginia,Standard,2021-01-19,210373.22
4652,Customer 4652,26,Female,Florida,Standard,2025-11-01,57904.3
4653,Customer 4653,24,Female,Illinois,Entry,2023-03-08,155046.68
4654,Customer 4654,60,Male,New York,Mass Affluent,2024-06-01,57349.76
4655,Customer 4655,66,Female,Florida,Mass Affluent,2021-01-08,76957.7
4656,Customer 4656,32,Female,California,Mass Affluent,2021-11-13,138407.89
4657,Customer 4657,50,Male,New York,High Value,2023-08-16,121116.84
4658,Customer 4658,53,Other,Ohio,Entry,2025-01-26,118398.0
4659,Customer 4659,67,Female,Ohio,Entry,2022-09-04,30758.78
4660,Customer 4660,44,Male,New York,Entry,2024-02-18,205465.5
4661,Customer 4661,60,Female,California,Standard,2022-11-18,59759.85
4662,Customer 4662,26,Other,Ohio,Entry,2022-08-13,204038.79
4663,Customer 4663,67,Male,California,Entry,2022-09-02,89454.7
4664,Customer 4664,62,Female,Virginia,Standard,2024-10-15,141394.7
4665,Customer 4665,50,Female,California,Standard,2023-05-27,155218.42
4666,Customer 4666,74,Female,California,High Value,2021-01-05,215409.32
4667,Customer 4667,66,Female,New York,Standard,2022-05-17,169544.4
4668,Customer 4668,72,Female,Florida,Entry,2025-06-14,190364.27
4669,Customer 4669,57,Female,Florida,Standard,2022-08-03,160902.77
4670,Customer 4670,58,Male,Texas,Mass Affluent,2024-08-15,245806.84
4671,Customer 4671,70,Other,Virginia,Standard,2024-12-02,215264.98
4672,Customer 4672,71,Male,Florida,Entry,2024-05-10,37563.97
4673,Customer 4673,60,Female,Illinois,High Value,2025-02-24,220690.59
4674,Customer 4674,65,Other,New York,Mass Affluent,2024-05-08,211180.13
4675,Customer 4675,48,Female,New York,Mass Affluent,2025-05-07,58993.38
4676,Customer 4676,58,Female,Georgia,High Value,2022-04-01,58767.7
4677,Customer 4677,66,Other,Michigan,High Value,2021-11-18,175317.24
4678,Customer 4678,42,Other,Florida,Standard,2021-08-02,80155.26
4679,Customer 4679,21,Other,Texas,Mass Affluent,2021-02-03,180712.32
4680,Customer 4680,68,Other,California,Mass Affluent,2023-06-14,230116.2
4681,Customer 4681,58,Other,Florida,Entry,2025-07-31,96037.67
4682,Customer 4682,61,Male,Illinois,Entry,2025-08-21,187329.14
4683,Customer 4683,53,Other,Virginia,High Value,2025-03-09,216393.84
4684,Customer 4684,53,Other,California,Mass Affluent,2025-05-05,75106.5
4685,Customer 4685,62,Other,Virginia,High Value,2023-12-13,102562.11
4686,Customer 4686,75,Female,Texas,Entry,2024-01-25,144874.44
4687,Customer 4687,65,Male,New York,Standard,2023-02-27,156617.6
4688,Customer 4688,46,Female,Virginia,Standard,2023-01-28,116111.3
4689,Customer 4689,64,Female,North Carolina,Entry,2025-03-23,181073.68
4690,Customer 4690,38,Other,Georgia,Mass Affluent,2024-06-30,224390.69
4691,Customer 4691,36,Male,Michigan,Entry,2024-01-15,63916.36
4692,Customer 4692,72,Male,Ohio,High Value,2023-03-20,156264.62
4693,Customer 4693,47,Male,Georgia,Entry,2021-10-16,59129.86
4694,Customer 4694,47,Female,Illinois,Standard,2021-07-22,191140.08
4695,Customer 4695,53,Female,Florida,Standard,2024-11-02,139837.69
4696,Customer 4696,46,Female,Illinois,Standard,2023-12-07,225462.85
4697,Customer 4697,27,Male,Florida,Entry,2022-12-23,124809.75
4698,Customer 4698,21,Male,Georgia,Entry,2021-01-12,104267.27
4699,Customer 4699,72,Female,North Carolina,Mass Affluent,2025-05-31,94057.43
4700,Customer 4700,43,Male,Georgia,Entry,2021-04-28,107638.05
4701,Customer 4701,27,Male,California,Standard,2022-10-28,219546.47
4702,Customer 4702,25,Other,Michigan,Entry,2022-06-17,235249.74
4703,Customer 4703,30,Male,New York,Entry,2021-01-11,230672.86
4704,Customer 4704,22,Other,New York,Standard,2023-05-23,210528.09
4705,Customer 4705,23,Other,Texas,Entry,2025-11-12,34373.57
4706,Customer 4706,47,Male,Ohio,Standard,2022-05-18,208175.87
4707,Customer 4707,30,Male,North Carolina,Entry,2022-07-03,43367.89
4708,Customer 4708,72,Other,Illinois,High Value,2021-04-03,148922.62
4709,Customer 4709,55,Male,Ohio,Standard,2025-02-16,194275.67
4710,Customer 4710,38,Other,Michigan,High Value,2022-03-12,158453.99
4711,Customer 4711,61,Male,Michigan,Entry,2023-06-07,161202.86
4712,Customer 4712,75,Other,Virginia,Mass Affluent,2025-11-13,214953.92
4713,Customer 4713,30,Other,Florida,High Value,2022-11-21,76143.88
4714,Customer 4714,60,Female,North Carolina,High Value,2023-03-09,95741.3
4715,Customer 4715,50,Male,Illinois,Entry,2021-03-28,195394.26
4716,Customer 4716,40,Other,Ohio,Standard,2023-10-05,139618.38
4717,Customer 4717,35,Other,Florida,High Value,2024-08-01,225419.65
4718,Customer 4718,74,Other,North Carolina,High Value,2024-04-12,60878.28
4719,Customer 4719,21,Male,Michigan,Standard,2023-06-05,89458.27
4720,Customer 4720,72,Male,New York,High Value,2024-08-25,107830.33
4721,Customer 4721,59,Male,Illinois,Standard,2023-12-23,164315.32
4722,Customer 4722,22,Female,New York,Standard,2025-11-19,63784.27
4723,Customer 4723,27,Other,Virginia,Entry,2022-04-11,133656.3
4724,Customer 4724,48,Female,Illinois,Standard,2023-12-27,240246.85
4725,Customer 4725,63,Female,Texas,Entry,2021-08-21,192319.1
4726,Customer 4726,54,Other,California,Mass Affluent,2024-11-07,30812.58
4727,Customer 4727,69,Other,California,Standard,2023-12-06,203075.73
4728,Customer 4728,46,Other,North Carolina,Standard,2023-12-01,53324.66
4729,Customer 4729,31,Male,New York,Mass Affluent,2023-05-11,243636.29
4730,Customer 4730,22,Other,Illinois,Entry,2023-05-30,187614.93
4731,Customer 4731,38,Male,Virginia,Entry,2025-03-30,214501.6
4732,Customer 4732,54,Male,Texas,Entry,2022-08-23,72343.36
4733,Customer 4733,45,Female,California,Mass Affluent,2021-01-06,174584.71
4734,Customer 4734,64,Male,Illinois,High Value,2024-08-08,245979.72
4735,Customer 4735,72,Male,Virginia,Mass Affluent,2023-12-21,94878.23
4736,Customer 4736,45,Female,Illinois,Standard,2021-10-28,121150.28
4737,Customer 4737,58,Male,Georgia,Mass Affluent,2024-01-29,81824.64
4738,Customer 4738,67,Male,New York,Entry,2023-08-01,56190.37
4739,Customer 4739,53,Other,Ohio,Mass Affluent,2024-07-03,224458.76
4740,Customer 4740,51,Other,Michigan,High Value,2022-04-12,37900.54
4741,Customer 4741,71,Female,Illinois,Standard,2025-07-23,222042.64
4742,Customer 4742,55,Other,Virginia,High Value,2025-01-03,177641.74
4743,Customer 4743,38,Female,Virginia,Standard,2024-02-05,184718.73
4744,Customer 4744,61,Female,Georgia,Entry,2021-05-25,99071.24
4745,Customer 4745,58,Other,Texas,High Value,2022-02-19,215458.44
4746,Customer 4746,34,Female,North Carolina,High Value,2025-03-14,107603.32
4747,Customer 4747,41,Female,Michigan,High Value,2021-05-13,152721.8
4748,Customer 4748,44,Other,Michigan,Entry,2022-09-12,66882.62
4749,Customer 4749,56,Male,North Carolina,Standard,2025-08-21,151108.69
4750,Customer 4750,47,Male,North Carolina,High Value,2023-06-27,219473.8
4751,Customer 4751,64,Female,Georgia,High Value,2021-02-04,63206.29
4752,Customer 4752,46,Other,Texas,Mass Affluent,2024-04-30,55193.58
4753,Customer 4753,71,Other,Michigan,High Value,2024-07-17,169047.66
4754,Customer 4754,68,Male,North Carolina,High Value,2022-11-15,64030.99
4755,Customer 4755,62,Other,North Carolina,Entry,2024-03-07,216413.6
4756,Customer 4756,69,Male,North Carolina,Mass Affluent,2025-05-25,209405.46
4757,Customer 4757,62,Female,Ohio,Entry,2021-02-24,115365.27
4758,Customer 4758,75,Other,Ohio,High Value,2025-04-07,40356.57
4759,Customer 4759,29,Male,Virginia,Mass Affluent,2024-04-15,159685.53
4760,Customer 4760,45,Other,Michigan,Mass Affluent,2021-10-22,79258.81
4761,Customer 4761,53,Other,Georgia,Standard,2024-12-17,163643.83
4762,Customer 4762,23,Male,Illinois,High Value,2023-07-20,122559.09
4763,Customer 4763,50,Other,Michigan,Entry,2022-11-03,219695.48
4764,Customer 4764,67,Male,New York,Standard,2025-05-23,107948.91
4765,Customer 4765,21,Female,Virginia,Mass Affluent,2023-07-03,192741.72
4766,Customer 4766,31,Other,New York,High Value,2025-04-18,101039.01
4767,Customer 4767,61,Male,Illinois,Entry,2022-11-28,178746.21
4768,Customer 4768,43,Male,Texas,Entry,2021-03-09,165930.81
4769,Customer 4769,68,Male,North Carolina,Standard,2024-10-15,186399.84
4770,Customer 4770,37,Male,Florida,Standard,2022-07-28,246008.23
4771,Customer 4771,34,Male,Texas,Standard,2024-01-06,44056.11
4772,Customer 4772,24,Other,Texas,Mass Affluent,2023-09-17,235965.98
4773,Customer 4773,71,Female,Ohio,Mass Affluent,2024-08-20,118131.2
4774,Customer 4774,28,Female,Georgia,High Value,2023-06-29,193604.01
4775,Customer 4775,61,Female,Virginia,Entry,2024-04-08,148299.91
4776,Customer 4776,30,Male,Florida,Standard,2025-11-25,108575.31
4777,Customer 4777,39,Female,Georgia,Entry,2023-11-16,156391.1
4778,Customer 4778,22,Male,Georgia,Entry,2022-08-24,239831.35
4779,Customer 4779,22,Male,Georgia,Mass Affluent,2025-07-26,236278.98
4780,Customer 4780,41,Female,New York,Entry,2024-06-09,141327.02
4781,Customer 4781,28,Female,Michigan,Entry,2022-03-03,110531.33
4782,Customer 4782,31,Other,California,Entry,2024-12-17,81374.71
4783,Customer 4783,46,Other,New York,High Value,2023-11-09,60075.13
4784,Customer 4784,26,Female,North Carolina,Standard,2025-08-27,232788.66
4785,Customer 4785,40,Other,California,Mass Affluent,2024-09-17,79860.61
4786,Customer 4786,26,Female,Illinois,High Value,2022-09-07,150997.85
4787,Customer 4787,68,Female,North Carolina,Mass Affluent,2024-07-07,158277.15
4788,Customer 4788,45,Male,Virginia,Mass Affluent,2025-06-21,95976.04
4789,Customer 4789,45,Female,Florida,Entry,2025-06-16,68870.92
4790,Customer 4790,43,Other,Michigan,Standard,2021-09-08,149849.26
4791,Customer 4791,26,Other,Virginia,Standard,2024-08-24,192959.21
4792,Customer 4792,28,Female,Texas,Entry,2024-06-02,30646.23
4793,Customer 4793,31,Male,Texas,High Value,2021-01-27,118987.69
4794,Customer 4794,25,Other,Florida,High Value,2024-02-05,80143.85
4795,Customer 4795,40,Female,Virginia,Entry,2025-04-13,183791.11
4796,Customer 4796,66,Other,Florida,Mass Affluent,2021-04-30,182678.87
4797,Customer 4797,49,Female,Ohio,Mass Affluent,2025-07-19,160128.09
4798,Customer 4798,29,Other,Georgia,Standard,2025-01-12,176176.34
4799,Customer 4799,33,Male,California,Entry,2022-05-10,241583.5
4800,Customer 4800,43,Other,Ohio,Entry,2024-07-23,185557.64
4801,Customer 4801,28,Other,New York,Entry,2022-01-19,112964.55
4802,Customer 4802,28,Other,Georgia,Entry,2023-07-31,121049.85
4803,Customer 4803,21,Male,Illinois,Entry,2021-06-09,231359.53
4804,Customer 4804,32,Male,California,Mass Affluent,2022-07-24,59400.69
4805,Customer 4805,35,Female,Michigan,High Value,2024-12-02,45921.52
4806,Customer 4806,67,Female,Georgia,Mass Affluent,2022-03-04,226042.72
4807,Customer 4807,43,Other,Ohio,High Value,2023-09-27,134357.66
4808,Customer 4808,60,Male,Illinois,Mass Affluent,2023-07-16,169846.23
4809,Customer 4809,73,Female,Texas,Standard,2022-07-20,94628.45
4810,Customer 4810,31,Male,New York,Standard,2024-06-17,43786.76
4811,Customer 4811,75,Female,Illinois,Entry,2022-09-15,223970.06
4812,Customer 4812,72,Female,Ohio,High Value,2021-10-14,150908.8
4813,Customer 4813,52,Male,Georgia,Mass Affluent,2022-05-20,44626.56
4814,Customer 4814,71,Female,Georgia,Standard,2024-04-12,108323.31
4815,Customer 4815,31,Other,California,Entry,2025-04-02,180768.0
4816,Customer 4816,75,Female,Texas,Standard,2023-02-09,163728.31
4817,Customer 4817,34,Other,Illinois,High Value,2021-02-23,244016.6
4818,Customer 4818,72,Female,Illinois,High Value,2025-03-02,190293.62
4819,Customer 4819,74,Female,Florida,Standard,2022-03-03,222501.06
4820,Customer 4820,51,Male,California,Mass Affluent,2023-03-29,155985.84
4821,Customer 4821,51,Male,New York,High Value,2022-09-08,85592.01
4822,Customer 4822,38,Female,Texas,Standard,2023-01-10,181060.3
4823,Customer 4823,58,Male,California,Standard,2022-08-22,50414.9
4824,Customer 4824,65,Other,Virginia,Entry,2022-06-18,159721.99
4825,Customer 4825,34,Male,California,High Value,2022-10-11,93692.91
4826,Customer 4826,41,Female,New York,Entry,2024-04-09,139020.36
4827,Customer 4827,48,Male,North Carolina,Mass Affluent,2023-06-11,41388.86
4828,Customer 4828,72,Female,North Carolina,High Value,2023-12-19,43150.4
4829,Customer 4829,65,Other,Virginia,Mass Affluent,2025-01-20,48870.3
4830,Customer 4830,58,Male,Illinois,High Value,2022-02-27,236430.12
4831,Customer 4831,35,Female,Virginia,Entry,2022-05-28,67582.65
4832,Customer 4832,72,Male,Virginia,High Value,2021-08-01,150734.38
4833,Customer 4833,23,Other,Georgia,Standard,2021-07-19,123113.83
4834,Customer 4834,42,Female,Ohio,Entry,2021-09-21,171309.26
4835,Customer 4835,74,Male,California,Entry,2024-08-27,210832.99
4836,Customer 4836,33,Male,Texas,Standard,2024-09-06,237254.45
4837,Customer 4837,66,Other,New York,High Value,2022-01-03,118933.76
4838,Customer 4838,32,Male,Ohio,Mass Affluent,2021-04-19,240966.28
4839,Customer 4839,42,Other,Illinois,High Value,2023-06-04,178561.63
4840,Customer 4840,29,Male,Florida,High Value,2025-08-29,51084.28
4841,Customer 4841,30,Male,Georgia,Entry,2025-06-03,135687.92
4842,Customer 4842,41,Male,Florida,Standard,2021-07-31,192477.78
4843,Customer 4843,30,Male,Texas,Entry,2024-03-05,123371.28
4844,Customer 4844,34,Other,North Carolina,Mass Affluent,2022-05-27,58319.5
4845,Customer 4845,29,Female,Ohio,High Value,2025-10-13,248067.04
4846,Customer 4846,58,Male,California,Mass Affluent,2022-04-21,40382.14
4847,Customer 4847,29,Other,Ohio,High Value,2023-02-13,241393.66
4848,Customer 4848,60,Male,Texas,High Value,2025-02-22,196796.23
4849,Customer 4849,55,Female,New York,Mass Affluent,2022-06-09,156692.74
4850,Customer 4850,35,Other,California,Standard,2022-01-30,69937.8
4851,Customer 4851,28,Male,California,Mass Affluent,2023-02-15,191246.23
4852,Customer 4852,42,Female,Florida,Standard,2022-06-05,57772.89
4853,Customer 4853,32,Other,Georgia,Standard,2022-09-16,199953.32
4854,Customer 4854,60,Female,Georgia,High Value,2022-09-03,68117.78
4855,Customer 4855,53,Female,Georgia,Mass Affluent,2024-04-10,88876.99
4856,Customer 4856,24,Other,Michigan,Standard,2025-03-07,84453.79
4857,Customer 4857,50,Other,Virginia,Mass Affluent,2025-03-17,90880.14
4858,Customer 4858,56,Other,Illinois,Mass Affluent,2024-03-19,166802.7
4859,Customer 4859,35,Female,Georgia,High Value,2025-08-28,103613.84
4860,Customer 4860,45,Female,Illinois,Standard,2021-12-30,153798.52
4861,Customer 4861,38,Female,Georgia,Mass Affluent,2021-05-16,111341.03
4862,Customer 4862,61,Other,Ohio,Entry,2022-05-20,121627.6
4863,Customer 4863,38,Female,Illinois,Mass Affluent,2021-08-04,84826.99
4864,Customer 4864,58,Other,Illinois,Mass Affluent,2025-10-05,93479.59
4865,Customer 4865,70,Female,Georgia,Entry,2023-06-24,188329.42
4866,Customer 4866,35,Female,New York,Entry,2024-09-27,58002.0
4867,Customer 4867,70,Other,North Carolina,Standard,2024-07-22,194546.29
4868,Customer 4868,39,Male,Georgia,Entry,2021-11-12,233231.37
4869,Customer 4869,40,Male,Illinois,Entry,2021-11-05,47995.17
4870,Customer 4870,50,Other,Georgia,Mass Affluent,2024-08-05,193888.27
4871,Customer 4871,35,Female,Florida,Mass Affluent,2024-01-26,236840.96
4872,Customer 4872,47,Other,Illinois,Entry,2022-08-10,84197.22
4873,Customer 4873,22,Female,Texas,Entry,2024-03-29,190760.39
4874,Customer 4874,39,Other,Virginia,Mass Affluent,2021-10-29,165500.45
4875,Customer 4875,69,Other,Texas,Entry,2025-03-21,51159.93
4876,Customer 4876,35,Other,North Carolina,High Value,2025-10-29,52331.34
4877,Customer 4877,53,Other,New York,Entry,2025-05-20,49444.59
4878,Customer 4878,22,Female,New York,Entry,2022-05-17,58775.72
4879,Customer 4879,51,Other,California,High Value,2021-05-01,237456.67
4880,Customer 4880,55,Other,Georgia,Entry,2022-07-15,240963.69
4881,Customer 4881,22,Other,California,Entry,2024-12-28,191021.41
4882,Customer 4882,34,Male,California,High Value,2024-03-21,245390.06
4883,Customer 4883,71,Male,Michigan,Standard,2023-03-27,202259.39
4884,Customer 4884,46,Male,Illinois,Standard,2023-06-25,214432.3
4885,Customer 4885,58,Other,California,Entry,2025-03-14,215338.56
4886,Customer 4886,43,Female,New York,Mass Affluent,2022-08-31,161526.54
4887,Customer 4887,29,Other,Michigan,Standard,2023-08-01,32496.6
4888,Customer 4888,73,Other,Florida,High Value,2023-03-21,248564.69
4889,Customer 4889,32,Other,Georgia,Entry,2021-08-13,188093.16
4890,Customer 4890,50,Male,Michigan,Entry,2024-03-07,129329.52
4891,Customer 4891,22,Female,North Carolina,Mass Affluent,2024-10-08,78059.18
4892,Customer 4892,59,Male,Ohio,High Value,2022-03-28,240305.16
4893,Customer 4893,31,Female,Michigan,High Value,2021-08-09,54989.49
4894,Customer 4894,66,Male,Michigan,Standard,2025-05-09,190903.95
4895,Customer 4895,69,Male,New York,Mass Affluent,2021-03-11,80957.24
4896,Customer 4896,34,Female,Georgia,Entry,2022-07-11,174494.12
4897,Customer 4897,64,Female,North Carolina,High Value,2022-02-25,91918.31
4898,Customer 4898,57,Other,Florida,High Value,2025-08-18,190241.49
4899,Customer 4899,48,Female,Michigan,Mass Affluent,2021-05-26,38293.39
4900,Customer 4900,55,Male,Texas,Entry,2022-05-30,32292.82
4901,Customer 4901,58,Other,Michigan,High Value,2022-08-03,199764.99
4902,Customer 4902,75,Female,California,High Value,2021-04-08,63114.87
4903,Customer 4903,74,Female,Georgia,High Value,2024-02-25,118923.63
4904,Customer 4904,23,Other,Texas,High Value,2024-01-20,84218.52
4905,Customer 4905,28,Male,Florida,Standard,2021-10-23,96519.95
4906,Customer 4906,30,Male,New York,Standard,2022-06-19,73445.99
4907,Customer 4907,24,Other,Virginia,High Value,2023-05-22,136845.96
4908,Customer 4908,27,Male,North Carolina,Entry,2024-04-26,42927.35
4909,Customer 4909,71,Female,Texas,High Value,2022-10-26,203957.45
4910,Customer 4910,34,Male,Texas,Standard,2021-08-26,233769.02
4911,Customer 4911,22,Male,Florida,Entry,2025-08-01,177181.52
4912,Customer 4912,31,Other,North Carolina,High Value,2021-01-09,93652.2
4913,Customer 4913,29,Other,Virginia,Standard,2021-09-02,99765.03
4914,Customer 4914,65,Male,Michigan,Mass Affluent,2023-09-20,243345.62
4915,Customer 4915,75,Other,Illinois,Entry,2023-09-03,113724.17
4916,Customer 4916,48,Male,Michigan,High Value,2025-10-28,82545.27
4917,Customer 4917,26,Male,Virginia,Standard,2025-06-04,165226.56
4918,Customer 4918,63,Female,Texas,Standard,2021-08-16,67250.24
4919,Customer 4919,30,Male,Illinois,Standard,2024-08-06,222935.28
4920,Customer 4920,66,Male,Texas,Standard,2021-06-05,77914.9
4921,Customer 4921,47,Other,Georgia,Mass Affluent,2021-04-16,115477.93
4922,Customer 4922,56,Female,Illinois,Standard,2023-04-13,66788.55
4923,Customer 4923,32,Other,Virginia,Standard,2022-10-24,226552.66
4924,Customer 4924,29,Other,Illinois,Standard,2021-01-05,137042.94
4925,Customer 4925,25,Other,Virginia,Standard,2025-07-15,144531.21
4926,Customer 4926,48,Female,Michigan,Standard,2023-01-06,141470.39
4927,Customer 4927,35,Male,Ohio,Standard,2024-05-09,53312.72
4928,Customer 4928,65,Other,Illinois,Entry,2024-07-11,129311.89
4929,Customer 4929,46,Male,Illinois,Standard,2024-09-20,201225.33
4930,Customer 4930,30,Male,Virginia,High Value,2022-08-30,130250.64
4931,Customer 4931,46,Male,Illinois,Entry,2023-03-10,110730.83
4932,Customer 4932,45,Male,Virginia,High Value,2022-06-15,175934.1
4933,Customer 4933,39,Other,Florida,High Value,2021-06-19,214543.09
4934,Customer 4934,73,Female,North Carolina,Entry,2021-01-11,219452.1
4935,Customer 4935,23,Other,North Carolina,Entry,2022-06-18,201166.46
4936,Customer 4936,21,Male,Georgia,Entry,2021-07-30,149128.98
4937,Customer 4937,64,Female,Texas,Entry,2021-05-01,59826.63
4938,Customer 4938,21,Female,Georgia,Mass Affluent,2021-10-16,72278.27
4939,Customer 4939,28,Male,Illinois,Mass Affluent,2025-01-14,60801.54
4940,Customer 4940,56,Male,California,Mass Affluent,2021-10-20,152334.61
4941,Customer 4941,21,Other,Florida,Entry,2022-08-05,101883.27
4942,Customer 4942,54,Male,Illinois,Standard,2021-11-15,37028.95
4943,Customer 4943,26,Male,North Carolina,Standard,2022-07-13,129521.65
4944,Customer 4944,28,Male,Illinois,High Value,2025-07-02,184996.83
4945,Customer 4945,43,Other,Ohio,Standard,2022-05-20,72732.78
4946,Customer 4946,49,Male,California,Mass Affluent,2025-05-16,233177.87
4947,Customer 4947,71,Female,Florida,High Value,2021-01-16,170702.45
4948,Customer 4948,44,Female,North Carolina,High Value,2024-09-23,161734.89
4949,Customer 4949,54,Male,Ohio,Mass Affluent,2023-08-10,233859.53
4950,Customer 4950,75,Male,Ohio,Standard,2021-02-05,52511.87
4951,Customer 4951,66,Female,New York,Standard,2022-08-13,46984.29
4952,Customer 4952,69,Male,North Carolina,High Value,2022-11-13,234563.68
4953,Customer 4953,39,Female,North Carolina,Entry,2022-06-22,205970.84
4954,Customer 4954,67,Other,California,High Value,2022-08-13,68562.96
4955,Customer 4955,53,Other,North Carolina,Mass Affluent,2024-08-06,34966.02
4956,Customer 4956,69,Female,Virginia,High Value,2022-03-31,178211.49
4957,Customer 4957,50,Other,Michigan,High Value,2022-04-11,176879.57
4958,Customer 4958,35,Other,Michigan,Entry,2021-07-19,85127.82
4959,Customer 4959,73,Other,Georgia,High Value,2022-05-06,100166.03
4960,Customer 4960,56,Female,Illinois,Entry,2022-11-11,202534.52
4961,Customer 4961,57,Female,Ohio,Standard,2024-04-28,71045.94
4962,Customer 4962,21,Female,Michigan,Entry,2025-02-17,154616.52
4963,Customer 4963,65,Female,Illinois,Mass Affluent,2021-04-11,144360.82
4964,Customer 4964,55,Female,Ohio,Entry,2025-06-29,44669.07
4965,Customer 4965,45,Female,Georgia,Entry,2021-04-10,82930.4
4966,Customer 4966,69,Female,Illinois,Entry,2023-07-16,226609.58
4967,Customer 4967,46,Female,California,Entry,2021-06-19,121162.39
4968,Customer 4968,47,Other,North Carolina,High Value,2022-04-02,95745.0
4969,Customer 4969,24,Male,Illinois,Mass Affluent,2024-02-05,169704.02
4970,Customer 4970,38,Male,Virginia,Entry,2023-11-15,165512.35
4971,Customer 4971,61,Other,Georgia,Standard,2021-11-26,89257.72
4972,Customer 4972,70,Female,California,Standard,2023-07-31,206595.62
4973,Customer 4973,21,Other,Florida,Mass Affluent,2025-07-21,82885.42
4974,Customer 4974,37,Male,New York,Standard,2021-10-16,142702.43
4975,Customer 4975,23,Female,Texas,Entry,2025-04-20,186076.37
4976,Customer 4976,28,Other,Illinois,Standard,2022-09-23,84252.11
4977,Customer 4977,46,Other,Texas,Standard,2025-11-24,147606.98
4978,Customer 4978,50,Female,Michigan,High Value,2022-10-08,114518.0
4979,Customer 4979,52,Other,Georgia,High Value,2025-09-05,65673.34
4980,Customer 4980,44,Female,Ohio,Mass Affluent,2021-12-03,249284.86
4981,Customer 4981,35,Other,California,Standard,2022-03-13,178644.44
4982,Customer 4982,43,Male,New York,High Value,2022-08-20,100874.87
4983,Customer 4983,72,Male,North Carolina,Entry,2024-01-07,79799.16
4984,Customer 4984,22,Male,Michigan,Entry,2022-07-27,116308.2
4985,Customer 4985,60,Other,Texas,Entry,2024-11-14,64744.96
4986,Customer 4986,39,Male,Michigan,Mass Affluent,2023-09-22,212428.47
4987,Customer 4987,40,Male,Georgia,Entry,2021-02-24,149146.3
4988,Customer 4988,32,Male,Illinois,Mass Affluent,2025-04-25,159874.86
4989,Customer 4989,45,Other,New York,Entry,2023-04-12,218856.33
4990,Customer 4990,21,Female,New York,Mass Affluent,2025-09-05,210269.48
4991,Customer 4991,23,Male,Texas,Mass Affluent,2025-03-20,159001.28
4992,Customer 4992,23,Female,North Carolina,Standard,2023-10-22,31669.78
4993,Customer 4993,23,Female,Texas,High Value,2021-11-06,53373.44
4994,Customer 4994,62,Male,New York,Standard,2022-05-06,166178.94
4995,Customer 4995,59,Female,Texas,High Value,2023-09-30,30453.57
4996,Customer 4996,22,Male,Michigan,Standard,2024-08-16,124663.12
4997,Customer 4997,30,Male,Illinois,Entry,2023-02-11,187419.26
4998,Customer 4998,38,Other,Virginia,High Value,2024-10-18,143107.01
4999,Customer 4999,43,Other,Florida,High Value,2023-01-25,189960.7
5000,Customer 5000,60,Male,New York,High Value,2024-04-01,92844.03
